user_id,food_name,rating
1,水煮鱼,5
1,鱼香肉丝,2
1,酸辣土豆丝,5
1,回锅肉,4
1,青椒土豆丝,2
1,蚝油生菜,4
1,红烧肉,5
1,紫菜蛋花汤,3
1,干煸豆角,1
1,土豆烧牛肉,2
1,麻婆豆腐,4
1,红烧排骨,3
1,葱爆羊肉,3
1,宫保鸡丁,2
1,西红柿鸡蛋汤,2
1,蒜蓉西兰花,3
1,韭菜炒鸡蛋,1
1,烧茄子,1
1,木耳炒肉,4
1,辣子鸡,1
1,香菇青菜,3
2,地三鲜,3
2,白切鸡,2
2,回锅肉,3
2,蚝油生菜,3
2,宫保鸡丁,2
2,酸辣土豆丝,3
2,干锅菜花,1
2,土豆烧牛肉,5
2,水煮鱼,2
2,京酱肉丝,5
2,麻婆豆腐,2
2,韭菜炒鸡蛋,2
2,辣子鸡,4
2,紫菜蛋花汤,4
2,糖醋里脊,3
2,蒜蓉西兰花,5
2,木耳炒肉,2
2,鱼香肉丝,3
2,酸菜鱼,1
2,干煸豆角,2
2,红烧肉,1
2,葱爆羊肉,3
2,手撕包菜,4
2,香菇青菜,3
2,烧茄子,1
2,青椒土豆丝,2
2,西红柿鸡蛋汤,5
2,冬瓜排骨汤,3
3,烧茄子,2
3,香菇青菜,2
3,京酱肉丝,5
3,紫菜蛋花汤,5
3,干锅菜花,3
3,红烧肉,5
3,回锅肉,4
4,红烧排骨,4
4,京酱肉丝,2
4,地三鲜,4
4,青椒土豆丝,1
4,红烧肉,3
4,蒜蓉西兰花,5
4,香菇青菜,2
4,麻婆豆腐,5
4,宫保鸡丁,1
4,水煮鱼,3
4,蚝油生菜,5
4,番茄炒蛋,5
4,葱爆羊肉,2
4,韭菜炒鸡蛋,2
4,西红柿鸡蛋汤,3
4,糖醋里脊,2
4,辣子鸡,5
4,木耳炒肉,5
4,回锅肉,1
4,白切鸡,5
4,冬瓜排骨汤,3
4,鱼香肉丝,4
4,干煸豆角,1
4,紫菜蛋花汤,1
4,酸菜鱼,3
4,手撕包菜,3
4,干锅菜花,2
4,土豆烧牛肉,1
4,酸辣土豆丝,2
5,红烧排骨,1
5,麻婆豆腐,3
5,西红柿鸡蛋汤,1
5,酸辣土豆丝,5
5,香菇青菜,5
5,冬瓜排骨汤,2
5,土豆烧牛肉,5
5,红烧肉,2
5,韭菜炒鸡蛋,1
5,蚝油生菜,1
5,木耳炒肉,1
5,番茄炒蛋,2
5,回锅肉,1
5,蒜蓉西兰花,1
5,葱爆羊肉,3
5,水煮鱼,1
5,白切鸡,5
5,京酱肉丝,2
5,地三鲜,3
5,干锅菜花,4
5,干煸豆角,2
5,糖醋里脊,5
5,紫菜蛋花汤,2
5,酸菜鱼,5
5,辣子鸡,5
5,烧茄子,4
5,鱼香肉丝,2
5,青椒土豆丝,4
5,手撕包菜,4
6,水煮鱼,4
6,紫菜蛋花汤,1
6,干煸豆角,1
6,葱爆羊肉,1
6,地三鲜,4
6,木耳炒肉,3
6,手撕包菜,1
7,糖醋里脊,4
7,紫菜蛋花汤,2
7,土豆烧牛肉,1
7,干锅菜花,4
7,红烧肉,5
7,葱爆羊肉,1
7,番茄炒蛋,1
7,回锅肉,5
8,鱼香肉丝,1
8,麻婆豆腐,5
8,手撕包菜,5
8,青椒土豆丝,1
8,番茄炒蛋,3
8,葱爆羊肉,1
8,香菇青菜,1
8,酸辣土豆丝,5
8,糖醋里脊,4
8,京酱肉丝,5
8,宫保鸡丁,5
8,蚝油生菜,2
8,烧茄子,1
8,紫菜蛋花汤,5
8,土豆烧牛肉,1
8,红烧肉,2
8,韭菜炒鸡蛋,1
8,冬瓜排骨汤,5
8,木耳炒肉,1
8,干锅菜花,2
8,干煸豆角,4
8,回锅肉,1
8,地三鲜,5
8,白切鸡,2
8,辣子鸡,5
8,西红柿鸡蛋汤,5
8,红烧排骨,1
9,麻婆豆腐,4
9,葱爆羊肉,5
9,干煸豆角,5
9,红烧排骨,1
9,木耳炒肉,1
9,蒜蓉西兰花,5
9,酸菜鱼,2
9,回锅肉,5
9,糖醋里脊,3
9,酸辣土豆丝,2
9,青椒土豆丝,3
9,韭菜炒鸡蛋,1
9,京酱肉丝,2
9,红烧肉,3
9,辣子鸡,3
9,白切鸡,2
9,番茄炒蛋,4
9,土豆烧牛肉,5
9,宫保鸡丁,3
9,鱼香肉丝,5
10,烧茄子,4
10,蒜蓉西兰花,3
10,鱼香肉丝,1
10,干煸豆角,1
10,土豆烧牛肉,3
10,辣子鸡,2
10,木耳炒肉,3
10,水煮鱼,2
10,红烧肉,4
10,回锅肉,5
10,韭菜炒鸡蛋,4
10,白切鸡,5
10,蚝油生菜,1
10,酸辣土豆丝,1
10,紫菜蛋花汤,1
10,西红柿鸡蛋汤,2
10,手撕包菜,5
10,红烧排骨,1
10,地三鲜,3
10,番茄炒蛋,5
10,京酱肉丝,5
10,干锅菜花,2
10,青椒土豆丝,4
10,麻婆豆腐,2
10,冬瓜排骨汤,1
10,酸菜鱼,3
11,西红柿鸡蛋汤,4
11,蚝油生菜,5
11,冬瓜排骨汤,2
11,宫保鸡丁,2
11,地三鲜,2
11,糖醋里脊,2
11,干煸豆角,4
11,青椒土豆丝,1
11,酸辣土豆丝,2
11,水煮鱼,3
11,紫菜蛋花汤,4
11,土豆烧牛肉,2
12,番茄炒蛋,4
12,蚝油生菜,3
12,韭菜炒鸡蛋,3
12,水煮鱼,2
12,京酱肉丝,2
12,宫保鸡丁,1
12,香菇青菜,2
12,青椒土豆丝,4
12,糖醋里脊,3
13,冬瓜排骨汤,5
13,麻婆豆腐,3
13,手撕包菜,1
13,回锅肉,1
13,地三鲜,3
13,烧茄子,2
13,蒜蓉西兰花,5
13,京酱肉丝,3
13,干煸豆角,1
14,白切鸡,3
14,葱爆羊肉,4
14,地三鲜,5
14,酸辣土豆丝,5
15,京酱肉丝,3
15,西红柿鸡蛋汤,1
15,红烧排骨,4
15,糖醋里脊,1
16,紫菜蛋花汤,5
16,蚝油生菜,3
16,土豆烧牛肉,4
16,干煸豆角,3
16,酸辣土豆丝,4
16,西红柿鸡蛋汤,3
16,手撕包菜,5
16,木耳炒肉,2
16,糖醋里脊,2
16,地三鲜,4
16,葱爆羊肉,4
16,麻婆豆腐,2
16,酸菜鱼,5
16,冬瓜排骨汤,5
16,水煮鱼,3
16,烧茄子,4
16,红烧肉,5
17,鱼香肉丝,2
17,辣子鸡,2
17,西红柿鸡蛋汤,1
17,糖醋里脊,1
17,葱爆羊肉,2
17,红烧排骨,4
17,白切鸡,5
17,烧茄子,1
17,酸菜鱼,4
17,干锅菜花,4
17,韭菜炒鸡蛋,5
17,酸辣土豆丝,2
17,木耳炒肉,4
17,蒜蓉西兰花,4
17,香菇青菜,4
17,京酱肉丝,2
17,手撕包菜,2
17,地三鲜,1
17,麻婆豆腐,1
17,干煸豆角,4
17,宫保鸡丁,2
17,红烧肉,2
17,番茄炒蛋,5
17,紫菜蛋花汤,4
17,冬瓜排骨汤,1
17,蚝油生菜,5
17,青椒土豆丝,2
18,水煮鱼,3
18,干锅菜花,2
18,红烧肉,3
18,蚝油生菜,3
18,西红柿鸡蛋汤,3
18,干煸豆角,5
18,蒜蓉西兰花,1
18,土豆烧牛肉,2
18,白切鸡,2
18,酸菜鱼,2
18,木耳炒肉,4
18,酸辣土豆丝,2
18,葱爆羊肉,2
18,手撕包菜,1
18,番茄炒蛋,4
18,地三鲜,4
18,韭菜炒鸡蛋,3
18,青椒土豆丝,5
18,京酱肉丝,4
18,冬瓜排骨汤,4
18,紫菜蛋花汤,1
18,烧茄子,2
18,红烧排骨,4
18,香菇青菜,4
18,宫保鸡丁,5
18,麻婆豆腐,1
18,辣子鸡,5
18,鱼香肉丝,4
19,鱼香肉丝,4
19,地三鲜,3
19,辣子鸡,4
19,手撕包菜,2
19,京酱肉丝,4
19,葱爆羊肉,2
19,土豆烧牛肉,5
19,酸辣土豆丝,5
19,白切鸡,1
19,青椒土豆丝,4
19,香菇青菜,5
19,烧茄子,5
19,回锅肉,1
19,木耳炒肉,1
19,干煸豆角,4
19,紫菜蛋花汤,2
20,干锅菜花,2
20,番茄炒蛋,1
20,宫保鸡丁,5
20,回锅肉,2
20,京酱肉丝,2
20,酸菜鱼,2
20,糖醋里脊,4
20,紫菜蛋花汤,1
20,手撕包菜,5
20,干煸豆角,2
20,蚝油生菜,4
20,木耳炒肉,3
20,葱爆羊肉,3
20,红烧排骨,2
20,麻婆豆腐,5
20,青椒土豆丝,5
20,鱼香肉丝,1
20,地三鲜,2
20,蒜蓉西兰花,3
20,土豆烧牛肉,1
20,西红柿鸡蛋汤,5
20,水煮鱼,1
20,冬瓜排骨汤,3
20,酸辣土豆丝,5
20,辣子鸡,4
20,烧茄子,4
20,红烧肉,2
20,白切鸡,1
21,韭菜炒鸡蛋,1
21,木耳炒肉,4
21,烧茄子,4
21,青椒土豆丝,1
21,水煮鱼,4
21,紫菜蛋花汤,3
21,辣子鸡,4
21,干煸豆角,2
21,白切鸡,4
21,蚝油生菜,2
21,红烧排骨,5
21,宫保鸡丁,3
21,地三鲜,5
21,葱爆羊肉,5
21,土豆烧牛肉,4
21,手撕包菜,4
21,回锅肉,4
21,酸菜鱼,5
21,番茄炒蛋,3
22,冬瓜排骨汤,3
22,青椒土豆丝,1
22,木耳炒肉,4
22,麻婆豆腐,3
22,回锅肉,2
22,干锅菜花,4
22,西红柿鸡蛋汤,2
22,手撕包菜,3
22,红烧排骨,3
22,白切鸡,3
22,京酱肉丝,3
23,白切鸡,4
23,韭菜炒鸡蛋,5
23,回锅肉,3
23,土豆烧牛肉,3
23,鱼香肉丝,4
23,蒜蓉西兰花,3
23,糖醋里脊,3
23,麻婆豆腐,3
23,青椒土豆丝,2
23,葱爆羊肉,1
23,香菇青菜,2
23,木耳炒肉,3
23,干煸豆角,1
23,紫菜蛋花汤,5
23,手撕包菜,2
23,红烧排骨,2
23,京酱肉丝,2
23,蚝油生菜,4
23,宫保鸡丁,3
23,红烧肉,5
23,水煮鱼,5
23,酸辣土豆丝,5
23,辣子鸡,3
23,西红柿鸡蛋汤,1
23,番茄炒蛋,2
23,酸菜鱼,3
23,冬瓜排骨汤,2
23,地三鲜,3
23,干锅菜花,2
24,鱼香肉丝,4
24,韭菜炒鸡蛋,1
24,土豆烧牛肉,1
24,红烧肉,5
24,回锅肉,3
24,宫保鸡丁,4
24,手撕包菜,4
24,冬瓜排骨汤,4
24,辣子鸡,3
24,木耳炒肉,2
25,回锅肉,4
25,冬瓜排骨汤,1
26,麻婆豆腐,3
26,京酱肉丝,5
26,香菇青菜,5
26,紫菜蛋花汤,1
26,红烧排骨,5
26,烧茄子,1
26,干煸豆角,2
26,宫保鸡丁,2
26,红烧肉,3
26,酸辣土豆丝,1
26,蚝油生菜,2
26,辣子鸡,2
26,木耳炒肉,2
26,青椒土豆丝,5
26,水煮鱼,1
26,回锅肉,2
26,西红柿鸡蛋汤,1
26,糖醋里脊,4
26,白切鸡,4
26,地三鲜,5
26,酸菜鱼,4
26,冬瓜排骨汤,3
26,葱爆羊肉,1
26,干锅菜花,2
26,蒜蓉西兰花,3
26,土豆烧牛肉,3
26,番茄炒蛋,4
27,干煸豆角,3
27,青椒土豆丝,5
27,紫菜蛋花汤,2
28,水煮鱼,1
28,土豆烧牛肉,4
28,青椒土豆丝,3
28,烧茄子,4
28,红烧肉,3
28,回锅肉,5
28,蚝油生菜,5
28,麻婆豆腐,4
28,宫保鸡丁,4
28,番茄炒蛋,1
28,辣子鸡,5
28,红烧排骨,1
28,白切鸡,4
28,干锅菜花,3
29,回锅肉,4
29,鱼香肉丝,1
29,麻婆豆腐,4
29,青椒土豆丝,3
29,干煸豆角,4
29,红烧排骨,3
29,手撕包菜,3
29,西红柿鸡蛋汤,1
29,蚝油生菜,2
29,紫菜蛋花汤,3
29,酸辣土豆丝,4
29,宫保鸡丁,4
29,番茄炒蛋,3
29,香菇青菜,4
29,干锅菜花,5
29,蒜蓉西兰花,1
29,红烧肉,4
29,冬瓜排骨汤,1
29,辣子鸡,3
29,糖醋里脊,3
30,水煮鱼,5
30,手撕包菜,3
30,京酱肉丝,5
30,蒜蓉西兰花,4
30,鱼香肉丝,4
30,干煸豆角,1
30,土豆烧牛肉,2
30,干锅菜花,3
30,葱爆羊肉,5
30,宫保鸡丁,2
30,糖醋里脊,3
31,西红柿鸡蛋汤,2
31,韭菜炒鸡蛋,1
31,香菇青菜,4
31,水煮鱼,1
31,鱼香肉丝,2
31,烧茄子,4
31,白切鸡,3
31,青椒土豆丝,5
31,番茄炒蛋,3
31,辣子鸡,4
31,土豆烧牛肉,4
31,蚝油生菜,4
31,酸辣土豆丝,2
31,葱爆羊肉,4
31,麻婆豆腐,5
32,京酱肉丝,2
32,糖醋里脊,1
32,紫菜蛋花汤,3
32,白切鸡,4
32,蒜蓉西兰花,3
33,蒜蓉西兰花,4
33,回锅肉,2
33,木耳炒肉,4
33,鱼香肉丝,1
33,辣子鸡,3
33,酸辣土豆丝,4
33,蚝油生菜,4
33,红烧排骨,4
33,韭菜炒鸡蛋,2
33,香菇青菜,4
33,红烧肉,1
33,干锅菜花,2
33,土豆烧牛肉,5
33,烧茄子,5
33,地三鲜,3
33,番茄炒蛋,1
33,西红柿鸡蛋汤,4
33,京酱肉丝,1
33,葱爆羊肉,5
33,糖醋里脊,4
33,青椒土豆丝,1
33,干煸豆角,2
33,水煮鱼,4
33,紫菜蛋花汤,2
33,宫保鸡丁,1
33,白切鸡,4
34,回锅肉,4
34,酸菜鱼,2
34,白切鸡,3
34,韭菜炒鸡蛋,1
34,京酱肉丝,1
34,烧茄子,3
34,麻婆豆腐,1
34,西红柿鸡蛋汤,3
34,干煸豆角,3
34,土豆烧牛肉,3
34,蚝油生菜,4
34,木耳炒肉,2
34,香菇青菜,2
34,宫保鸡丁,5
34,酸辣土豆丝,4
34,水煮鱼,5
34,红烧排骨,2
34,葱爆羊肉,2
34,红烧肉,2
34,干锅菜花,1
34,蒜蓉西兰花,5
34,糖醋里脊,4
34,辣子鸡,5
34,紫菜蛋花汤,2
34,番茄炒蛋,4
34,鱼香肉丝,5
35,青椒土豆丝,1
35,干锅菜花,4
35,烧茄子,3
35,回锅肉,5
35,干煸豆角,2
36,干锅菜花,3
36,地三鲜,4
36,红烧排骨,3
37,冬瓜排骨汤,3
37,辣子鸡,1
37,糖醋里脊,5
37,京酱肉丝,1
37,香菇青菜,5
37,水煮鱼,4
37,青椒土豆丝,3
37,木耳炒肉,2
37,红烧排骨,5
37,地三鲜,3
37,干煸豆角,2
37,西红柿鸡蛋汤,2
37,白切鸡,5
37,鱼香肉丝,3
37,韭菜炒鸡蛋,2
38,水煮鱼,5
38,西红柿鸡蛋汤,3
38,烧茄子,2
38,冬瓜排骨汤,3
38,宫保鸡丁,4
38,辣子鸡,3
38,干锅菜花,3
38,蚝油生菜,1
38,红烧排骨,4
38,地三鲜,1
38,红烧肉,2
38,麻婆豆腐,2
38,手撕包菜,4
38,酸菜鱼,5
38,葱爆羊肉,3
38,干煸豆角,1
38,紫菜蛋花汤,4
38,酸辣土豆丝,1
38,回锅肉,3
38,番茄炒蛋,5
38,木耳炒肉,1
39,地三鲜,1
39,干煸豆角,4
39,酸辣土豆丝,3
39,西红柿鸡蛋汤,4
39,回锅肉,1
39,红烧排骨,2
39,京酱肉丝,1
39,烧茄子,1
39,紫菜蛋花汤,3
39,水煮鱼,4
39,青椒土豆丝,1
39,香菇青菜,1
39,鱼香肉丝,2
39,酸菜鱼,5
39,白切鸡,2
40,干锅菜花,3
40,地三鲜,1
40,干煸豆角,3
40,酸辣土豆丝,2
40,韭菜炒鸡蛋,4
40,土豆烧牛肉,4
40,葱爆羊肉,2
40,红烧排骨,3
40,红烧肉,1
40,木耳炒肉,3
40,水煮鱼,5
40,香菇青菜,3
40,烧茄子,1
41,回锅肉,3
41,糖醋里脊,2
41,水煮鱼,2
41,木耳炒肉,5
41,干锅菜花,2
41,麻婆豆腐,1
41,干煸豆角,5
41,西红柿鸡蛋汤,2
41,烧茄子,5
41,酸辣土豆丝,2
41,白切鸡,2
41,鱼香肉丝,3
41,宫保鸡丁,2
42,西红柿鸡蛋汤,4
42,白切鸡,4
42,鱼香肉丝,3
42,回锅肉,5
42,红烧肉,5
42,蚝油生菜,1
42,土豆烧牛肉,4
42,木耳炒肉,5
42,番茄炒蛋,2
42,水煮鱼,5
42,冬瓜排骨汤,1
42,手撕包菜,5
42,紫菜蛋花汤,3
42,地三鲜,4
42,青椒土豆丝,1
42,辣子鸡,1
42,干煸豆角,4
42,酸辣土豆丝,4
42,麻婆豆腐,4
42,红烧排骨,1
42,京酱肉丝,4
42,蒜蓉西兰花,4
42,糖醋里脊,1
42,酸菜鱼,1
42,干锅菜花,3
42,葱爆羊肉,5
43,麻婆豆腐,5
43,红烧肉,5
43,回锅肉,3
43,白切鸡,4
43,烧茄子,5
44,辣子鸡,4
44,干锅菜花,4
44,蒜蓉西兰花,4
44,白切鸡,1
44,葱爆羊肉,3
44,水煮鱼,4
44,韭菜炒鸡蛋,3
44,手撕包菜,3
44,烧茄子,3
44,干煸豆角,2
44,土豆烧牛肉,4
44,糖醋里脊,1
44,蚝油生菜,1
44,西红柿鸡蛋汤,1
44,青椒土豆丝,1
44,红烧排骨,4
44,番茄炒蛋,1
45,酸辣土豆丝,4
45,地三鲜,2
45,蚝油生菜,1
45,红烧肉,3
45,土豆烧牛肉,5
45,宫保鸡丁,3
45,红烧排骨,1
45,冬瓜排骨汤,3
45,韭菜炒鸡蛋,5
45,酸菜鱼,2
45,水煮鱼,4
45,葱爆羊肉,5
45,西红柿鸡蛋汤,5
45,紫菜蛋花汤,5
45,手撕包菜,5
45,木耳炒肉,1
45,辣子鸡,5
45,干锅菜花,3
45,番茄炒蛋,1
45,香菇青菜,2
45,蒜蓉西兰花,3
45,回锅肉,3
45,白切鸡,3
45,烧茄子,3
46,番茄炒蛋,2
47,干煸豆角,5
47,京酱肉丝,5
47,麻婆豆腐,1
47,红烧肉,1
47,酸辣土豆丝,2
47,烧茄子,2
47,鱼香肉丝,5
47,冬瓜排骨汤,1
47,蒜蓉西兰花,1
47,糖醋里脊,3
47,西红柿鸡蛋汤,4
47,葱爆羊肉,4
47,干锅菜花,4
47,酸菜鱼,5
47,番茄炒蛋,4
47,香菇青菜,4
47,木耳炒肉,3
47,地三鲜,2
47,土豆烧牛肉,5
48,地三鲜,5
48,葱爆羊肉,4
48,水煮鱼,5
48,辣子鸡,3
49,青椒土豆丝,5
49,京酱肉丝,1
50,糖醋里脊,3
51,手撕包菜,1
51,红烧肉,4
51,紫菜蛋花汤,4
51,回锅肉,2
51,辣子鸡,2
51,酸菜鱼,4
51,水煮鱼,5
52,青椒土豆丝,1
52,蒜蓉西兰花,3
52,土豆烧牛肉,2
52,木耳炒肉,5
52,干煸豆角,4
52,地三鲜,3
52,麻婆豆腐,1
52,京酱肉丝,4
52,宫保鸡丁,1
52,葱爆羊肉,2
52,鱼香肉丝,4
52,干锅菜花,5
52,酸辣土豆丝,4
52,酸菜鱼,5
52,烧茄子,1
52,辣子鸡,4
52,糖醋里脊,3
52,手撕包菜,3
52,西红柿鸡蛋汤,2
52,香菇青菜,3
52,红烧肉,2
52,蚝油生菜,1
52,韭菜炒鸡蛋,5
53,水煮鱼,4
53,蒜蓉西兰花,4
53,西红柿鸡蛋汤,5
53,糖醋里脊,5
53,手撕包菜,4
53,地三鲜,5
53,蚝油生菜,5
53,烧茄子,3
53,红烧肉,3
53,青椒土豆丝,2
53,紫菜蛋花汤,4
53,干煸豆角,1
53,回锅肉,4
53,木耳炒肉,4
53,番茄炒蛋,3
53,辣子鸡,3
53,麻婆豆腐,5
53,京酱肉丝,1
53,酸菜鱼,3
53,宫保鸡丁,5
53,葱爆羊肉,1
54,干锅菜花,5
54,紫菜蛋花汤,5
54,宫保鸡丁,4
54,冬瓜排骨汤,4
54,地三鲜,5
54,辣子鸡,5
54,麻婆豆腐,1
54,烧茄子,4
54,酸辣土豆丝,5
54,白切鸡,2
55,白切鸡,1
55,香菇青菜,2
55,蒜蓉西兰花,4
55,红烧肉,4
55,宫保鸡丁,5
55,干锅菜花,5
55,水煮鱼,5
55,酸菜鱼,2
55,麻婆豆腐,3
55,冬瓜排骨汤,3
55,番茄炒蛋,3
56,葱爆羊肉,4
56,手撕包菜,3
56,酸菜鱼,3
56,干煸豆角,5
56,白切鸡,2
56,宫保鸡丁,3
56,烧茄子,1
56,酸辣土豆丝,5
56,冬瓜排骨汤,2
56,麻婆豆腐,3
56,木耳炒肉,3
56,水煮鱼,4
56,土豆烧牛肉,2
57,韭菜炒鸡蛋,4
57,麻婆豆腐,2
57,辣子鸡,2
57,土豆烧牛肉,2
57,京酱肉丝,2
57,烧茄子,1
57,酸菜鱼,3
57,红烧肉,1
57,干煸豆角,5
57,蒜蓉西兰花,5
57,西红柿鸡蛋汤,5
57,葱爆羊肉,1
57,手撕包菜,3
57,地三鲜,5
57,鱼香肉丝,2
57,番茄炒蛋,5
57,紫菜蛋花汤,4
57,白切鸡,2
57,水煮鱼,2
57,干锅菜花,2
58,韭菜炒鸡蛋,2
58,手撕包菜,2
58,白切鸡,5
58,蚝油生菜,2
58,番茄炒蛋,3
58,酸辣土豆丝,1
58,干锅菜花,4
58,宫保鸡丁,3
58,葱爆羊肉,5
58,地三鲜,1
58,青椒土豆丝,5
58,西红柿鸡蛋汤,1
58,辣子鸡,3
58,红烧排骨,1
58,冬瓜排骨汤,2
58,回锅肉,3
58,水煮鱼,4
58,红烧肉,5
58,香菇青菜,2
58,干煸豆角,4
58,木耳炒肉,1
58,烧茄子,2
58,蒜蓉西兰花,4
58,糖醋里脊,3
58,麻婆豆腐,1
58,酸菜鱼,4
58,京酱肉丝,1
59,蒜蓉西兰花,1
59,地三鲜,3
59,青椒土豆丝,4
59,京酱肉丝,2
59,麻婆豆腐,4
59,西红柿鸡蛋汤,4
59,冬瓜排骨汤,5
59,鱼香肉丝,1
59,酸菜鱼,1
59,水煮鱼,1
59,干煸豆角,3
59,红烧肉,2
59,红烧排骨,2
60,酸辣土豆丝,5
60,白切鸡,5
60,蒜蓉西兰花,1
60,葱爆羊肉,5
60,水煮鱼,5
60,手撕包菜,2
60,辣子鸡,2
60,青椒土豆丝,3
60,紫菜蛋花汤,4
60,蚝油生菜,1
60,宫保鸡丁,5
60,韭菜炒鸡蛋,3
60,木耳炒肉,2
60,干锅菜花,5
60,麻婆豆腐,4
60,西红柿鸡蛋汤,2
60,土豆烧牛肉,1
60,红烧排骨,5
61,麻婆豆腐,3
61,蒜蓉西兰花,3
61,土豆烧牛肉,1
61,西红柿鸡蛋汤,3
61,蚝油生菜,1
61,木耳炒肉,3
61,冬瓜排骨汤,2
61,鱼香肉丝,1
61,京酱肉丝,5
61,香菇青菜,3
61,宫保鸡丁,2
61,干煸豆角,1
62,土豆烧牛肉,1
62,酸菜鱼,4
62,木耳炒肉,1
62,烧茄子,3
62,番茄炒蛋,2
62,手撕包菜,1
62,干煸豆角,2
62,干锅菜花,1
62,香菇青菜,3
62,冬瓜排骨汤,3
62,蚝油生菜,5
62,红烧肉,4
63,土豆烧牛肉,1
63,香菇青菜,4
63,回锅肉,1
63,宫保鸡丁,4
63,手撕包菜,5
63,烧茄子,2
63,糖醋里脊,5
63,辣子鸡,3
63,地三鲜,3
63,木耳炒肉,1
63,酸菜鱼,1
63,冬瓜排骨汤,3
63,水煮鱼,3
63,干煸豆角,3
63,葱爆羊肉,4
63,干锅菜花,5
63,酸辣土豆丝,4
63,蒜蓉西兰花,2
63,青椒土豆丝,4
63,西红柿鸡蛋汤,3
63,番茄炒蛋,4
63,麻婆豆腐,1
63,京酱肉丝,3
63,韭菜炒鸡蛋,5
63,紫菜蛋花汤,4
63,红烧排骨,3
63,红烧肉,1
64,干煸豆角,3
64,烧茄子,5
64,京酱肉丝,2
65,红烧肉,5
66,蚝油生菜,3
66,干锅菜花,4
66,宫保鸡丁,3
66,红烧肉,3
66,麻婆豆腐,2
66,青椒土豆丝,1
66,烧茄子,1
66,地三鲜,2
66,韭菜炒鸡蛋,4
66,京酱肉丝,5
66,红烧排骨,4
66,冬瓜排骨汤,5
66,木耳炒肉,1
66,西红柿鸡蛋汤,3
66,干煸豆角,3
66,番茄炒蛋,4
66,手撕包菜,2
66,酸辣土豆丝,5
66,白切鸡,3
66,辣子鸡,4
66,紫菜蛋花汤,2
66,回锅肉,1
67,冬瓜排骨汤,4
67,麻婆豆腐,1
67,干锅菜花,3
67,番茄炒蛋,3
67,西红柿鸡蛋汤,1
68,土豆烧牛肉,1
68,辣子鸡,3
68,西红柿鸡蛋汤,5
68,番茄炒蛋,5
68,韭菜炒鸡蛋,3
68,蚝油生菜,4
68,手撕包菜,5
68,烧茄子,2
68,木耳炒肉,5
68,地三鲜,1
68,蒜蓉西兰花,1
68,青椒土豆丝,3
68,水煮鱼,4
68,糖醋里脊,4
68,红烧肉,5
68,紫菜蛋花汤,4
68,京酱肉丝,4
68,红烧排骨,5
69,红烧肉,1
69,酸菜鱼,4
69,烧茄子,4
70,蒜蓉西兰花,3
70,地三鲜,1
70,红烧肉,3
70,木耳炒肉,2
70,手撕包菜,5
70,土豆烧牛肉,3
70,烧茄子,2
70,红烧排骨,3
70,番茄炒蛋,5
70,冬瓜排骨汤,5
70,葱爆羊肉,1
70,紫菜蛋花汤,5
70,宫保鸡丁,2
70,水煮鱼,5
70,酸辣土豆丝,5
70,香菇青菜,2
70,麻婆豆腐,2
70,白切鸡,5
70,干煸豆角,5
70,韭菜炒鸡蛋,3
70,西红柿鸡蛋汤,5
70,回锅肉,1
71,冬瓜排骨汤,4
71,鱼香肉丝,4
71,麻婆豆腐,4
71,宫保鸡丁,4
71,烧茄子,2
71,手撕包菜,3
71,红烧排骨,5
71,回锅肉,2
71,蚝油生菜,3
71,糖醋里脊,3
71,酸辣土豆丝,3
71,葱爆羊肉,4
71,西红柿鸡蛋汤,2
71,香菇青菜,3
71,辣子鸡,5
71,酸菜鱼,5
71,红烧肉,1
71,青椒土豆丝,3
71,水煮鱼,2
71,干锅菜花,4
71,干煸豆角,1
71,白切鸡,3
71,京酱肉丝,4
71,土豆烧牛肉,2
71,番茄炒蛋,2
71,蒜蓉西兰花,1
71,木耳炒肉,1
72,京酱肉丝,2
72,冬瓜排骨汤,4
72,白切鸡,5
72,葱爆羊肉,4
72,青椒土豆丝,4
72,番茄炒蛋,3
72,酸菜鱼,4
72,红烧排骨,1
72,酸辣土豆丝,1
72,糖醋里脊,4
73,干锅菜花,3
73,青椒土豆丝,3
73,糖醋里脊,4
73,红烧排骨,3
73,地三鲜,1
73,宫保鸡丁,4
73,手撕包菜,1
73,辣子鸡,5
73,香菇青菜,5
73,白切鸡,2
73,干煸豆角,3
73,韭菜炒鸡蛋,5
73,土豆烧牛肉,3
73,鱼香肉丝,1
73,水煮鱼,4
73,冬瓜排骨汤,5
73,麻婆豆腐,4
74,土豆烧牛肉,3
74,回锅肉,4
74,木耳炒肉,5
74,白切鸡,4
74,干煸豆角,2
74,冬瓜排骨汤,5
74,水煮鱼,5
74,红烧肉,2
74,酸辣土豆丝,3
74,京酱肉丝,5
74,地三鲜,3
74,酸菜鱼,2
74,紫菜蛋花汤,4
74,手撕包菜,5
74,韭菜炒鸡蛋,3
74,蚝油生菜,5
74,辣子鸡,3
74,西红柿鸡蛋汤,5
74,糖醋里脊,5
74,烧茄子,5
74,鱼香肉丝,4
74,葱爆羊肉,5
74,红烧排骨,3
74,宫保鸡丁,4
74,番茄炒蛋,1
75,酸菜鱼,3
75,干煸豆角,5
75,水煮鱼,5
75,葱爆羊肉,2
75,红烧排骨,1
75,辣子鸡,5
75,酸辣土豆丝,4
75,韭菜炒鸡蛋,2
75,烧茄子,5
75,鱼香肉丝,5
75,白切鸡,4
75,香菇青菜,2
76,干煸豆角,3
76,青椒土豆丝,2
76,宫保鸡丁,4
76,红烧排骨,5
76,韭菜炒鸡蛋,3
76,水煮鱼,5
76,糖醋里脊,3
76,鱼香肉丝,3
76,干锅菜花,5
76,酸菜鱼,4
76,葱爆羊肉,2
76,红烧肉,2
76,白切鸡,3
76,酸辣土豆丝,5
76,土豆烧牛肉,3
76,回锅肉,2
76,京酱肉丝,3
76,辣子鸡,3
76,西红柿鸡蛋汤,2
76,蚝油生菜,4
76,麻婆豆腐,3
76,紫菜蛋花汤,4
76,手撕包菜,3
76,木耳炒肉,5
76,香菇青菜,3
76,地三鲜,3
76,蒜蓉西兰花,1
77,干煸豆角,5
77,土豆烧牛肉,3
77,京酱肉丝,2
77,冬瓜排骨汤,1
77,地三鲜,5
77,手撕包菜,5
77,红烧肉,2
77,辣子鸡,2
77,宫保鸡丁,1
77,韭菜炒鸡蛋,5
77,麻婆豆腐,2
77,蚝油生菜,2
77,干锅菜花,1
77,回锅肉,1
77,香菇青菜,4
77,水煮鱼,3
77,西红柿鸡蛋汤,4
77,蒜蓉西兰花,1
77,酸辣土豆丝,2
78,土豆烧牛肉,2
79,烧茄子,2
79,西红柿鸡蛋汤,4
79,香菇青菜,2
79,冬瓜排骨汤,1
79,紫菜蛋花汤,4
79,糖醋里脊,4
79,辣子鸡,2
79,酸菜鱼,3
79,酸辣土豆丝,1
79,蚝油生菜,1
79,宫保鸡丁,3
79,麻婆豆腐,5
79,青椒土豆丝,5
79,白切鸡,1
80,辣子鸡,1
80,干锅菜花,3
80,烧茄子,2
80,土豆烧牛肉,4
80,蒜蓉西兰花,3
80,香菇青菜,2
80,红烧肉,1
80,蚝油生菜,3
80,西红柿鸡蛋汤,3
80,回锅肉,5
80,糖醋里脊,2
81,白切鸡,3
81,冬瓜排骨汤,1
81,烧茄子,4
81,京酱肉丝,1
81,葱爆羊肉,2
81,蒜蓉西兰花,2
82,酸菜鱼,2
82,青椒土豆丝,1
82,鱼香肉丝,1
82,回锅肉,4
82,京酱肉丝,3
82,西红柿鸡蛋汤,2
82,干锅菜花,4
82,木耳炒肉,5
82,紫菜蛋花汤,3
82,辣子鸡,1
82,红烧排骨,3
82,白切鸡,3
82,冬瓜排骨汤,5
82,韭菜炒鸡蛋,2
82,地三鲜,2
82,香菇青菜,2
83,红烧肉,3
83,干锅菜花,1
83,酸辣土豆丝,5
83,白切鸡,1
83,地三鲜,1
83,葱爆羊肉,5
83,韭菜炒鸡蛋,5
83,土豆烧牛肉,2
83,香菇青菜,5
83,冬瓜排骨汤,5
83,糖醋里脊,2
83,青椒土豆丝,2
83,麻婆豆腐,3
83,蒜蓉西兰花,5
83,西红柿鸡蛋汤,4
83,回锅肉,1
84,糖醋里脊,1
84,韭菜炒鸡蛋,2
84,红烧排骨,5
84,香菇青菜,1
84,麻婆豆腐,1
84,蒜蓉西兰花,4
84,干锅菜花,3
84,宫保鸡丁,1
84,酸辣土豆丝,5
84,红烧肉,1
84,手撕包菜,1
84,葱爆羊肉,4
84,干煸豆角,1
84,西红柿鸡蛋汤,3
84,土豆烧牛肉,4
84,酸菜鱼,2
84,京酱肉丝,2
84,烧茄子,4
84,地三鲜,3
84,鱼香肉丝,4
84,紫菜蛋花汤,4
84,冬瓜排骨汤,4
85,麻婆豆腐,2
85,干煸豆角,1
85,西红柿鸡蛋汤,1
85,土豆烧牛肉,3
85,红烧肉,4
85,烧茄子,5
85,地三鲜,4
85,水煮鱼,5
85,番茄炒蛋,4
85,木耳炒肉,2
85,京酱肉丝,2
85,蒜蓉西兰花,4
85,蚝油生菜,3
86,回锅肉,1
86,糖醋里脊,1
86,紫菜蛋花汤,4
86,西红柿鸡蛋汤,5
86,酸辣土豆丝,1
87,糖醋里脊,1
87,麻婆豆腐,2
87,水煮鱼,1
87,白切鸡,4
87,宫保鸡丁,4
87,干锅菜花,2
87,木耳炒肉,5
87,干煸豆角,2
88,冬瓜排骨汤,4
88,手撕包菜,5
88,宫保鸡丁,4
88,红烧肉,1
88,蒜蓉西兰花,3
88,辣子鸡,4
88,青椒土豆丝,5
88,红烧排骨,3
88,酸菜鱼,4
88,韭菜炒鸡蛋,4
88,白切鸡,2
88,干煸豆角,3
88,酸辣土豆丝,4
88,西红柿鸡蛋汤,2
88,木耳炒肉,5
88,烧茄子,4
88,回锅肉,2
88,水煮鱼,2
88,糖醋里脊,3
88,香菇青菜,2
88,干锅菜花,4
88,鱼香肉丝,1
88,麻婆豆腐,5
88,番茄炒蛋,4
88,地三鲜,4
89,蒜蓉西兰花,5
89,红烧肉,5
89,京酱肉丝,1
89,青椒土豆丝,1
89,回锅肉,2
89,糖醋里脊,5
89,酸菜鱼,5
89,烧茄子,2
89,麻婆豆腐,4
89,干锅菜花,2
89,地三鲜,3
89,干煸豆角,3
89,土豆烧牛肉,1
89,手撕包菜,2
89,宫保鸡丁,2
89,西红柿鸡蛋汤,1
89,紫菜蛋花汤,4
89,酸辣土豆丝,2
90,白切鸡,3
90,韭菜炒鸡蛋,4
90,糖醋里脊,1
90,京酱肉丝,5
90,青椒土豆丝,2
90,土豆烧牛肉,2
90,酸菜鱼,1
90,辣子鸡,3
90,木耳炒肉,5
90,干锅菜花,5
90,手撕包菜,5
90,地三鲜,4
90,西红柿鸡蛋汤,3
90,回锅肉,2
90,红烧排骨,2
90,蒜蓉西兰花,3
90,蚝油生菜,2
90,葱爆羊肉,4
90,宫保鸡丁,5
90,干煸豆角,2
90,番茄炒蛋,4
90,水煮鱼,5
90,紫菜蛋花汤,3
91,手撕包菜,3
91,木耳炒肉,2
91,香菇青菜,2
91,酸辣土豆丝,5
91,烧茄子,4
91,西红柿鸡蛋汤,2
91,冬瓜排骨汤,5
91,干锅菜花,1
91,番茄炒蛋,5
92,木耳炒肉,1
92,冬瓜排骨汤,1
93,鱼香肉丝,4
93,葱爆羊肉,1
93,红烧肉,1
93,木耳炒肉,5
93,烧茄子,3
93,青椒土豆丝,5
93,麻婆豆腐,3
93,韭菜炒鸡蛋,1
93,冬瓜排骨汤,5
93,紫菜蛋花汤,4
93,糖醋里脊,2
93,蒜蓉西兰花,1
93,干锅菜花,1
93,地三鲜,5
93,宫保鸡丁,2
93,辣子鸡,2
93,酸菜鱼,2
93,西红柿鸡蛋汤,5
93,土豆烧牛肉,5
93,手撕包菜,3
93,京酱肉丝,3
93,蚝油生菜,3
93,回锅肉,4
93,干煸豆角,1
93,白切鸡,3
94,干锅菜花,4
94,红烧排骨,4
94,青椒土豆丝,5
94,韭菜炒鸡蛋,4
94,冬瓜排骨汤,1
94,辣子鸡,1
94,干煸豆角,2
94,麻婆豆腐,1
94,烧茄子,4
94,酸辣土豆丝,4
94,宫保鸡丁,3
94,木耳炒肉,5
94,京酱肉丝,1
95,蒜蓉西兰花,4
95,宫保鸡丁,2
95,青椒土豆丝,1
95,糖醋里脊,5
95,韭菜炒鸡蛋,3
95,红烧排骨,1
95,香菇青菜,1
95,回锅肉,4
95,西红柿鸡蛋汤,2
95,麻婆豆腐,1
95,蚝油生菜,3
95,土豆烧牛肉,5
95,干煸豆角,5
95,番茄炒蛋,5
95,酸菜鱼,4
95,鱼香肉丝,3
95,水煮鱼,1
95,辣子鸡,3
95,烧茄子,4
95,木耳炒肉,4
95,手撕包菜,2
95,红烧肉,3
95,地三鲜,5
95,白切鸡,4
95,京酱肉丝,4
95,酸辣土豆丝,2
95,葱爆羊肉,5
95,冬瓜排骨汤,4
95,紫菜蛋花汤,1
96,白切鸡,4
96,辣子鸡,4
96,蚝油生菜,5
96,青椒土豆丝,5
96,韭菜炒鸡蛋,5
96,麻婆豆腐,4
96,手撕包菜,1
96,回锅肉,1
96,红烧肉,1
96,京酱肉丝,3
96,干煸豆角,5
96,烧茄子,1
96,酸菜鱼,5
96,地三鲜,5
96,水煮鱼,3
96,宫保鸡丁,4
96,鱼香肉丝,1
96,紫菜蛋花汤,3
96,木耳炒肉,4
96,番茄炒蛋,4
96,红烧排骨,1
96,干锅菜花,5
96,酸辣土豆丝,2
96,葱爆羊肉,5
96,冬瓜排骨汤,5
97,干煸豆角,3
97,京酱肉丝,4
97,番茄炒蛋,2
97,红烧肉,1
97,回锅肉,2
97,辣子鸡,4
98,葱爆羊肉,4
98,辣子鸡,5
98,香菇青菜,5
98,蚝油生菜,2
98,麻婆豆腐,4
98,地三鲜,1
98,回锅肉,2
98,青椒土豆丝,3
98,烧茄子,1
99,酸菜鱼,3
99,木耳炒肉,5
99,白切鸡,2
99,京酱肉丝,4
99,蚝油生菜,3
99,紫菜蛋花汤,2
99,干锅菜花,4
99,手撕包菜,3
99,葱爆羊肉,3
99,烧茄子,4
99,冬瓜排骨汤,5
99,红烧肉,2
99,辣子鸡,3
100,回锅肉,4
100,木耳炒肉,2
100,蚝油生菜,4
100,京酱肉丝,3
100,地三鲜,1
100,水煮鱼,4
100,红烧排骨,4
100,糖醋里脊,2
100,酸辣土豆丝,3
100,土豆烧牛肉,2
100,番茄炒蛋,3
100,烧茄子,2
100,鱼香肉丝,4
101,京酱肉丝,1
101,麻婆豆腐,1
101,干锅菜花,1
101,白切鸡,3
101,香菇青菜,2
101,红烧排骨,5
101,紫菜蛋花汤,5
101,土豆烧牛肉,5
101,蒜蓉西兰花,5
101,葱爆羊肉,5
101,韭菜炒鸡蛋,2
101,宫保鸡丁,4
101,地三鲜,3
101,西红柿鸡蛋汤,4
101,水煮鱼,4
101,酸辣土豆丝,5
101,蚝油生菜,5
101,酸菜鱼,2
101,冬瓜排骨汤,3
101,番茄炒蛋,1
101,干煸豆角,4
101,鱼香肉丝,1
101,糖醋里脊,3
101,青椒土豆丝,4
101,辣子鸡,1
101,烧茄子,1
102,酸辣土豆丝,5
102,红烧肉,2
102,地三鲜,3
102,辣子鸡,5
102,酸菜鱼,4
102,干锅菜花,4
102,糖醋里脊,2
102,蒜蓉西兰花,4
102,香菇青菜,2
102,冬瓜排骨汤,2
102,干煸豆角,4
102,水煮鱼,4
102,手撕包菜,1
102,土豆烧牛肉,5
102,蚝油生菜,2
102,宫保鸡丁,4
102,西红柿鸡蛋汤,5
102,鱼香肉丝,4
102,烧茄子,4
102,韭菜炒鸡蛋,1
102,京酱肉丝,2
102,番茄炒蛋,2
102,白切鸡,3
102,回锅肉,1
102,青椒土豆丝,5
102,紫菜蛋花汤,1
102,葱爆羊肉,5
103,地三鲜,4
103,酸菜鱼,5
103,糖醋里脊,3
103,干锅菜花,5
103,水煮鱼,4
103,回锅肉,5
104,红烧排骨,3
104,水煮鱼,1
104,地三鲜,2
104,冬瓜排骨汤,3
104,干锅菜花,1
104,白切鸡,2
104,番茄炒蛋,3
104,干煸豆角,2
104,辣子鸡,5
104,手撕包菜,4
104,紫菜蛋花汤,4
104,麻婆豆腐,5
104,红烧肉,2
105,京酱肉丝,1
105,葱爆羊肉,3
105,番茄炒蛋,1
105,香菇青菜,4
105,烧茄子,2
105,土豆烧牛肉,2
105,韭菜炒鸡蛋,4
105,蚝油生菜,5
105,冬瓜排骨汤,5
105,手撕包菜,4
105,干煸豆角,4
105,木耳炒肉,4
105,辣子鸡,4
105,红烧肉,4
105,白切鸡,4
105,红烧排骨,2
105,西红柿鸡蛋汤,1
105,青椒土豆丝,5
105,酸辣土豆丝,1
106,手撕包菜,1
106,青椒土豆丝,2
106,辣子鸡,3
106,宫保鸡丁,1
106,回锅肉,4
106,西红柿鸡蛋汤,3
106,土豆烧牛肉,3
106,冬瓜排骨汤,1
106,番茄炒蛋,4
106,干锅菜花,1
106,红烧排骨,2
106,香菇青菜,2
106,酸辣土豆丝,5
106,蒜蓉西兰花,3
106,水煮鱼,5
106,韭菜炒鸡蛋,4
106,木耳炒肉,2
106,红烧肉,5
106,蚝油生菜,2
106,干煸豆角,2
106,地三鲜,2
106,鱼香肉丝,1
106,紫菜蛋花汤,5
106,京酱肉丝,3
106,葱爆羊肉,5
106,白切鸡,3
107,土豆烧牛肉,3
107,番茄炒蛋,2
107,酸菜鱼,4
107,韭菜炒鸡蛋,4
107,辣子鸡,2
107,蚝油生菜,5
107,红烧排骨,3
107,回锅肉,4
107,蒜蓉西兰花,4
107,水煮鱼,4
107,红烧肉,1
107,葱爆羊肉,1
107,宫保鸡丁,4
107,木耳炒肉,5
107,白切鸡,3
107,地三鲜,3
107,酸辣土豆丝,4
107,麻婆豆腐,4
107,烧茄子,3
107,京酱肉丝,5
108,冬瓜排骨汤,1
109,干锅菜花,1
109,烧茄子,4
109,干煸豆角,1
109,韭菜炒鸡蛋,1
109,地三鲜,2
109,麻婆豆腐,4
109,土豆烧牛肉,4
109,京酱肉丝,1
109,糖醋里脊,4
109,葱爆羊肉,2
109,冬瓜排骨汤,2
109,香菇青菜,3
109,回锅肉,2
109,酸菜鱼,3
109,辣子鸡,1
109,番茄炒蛋,3
109,酸辣土豆丝,3
109,红烧排骨,1
109,手撕包菜,3
109,木耳炒肉,2
109,青椒土豆丝,1
109,紫菜蛋花汤,4
109,鱼香肉丝,3
109,蒜蓉西兰花,2
110,烧茄子,1
110,麻婆豆腐,3
110,韭菜炒鸡蛋,1
110,水煮鱼,4
110,鱼香肉丝,2
110,糖醋里脊,4
110,香菇青菜,1
110,西红柿鸡蛋汤,2
110,红烧肉,4
110,红烧排骨,1
110,青椒土豆丝,1
110,蒜蓉西兰花,1
110,干锅菜花,3
110,蚝油生菜,3
111,辣子鸡,3
111,红烧肉,4
111,京酱肉丝,3
111,手撕包菜,2
111,木耳炒肉,2
111,西红柿鸡蛋汤,3
111,烧茄子,1
111,干煸豆角,2
111,蚝油生菜,5
111,麻婆豆腐,5
111,蒜蓉西兰花,5
111,红烧排骨,5
111,鱼香肉丝,3
111,番茄炒蛋,1
111,干锅菜花,3
111,白切鸡,2
111,地三鲜,5
111,水煮鱼,5
111,酸菜鱼,5
111,酸辣土豆丝,2
111,糖醋里脊,4
111,青椒土豆丝,3
111,冬瓜排骨汤,1
111,土豆烧牛肉,2
111,紫菜蛋花汤,4
111,宫保鸡丁,4
111,香菇青菜,1
111,葱爆羊肉,2
111,韭菜炒鸡蛋,4
112,白切鸡,1
112,麻婆豆腐,1
112,蒜蓉西兰花,4
112,鱼香肉丝,5
112,地三鲜,3
112,酸菜鱼,5
112,红烧肉,4
112,京酱肉丝,4
112,红烧排骨,4
112,葱爆羊肉,1
112,蚝油生菜,5
112,土豆烧牛肉,5
112,番茄炒蛋,5
112,香菇青菜,2
112,西红柿鸡蛋汤,3
112,木耳炒肉,1
112,辣子鸡,3
112,宫保鸡丁,1
112,干锅菜花,5
112,酸辣土豆丝,2
112,水煮鱼,2
113,酸菜鱼,4
113,京酱肉丝,5
113,红烧排骨,5
113,烧茄子,1
113,手撕包菜,3
113,木耳炒肉,2
113,干煸豆角,1
113,蚝油生菜,1
113,麻婆豆腐,2
113,辣子鸡,1
113,葱爆羊肉,2
113,青椒土豆丝,4
113,宫保鸡丁,3
113,冬瓜排骨汤,5
113,酸辣土豆丝,5
113,干锅菜花,3
113,糖醋里脊,2
113,土豆烧牛肉,3
114,酸辣土豆丝,1
114,手撕包菜,1
114,冬瓜排骨汤,3
114,回锅肉,4
114,西红柿鸡蛋汤,3
115,麻婆豆腐,1
115,回锅肉,5
115,韭菜炒鸡蛋,1
115,红烧排骨,2
115,烧茄子,5
115,紫菜蛋花汤,1
115,香菇青菜,1
115,干锅菜花,1
115,蒜蓉西兰花,2
115,地三鲜,1
115,宫保鸡丁,4
115,酸辣土豆丝,3
115,番茄炒蛋,4
115,蚝油生菜,2
115,土豆烧牛肉,2
115,红烧肉,1
115,京酱肉丝,5
116,紫菜蛋花汤,3
116,韭菜炒鸡蛋,1
116,酸辣土豆丝,5
116,烧茄子,4
116,葱爆羊肉,1
116,青椒土豆丝,3
116,酸菜鱼,2
116,手撕包菜,3
116,蚝油生菜,5
116,冬瓜排骨汤,3
116,回锅肉,5
116,麻婆豆腐,2
116,地三鲜,4
116,水煮鱼,3
116,宫保鸡丁,5
116,红烧排骨,4
116,蒜蓉西兰花,2
116,京酱肉丝,5
116,白切鸡,2
116,鱼香肉丝,2
116,糖醋里脊,1
116,香菇青菜,4
116,西红柿鸡蛋汤,1
116,辣子鸡,2
116,干锅菜花,5
116,番茄炒蛋,3
117,木耳炒肉,2
117,韭菜炒鸡蛋,5
117,鱼香肉丝,4
117,酸菜鱼,3
117,冬瓜排骨汤,4
117,手撕包菜,1
117,干煸豆角,5
117,京酱肉丝,1
117,辣子鸡,5
117,水煮鱼,2
117,糖醋里脊,4
117,蒜蓉西兰花,1
117,青椒土豆丝,5
117,葱爆羊肉,5
117,香菇青菜,1
117,蚝油生菜,4
117,麻婆豆腐,2
117,地三鲜,2
117,红烧肉,3
117,宫保鸡丁,3
117,干锅菜花,3
118,京酱肉丝,3
118,韭菜炒鸡蛋,4
118,木耳炒肉,3
118,酸辣土豆丝,1
118,酸菜鱼,1
118,蚝油生菜,2
118,干锅菜花,3
118,回锅肉,5
118,青椒土豆丝,1
118,麻婆豆腐,2
118,糖醋里脊,3
118,红烧肉,2
118,水煮鱼,1
118,红烧排骨,2
118,土豆烧牛肉,3
118,烧茄子,4
118,干煸豆角,5
118,葱爆羊肉,1
118,番茄炒蛋,3
118,白切鸡,3
118,宫保鸡丁,2
118,西红柿鸡蛋汤,1
118,地三鲜,4
118,手撕包菜,4
118,辣子鸡,5
118,香菇青菜,5
119,水煮鱼,1
119,干锅菜花,2
119,紫菜蛋花汤,2
119,蚝油生菜,2
119,木耳炒肉,4
119,红烧肉,3
119,冬瓜排骨汤,1
119,鱼香肉丝,5
120,回锅肉,4
120,木耳炒肉,4
120,麻婆豆腐,1
120,鱼香肉丝,4
120,冬瓜排骨汤,4
120,糖醋里脊,2
120,烧茄子,3
120,干锅菜花,2
120,红烧肉,2
120,蚝油生菜,3
120,酸菜鱼,3
120,水煮鱼,4
120,宫保鸡丁,2
120,韭菜炒鸡蛋,1
120,土豆烧牛肉,5
120,酸辣土豆丝,5
120,辣子鸡,5
120,手撕包菜,2
120,地三鲜,3
121,葱爆羊肉,3
121,西红柿鸡蛋汤,4
121,土豆烧牛肉,5
121,香菇青菜,4
121,宫保鸡丁,3
121,麻婆豆腐,5
121,回锅肉,5
121,京酱肉丝,3
121,红烧肉,4
121,紫菜蛋花汤,3
121,糖醋里脊,2
121,蒜蓉西兰花,1
121,青椒土豆丝,3
121,鱼香肉丝,5
121,韭菜炒鸡蛋,2
121,木耳炒肉,1
122,蚝油生菜,3
122,手撕包菜,5
122,回锅肉,1
122,宫保鸡丁,3
122,紫菜蛋花汤,5
122,香菇青菜,5
122,蒜蓉西兰花,2
122,地三鲜,5
122,红烧排骨,2
122,青椒土豆丝,4
122,番茄炒蛋,5
122,水煮鱼,3
122,烧茄子,2
122,土豆烧牛肉,4
122,冬瓜排骨汤,1
122,西红柿鸡蛋汤,1
122,葱爆羊肉,1
122,京酱肉丝,2
122,韭菜炒鸡蛋,5
122,鱼香肉丝,2
122,干煸豆角,1
122,糖醋里脊,5
122,白切鸡,4
122,干锅菜花,1
122,木耳炒肉,3
122,酸辣土豆丝,5
122,红烧肉,2
122,麻婆豆腐,2
122,辣子鸡,3
123,番茄炒蛋,4
123,蚝油生菜,3
123,冬瓜排骨汤,2
123,酸菜鱼,5
123,宫保鸡丁,5
123,鱼香肉丝,3
123,红烧肉,2
123,红烧排骨,5
123,酸辣土豆丝,2
123,水煮鱼,4
123,蒜蓉西兰花,3
123,地三鲜,3
123,麻婆豆腐,2
123,韭菜炒鸡蛋,2
123,京酱肉丝,1
123,辣子鸡,5
123,西红柿鸡蛋汤,4
123,紫菜蛋花汤,5
123,干煸豆角,1
123,香菇青菜,2
123,土豆烧牛肉,5
123,干锅菜花,3
123,糖醋里脊,5
124,烧茄子,2
124,红烧排骨,3
124,水煮鱼,3
124,香菇青菜,2
124,红烧肉,1
124,酸菜鱼,3
124,酸辣土豆丝,4
124,麻婆豆腐,1
125,糖醋里脊,4
125,青椒土豆丝,4
125,韭菜炒鸡蛋,4
125,麻婆豆腐,2
125,地三鲜,4
125,回锅肉,4
125,水煮鱼,4
125,鱼香肉丝,3
125,宫保鸡丁,5
126,水煮鱼,1
126,木耳炒肉,3
126,香菇青菜,3
126,蚝油生菜,1
126,红烧排骨,1
126,烧茄子,3
126,干煸豆角,2
126,青椒土豆丝,4
126,番茄炒蛋,2
126,干锅菜花,1
126,麻婆豆腐,5
126,宫保鸡丁,1
126,辣子鸡,3
127,白切鸡,3
127,西红柿鸡蛋汤,3
127,香菇青菜,3
127,韭菜炒鸡蛋,2
127,鱼香肉丝,1
127,葱爆羊肉,1
127,烧茄子,4
127,番茄炒蛋,5
127,紫菜蛋花汤,5
127,手撕包菜,4
127,木耳炒肉,2
127,宫保鸡丁,1
127,水煮鱼,3
127,酸菜鱼,1
127,糖醋里脊,4
127,土豆烧牛肉,1
127,冬瓜排骨汤,3
127,地三鲜,5
127,回锅肉,4
127,京酱肉丝,2
128,鱼香肉丝,3
128,糖醋里脊,1
128,番茄炒蛋,4
128,烧茄子,1
129,蚝油生菜,2
129,京酱肉丝,3
129,香菇青菜,4
129,冬瓜排骨汤,3
129,干煸豆角,2
129,回锅肉,4
129,麻婆豆腐,1
129,烧茄子,3
129,土豆烧牛肉,4
129,西红柿鸡蛋汤,4
130,青椒土豆丝,1
130,木耳炒肉,3
130,回锅肉,5
130,红烧排骨,4
130,宫保鸡丁,5
130,红烧肉,2
130,韭菜炒鸡蛋,5
130,干煸豆角,1
130,水煮鱼,4
131,蒜蓉西兰花,2
131,葱爆羊肉,2
131,土豆烧牛肉,5
131,干煸豆角,3
131,香菇青菜,3
131,红烧排骨,1
131,青椒土豆丝,1
131,蚝油生菜,4
131,辣子鸡,5
131,麻婆豆腐,4
131,京酱肉丝,5
131,宫保鸡丁,3
131,紫菜蛋花汤,3
131,冬瓜排骨汤,5
131,红烧肉,4
131,手撕包菜,1
131,白切鸡,5
131,酸辣土豆丝,5
131,烧茄子,5
131,地三鲜,4
131,水煮鱼,1
131,木耳炒肉,4
131,酸菜鱼,2
131,鱼香肉丝,2
131,回锅肉,5
131,糖醋里脊,5
131,番茄炒蛋,5
132,水煮鱼,2
132,紫菜蛋花汤,1
132,红烧排骨,4
132,手撕包菜,3
132,西红柿鸡蛋汤,3
132,辣子鸡,1
132,土豆烧牛肉,3
132,地三鲜,3
132,葱爆羊肉,3
132,回锅肉,3
132,京酱肉丝,4
132,香菇青菜,1
132,冬瓜排骨汤,2
132,宫保鸡丁,2
132,番茄炒蛋,3
132,红烧肉,4
132,糖醋里脊,3
132,麻婆豆腐,3
132,木耳炒肉,4
132,韭菜炒鸡蛋,5
132,干煸豆角,1
132,鱼香肉丝,2
132,酸菜鱼,4
132,白切鸡,2
132,酸辣土豆丝,4
133,香菇青菜,2
133,手撕包菜,3
133,蒜蓉西兰花,3
133,地三鲜,4
133,宫保鸡丁,5
133,冬瓜排骨汤,4
133,番茄炒蛋,1
133,麻婆豆腐,1
133,辣子鸡,2
133,西红柿鸡蛋汤,3
133,京酱肉丝,4
133,红烧肉,5
133,烧茄子,4
133,鱼香肉丝,2
133,酸辣土豆丝,4
133,水煮鱼,5
133,葱爆羊肉,5
133,干锅菜花,3
133,土豆烧牛肉,3
133,白切鸡,2
133,木耳炒肉,3
133,青椒土豆丝,1
133,干煸豆角,3
133,韭菜炒鸡蛋,1
134,宫保鸡丁,1
134,番茄炒蛋,1
134,冬瓜排骨汤,4
134,红烧排骨,2
134,手撕包菜,2
134,糖醋里脊,5
134,青椒土豆丝,1
134,烧茄子,2
134,酸辣土豆丝,3
134,蚝油生菜,5
134,回锅肉,3
134,葱爆羊肉,3
134,蒜蓉西兰花,4
135,京酱肉丝,3
135,冬瓜排骨汤,2
135,地三鲜,2
135,干锅菜花,5
135,回锅肉,2
135,糖醋里脊,1
135,木耳炒肉,5
135,辣子鸡,4
135,干煸豆角,3
135,蒜蓉西兰花,2
135,白切鸡,1
135,紫菜蛋花汤,4
135,水煮鱼,3
135,鱼香肉丝,3
135,西红柿鸡蛋汤,4
135,蚝油生菜,4
135,酸菜鱼,4
135,韭菜炒鸡蛋,1
135,红烧排骨,5
135,红烧肉,5
135,葱爆羊肉,2
135,宫保鸡丁,3
135,青椒土豆丝,2
135,烧茄子,5
135,麻婆豆腐,4
135,番茄炒蛋,3
135,香菇青菜,5
135,酸辣土豆丝,3
135,土豆烧牛肉,2
136,干煸豆角,5
136,西红柿鸡蛋汤,5
136,土豆烧牛肉,5
136,番茄炒蛋,1
136,辣子鸡,4
136,水煮鱼,2
136,香菇青菜,5
136,红烧肉,1
136,回锅肉,4
136,冬瓜排骨汤,5
136,木耳炒肉,3
136,酸菜鱼,4
136,麻婆豆腐,1
136,青椒土豆丝,2
136,地三鲜,2
136,手撕包菜,2
136,酸辣土豆丝,3
136,韭菜炒鸡蛋,4
136,糖醋里脊,5
136,白切鸡,4
136,红烧排骨,2
136,京酱肉丝,3
136,紫菜蛋花汤,2
136,干锅菜花,1
136,鱼香肉丝,4
136,葱爆羊肉,3
136,蚝油生菜,2
137,烧茄子,2
137,宫保鸡丁,5
137,鱼香肉丝,4
137,干锅菜花,4
137,回锅肉,4
137,糖醋里脊,4
137,番茄炒蛋,4
137,红烧排骨,4
137,酸辣土豆丝,1
137,香菇青菜,1
137,麻婆豆腐,5
138,酸辣土豆丝,1
138,地三鲜,1
138,鱼香肉丝,2
138,酸菜鱼,2
138,手撕包菜,3
138,蒜蓉西兰花,3
138,糖醋里脊,2
139,京酱肉丝,2
139,蒜蓉西兰花,1
139,红烧排骨,1
139,辣子鸡,3
140,干锅菜花,4
140,酸辣土豆丝,3
140,蒜蓉西兰花,2
140,白切鸡,2
140,冬瓜排骨汤,4
140,酸菜鱼,1
140,葱爆羊肉,2
140,干煸豆角,2
140,红烧肉,2
140,手撕包菜,2
141,鱼香肉丝,5
141,红烧排骨,3
141,蒜蓉西兰花,4
141,番茄炒蛋,2
141,水煮鱼,2
141,地三鲜,1
141,韭菜炒鸡蛋,3
141,烧茄子,4
141,宫保鸡丁,1
141,京酱肉丝,5
141,回锅肉,3
141,土豆烧牛肉,5
141,干煸豆角,5
141,西红柿鸡蛋汤,2
141,蚝油生菜,4
141,酸菜鱼,1
141,葱爆羊肉,5
141,紫菜蛋花汤,5
141,酸辣土豆丝,1
141,冬瓜排骨汤,3
141,糖醋里脊,1
141,青椒土豆丝,1
141,辣子鸡,4
141,手撕包菜,2
142,糖醋里脊,1
142,手撕包菜,1
142,回锅肉,1
142,木耳炒肉,5
142,蒜蓉西兰花,4
142,紫菜蛋花汤,2
142,地三鲜,1
142,韭菜炒鸡蛋,5
142,葱爆羊肉,1
142,辣子鸡,1
142,番茄炒蛋,3
142,宫保鸡丁,2
142,土豆烧牛肉,4
142,香菇青菜,3
142,西红柿鸡蛋汤,3
142,酸辣土豆丝,4
142,青椒土豆丝,1
142,白切鸡,1
142,水煮鱼,2
142,鱼香肉丝,1
143,辣子鸡,4
143,地三鲜,4
143,蚝油生菜,4
143,干煸豆角,2
143,酸菜鱼,1
143,葱爆羊肉,2
143,酸辣土豆丝,1
143,水煮鱼,2
143,韭菜炒鸡蛋,1
143,宫保鸡丁,4
143,鱼香肉丝,5
143,红烧肉,4
143,番茄炒蛋,5
143,冬瓜排骨汤,4
143,西红柿鸡蛋汤,2
143,干锅菜花,5
143,青椒土豆丝,4
143,紫菜蛋花汤,3
143,红烧排骨,5
143,烧茄子,1
143,土豆烧牛肉,2
143,京酱肉丝,4
143,麻婆豆腐,4
143,白切鸡,1
143,木耳炒肉,4
143,回锅肉,4
143,香菇青菜,1
143,蒜蓉西兰花,1
144,烧茄子,2
144,酸菜鱼,3
144,鱼香肉丝,5
144,韭菜炒鸡蛋,5
144,干煸豆角,5
144,蒜蓉西兰花,1
144,酸辣土豆丝,4
144,红烧排骨,2
144,木耳炒肉,4
145,干煸豆角,4
145,紫菜蛋花汤,4
145,烧茄子,2
145,京酱肉丝,1
145,红烧肉,4
145,土豆烧牛肉,3
145,白切鸡,2
145,宫保鸡丁,3
145,鱼香肉丝,3
145,冬瓜排骨汤,1
145,番茄炒蛋,5
145,蒜蓉西兰花,2
146,烧茄子,1
146,京酱肉丝,1
146,西红柿鸡蛋汤,4
146,木耳炒肉,4
146,青椒土豆丝,1
146,麻婆豆腐,5
146,干锅菜花,5
146,酸辣土豆丝,1
146,红烧排骨,1
146,韭菜炒鸡蛋,5
146,手撕包菜,5
146,香菇青菜,3
146,紫菜蛋花汤,5
146,酸菜鱼,5
146,水煮鱼,2
146,蚝油生菜,4
146,地三鲜,3
146,蒜蓉西兰花,3
147,宫保鸡丁,4
147,木耳炒肉,1
147,青椒土豆丝,3
147,干锅菜花,5
147,酸菜鱼,2
147,土豆烧牛肉,2
147,白切鸡,1
147,酸辣土豆丝,4
147,香菇青菜,2
147,地三鲜,4
147,西红柿鸡蛋汤,2
147,水煮鱼,3
147,红烧排骨,1
147,冬瓜排骨汤,4
147,鱼香肉丝,1
147,番茄炒蛋,5
147,韭菜炒鸡蛋,1
147,蚝油生菜,4
147,红烧肉,4
147,回锅肉,5
147,京酱肉丝,5
147,葱爆羊肉,2
147,紫菜蛋花汤,4
147,干煸豆角,1
147,蒜蓉西兰花,5
147,手撕包菜,1
147,辣子鸡,5
148,木耳炒肉,4
148,红烧排骨,4
148,香菇青菜,5
148,蒜蓉西兰花,2
148,手撕包菜,3
148,番茄炒蛋,4
148,韭菜炒鸡蛋,3
148,西红柿鸡蛋汤,3
148,蚝油生菜,4
148,红烧肉,2
148,水煮鱼,2
148,京酱肉丝,4
148,酸菜鱼,5
148,紫菜蛋花汤,5
149,木耳炒肉,2
149,韭菜炒鸡蛋,5
149,土豆烧牛肉,3
149,酸菜鱼,3
149,西红柿鸡蛋汤,2
149,酸辣土豆丝,2
149,冬瓜排骨汤,5
149,烧茄子,5
149,糖醋里脊,3
149,干煸豆角,1
150,地三鲜,3
150,土豆烧牛肉,3
150,香菇青菜,2
150,红烧排骨,1
150,木耳炒肉,3
150,干煸豆角,2
150,韭菜炒鸡蛋,5
150,葱爆羊肉,1
150,手撕包菜,3
150,西红柿鸡蛋汤,4
150,辣子鸡,1
150,酸辣土豆丝,5
150,鱼香肉丝,5
150,蒜蓉西兰花,2
150,水煮鱼,5
150,烧茄子,4
150,糖醋里脊,2
150,麻婆豆腐,5
150,干锅菜花,3
150,酸菜鱼,1
150,紫菜蛋花汤,4
150,冬瓜排骨汤,4
150,红烧肉,4
150,蚝油生菜,3
150,宫保鸡丁,5
151,鱼香肉丝,3
151,酸辣土豆丝,2
152,冬瓜排骨汤,2
152,手撕包菜,5
152,紫菜蛋花汤,1
152,干锅菜花,4
152,青椒土豆丝,1
152,烧茄子,4
152,韭菜炒鸡蛋,3
152,酸辣土豆丝,5
152,西红柿鸡蛋汤,3
152,地三鲜,2
152,红烧排骨,2
152,土豆烧牛肉,5
152,糖醋里脊,3
152,白切鸡,1
152,辣子鸡,3
152,蚝油生菜,4
152,麻婆豆腐,2
152,酸菜鱼,1
152,宫保鸡丁,2
152,葱爆羊肉,3
153,宫保鸡丁,4
153,手撕包菜,5
153,烧茄子,5
153,白切鸡,4
153,干煸豆角,1
153,辣子鸡,3
153,香菇青菜,2
153,红烧排骨,2
153,土豆烧牛肉,3
153,地三鲜,3
153,麻婆豆腐,3
153,酸菜鱼,3
153,蒜蓉西兰花,2
153,青椒土豆丝,5
153,番茄炒蛋,5
153,回锅肉,4
153,紫菜蛋花汤,5
153,京酱肉丝,1
153,干锅菜花,1
153,木耳炒肉,3
154,青椒土豆丝,5
154,西红柿鸡蛋汤,3
154,烧茄子,5
154,白切鸡,5
154,木耳炒肉,4
154,紫菜蛋花汤,4
154,宫保鸡丁,1
154,干煸豆角,3
154,酸菜鱼,2
154,京酱肉丝,3
154,水煮鱼,5
154,冬瓜排骨汤,1
154,回锅肉,1
154,辣子鸡,2
154,鱼香肉丝,5
155,鱼香肉丝,3
155,烧茄子,1
155,麻婆豆腐,1
155,糖醋里脊,1
155,干煸豆角,1
155,西红柿鸡蛋汤,2
155,木耳炒肉,3
155,蚝油生菜,5
155,葱爆羊肉,1
155,水煮鱼,5
155,酸辣土豆丝,2
155,土豆烧牛肉,3
155,韭菜炒鸡蛋,4
155,冬瓜排骨汤,4
155,红烧肉,4
155,紫菜蛋花汤,4
155,青椒土豆丝,4
155,地三鲜,3
156,京酱肉丝,1
157,鱼香肉丝,4
157,烧茄子,4
157,酸辣土豆丝,4
157,白切鸡,1
157,麻婆豆腐,4
157,手撕包菜,2
157,冬瓜排骨汤,5
157,红烧排骨,2
157,宫保鸡丁,2
157,蚝油生菜,4
157,地三鲜,5
157,蒜蓉西兰花,3
157,水煮鱼,2
157,辣子鸡,3
157,韭菜炒鸡蛋,3
157,香菇青菜,1
157,干煸豆角,5
157,红烧肉,5
158,水煮鱼,4
158,宫保鸡丁,5
158,鱼香肉丝,5
158,红烧排骨,1
158,白切鸡,3
159,酸辣土豆丝,5
159,紫菜蛋花汤,2
159,西红柿鸡蛋汤,2
159,地三鲜,2
159,糖醋里脊,2
159,葱爆羊肉,5
159,烧茄子,3
160,水煮鱼,4
160,番茄炒蛋,5
160,干煸豆角,1
160,蚝油生菜,3
160,红烧排骨,1
160,宫保鸡丁,3
160,土豆烧牛肉,1
161,酸辣土豆丝,2
161,红烧排骨,1
161,香菇青菜,3
161,酸菜鱼,5
161,地三鲜,1
161,红烧肉,2
161,干煸豆角,3
162,干锅菜花,2
162,酸菜鱼,2
162,白切鸡,4
162,干煸豆角,3
162,辣子鸡,3
162,韭菜炒鸡蛋,2
162,红烧排骨,3
162,红烧肉,4
162,酸辣土豆丝,4
162,木耳炒肉,4
162,地三鲜,3
162,西红柿鸡蛋汤,3
162,葱爆羊肉,4
162,番茄炒蛋,5
162,鱼香肉丝,1
162,蒜蓉西兰花,2
163,白切鸡,5
163,麻婆豆腐,5
163,木耳炒肉,4
163,回锅肉,2
163,红烧肉,3
163,土豆烧牛肉,4
163,糖醋里脊,2
163,冬瓜排骨汤,5
163,烧茄子,3
163,西红柿鸡蛋汤,2
163,干煸豆角,4
163,鱼香肉丝,5
163,蒜蓉西兰花,5
163,红烧排骨,1
163,京酱肉丝,4
163,香菇青菜,3
163,辣子鸡,5
163,水煮鱼,1
163,手撕包菜,2
163,韭菜炒鸡蛋,5
163,蚝油生菜,2
164,蒜蓉西兰花,4
164,红烧肉,1
164,干锅菜花,1
164,番茄炒蛋,3
164,木耳炒肉,1
164,红烧排骨,5
164,手撕包菜,3
164,干煸豆角,3
164,西红柿鸡蛋汤,5
164,香菇青菜,5
164,地三鲜,5
164,宫保鸡丁,2
164,青椒土豆丝,4
164,烧茄子,4
164,土豆烧牛肉,3
164,酸辣土豆丝,5
164,韭菜炒鸡蛋,1
164,蚝油生菜,5
164,水煮鱼,3
164,鱼香肉丝,4
164,白切鸡,2
164,回锅肉,5
164,京酱肉丝,4
164,辣子鸡,3
164,糖醋里脊,3
165,蚝油生菜,3
165,香菇青菜,5
165,白切鸡,1
165,鱼香肉丝,2
165,蒜蓉西兰花,4
165,红烧肉,3
165,干锅菜花,1
165,番茄炒蛋,4
165,青椒土豆丝,4
165,麻婆豆腐,4
165,紫菜蛋花汤,2
165,回锅肉,5
165,糖醋里脊,2
165,手撕包菜,4
165,韭菜炒鸡蛋,1
165,烧茄子,2
166,红烧肉,5
166,红烧排骨,2
167,烧茄子,2
167,蒜蓉西兰花,1
167,宫保鸡丁,2
167,西红柿鸡蛋汤,3
167,红烧排骨,2
168,京酱肉丝,4
168,白切鸡,5
168,红烧排骨,2
168,烧茄子,5
168,鱼香肉丝,2
168,酸辣土豆丝,5
168,手撕包菜,5
168,干煸豆角,3
168,辣子鸡,2
168,麻婆豆腐,3
168,糖醋里脊,4
168,干锅菜花,5
168,香菇青菜,5
168,土豆烧牛肉,1
168,番茄炒蛋,2
168,水煮鱼,4
168,葱爆羊肉,4
169,水煮鱼,5
169,鱼香肉丝,4
169,糖醋里脊,2
169,蒜蓉西兰花,5
169,冬瓜排骨汤,1
170,香菇青菜,5
170,西红柿鸡蛋汤,1
170,白切鸡,1
170,冬瓜排骨汤,4
170,宫保鸡丁,2
170,土豆烧牛肉,5
171,木耳炒肉,5
171,鱼香肉丝,1
171,手撕包菜,4
171,干煸豆角,2
171,烧茄子,3
171,葱爆羊肉,4
171,蒜蓉西兰花,2
171,冬瓜排骨汤,1
171,地三鲜,3
171,宫保鸡丁,5
171,酸辣土豆丝,5
171,韭菜炒鸡蛋,4
171,青椒土豆丝,3
171,香菇青菜,2
171,京酱肉丝,1
171,番茄炒蛋,1
171,辣子鸡,5
171,白切鸡,5
172,蒜蓉西兰花,2
172,鱼香肉丝,3
172,京酱肉丝,4
172,烧茄子,3
173,红烧肉,3
173,葱爆羊肉,3
173,烧茄子,5
173,红烧排骨,4
174,地三鲜,4
174,白切鸡,2
174,回锅肉,1
174,干煸豆角,2
174,京酱肉丝,4
174,手撕包菜,2
174,糖醋里脊,1
174,葱爆羊肉,2
174,土豆烧牛肉,5
174,木耳炒肉,4
174,香菇青菜,3
174,番茄炒蛋,5
174,紫菜蛋花汤,5
174,西红柿鸡蛋汤,1
174,冬瓜排骨汤,2
174,红烧肉,4
174,辣子鸡,1
174,红烧排骨,1
174,烧茄子,2
175,紫菜蛋花汤,5
175,白切鸡,1
175,葱爆羊肉,2
175,麻婆豆腐,4
175,木耳炒肉,4
175,回锅肉,1
175,青椒土豆丝,2
175,地三鲜,5
175,蚝油生菜,3
175,西红柿鸡蛋汤,2
175,宫保鸡丁,1
175,京酱肉丝,5
175,红烧排骨,5
175,蒜蓉西兰花,5
175,辣子鸡,2
175,韭菜炒鸡蛋,5
176,干煸豆角,2
176,宫保鸡丁,1
176,地三鲜,3
176,青椒土豆丝,4
176,烧茄子,3
176,鱼香肉丝,4
177,红烧排骨,3
177,糖醋里脊,3
177,蒜蓉西兰花,2
177,鱼香肉丝,5
177,酸辣土豆丝,2
177,韭菜炒鸡蛋,4
177,麻婆豆腐,4
177,蚝油生菜,5
177,土豆烧牛肉,1
177,辣子鸡,3
177,干煸豆角,2
177,紫菜蛋花汤,4
177,地三鲜,5
178,土豆烧牛肉,3
178,麻婆豆腐,1
178,蒜蓉西兰花,5
178,辣子鸡,3
179,土豆烧牛肉,2
179,木耳炒肉,3
179,蚝油生菜,1
179,红烧排骨,4
179,回锅肉,3
179,韭菜炒鸡蛋,1
179,干锅菜花,5
179,京酱肉丝,2
179,西红柿鸡蛋汤,4
179,香菇青菜,3
179,青椒土豆丝,3
179,酸菜鱼,2
179,酸辣土豆丝,5
179,紫菜蛋花汤,3
179,鱼香肉丝,2
179,白切鸡,2
179,宫保鸡丁,4
179,红烧肉,2
179,葱爆羊肉,2
179,糖醋里脊,2
179,水煮鱼,3
179,辣子鸡,2
179,番茄炒蛋,2
179,冬瓜排骨汤,2
179,麻婆豆腐,2
179,手撕包菜,5
179,烧茄子,3
179,蒜蓉西兰花,2
179,地三鲜,1
180,紫菜蛋花汤,5
180,麻婆豆腐,1
180,干煸豆角,5
180,香菇青菜,1
181,香菇青菜,5
181,地三鲜,4
181,白切鸡,3
181,酸菜鱼,1
181,紫菜蛋花汤,1
181,红烧排骨,2
181,回锅肉,4
181,蚝油生菜,5
181,番茄炒蛋,1
181,蒜蓉西兰花,3
181,酸辣土豆丝,3
181,京酱肉丝,5
181,青椒土豆丝,3
181,红烧肉,2
181,宫保鸡丁,5
181,冬瓜排骨汤,3
181,手撕包菜,2
181,糖醋里脊,3
181,土豆烧牛肉,4
181,干锅菜花,5
181,鱼香肉丝,3
181,木耳炒肉,3
181,干煸豆角,2
181,水煮鱼,4
181,西红柿鸡蛋汤,4
181,韭菜炒鸡蛋,2
181,葱爆羊肉,4
181,辣子鸡,3
182,冬瓜排骨汤,2
182,京酱肉丝,5
182,回锅肉,4
182,干锅菜花,4
182,番茄炒蛋,2
182,红烧排骨,2
182,红烧肉,2
182,手撕包菜,4
182,干煸豆角,1
182,青椒土豆丝,2
182,水煮鱼,4
182,紫菜蛋花汤,4
183,西红柿鸡蛋汤,3
183,冬瓜排骨汤,4
183,烧茄子,3
183,蒜蓉西兰花,3
183,土豆烧牛肉,5
184,红烧排骨,5
184,宫保鸡丁,5
184,京酱肉丝,2
184,水煮鱼,3
184,韭菜炒鸡蛋,3
184,番茄炒蛋,3
184,西红柿鸡蛋汤,5
184,糖醋里脊,4
184,回锅肉,4
184,香菇青菜,1
184,木耳炒肉,4
184,干锅菜花,5
184,酸菜鱼,3
184,干煸豆角,4
184,地三鲜,2
184,手撕包菜,2
184,蒜蓉西兰花,3
184,葱爆羊肉,4
184,红烧肉,5
184,紫菜蛋花汤,5
184,鱼香肉丝,4
184,蚝油生菜,1
184,酸辣土豆丝,1
184,麻婆豆腐,2
184,土豆烧牛肉,3
184,烧茄子,2
184,青椒土豆丝,3
184,冬瓜排骨汤,3
185,辣子鸡,1
185,韭菜炒鸡蛋,2
185,回锅肉,2
185,白切鸡,4
185,烧茄子,1
185,京酱肉丝,1
185,冬瓜排骨汤,1
185,干锅菜花,4
185,地三鲜,5
185,红烧排骨,1
185,蒜蓉西兰花,1
185,西红柿鸡蛋汤,4
185,葱爆羊肉,5
185,番茄炒蛋,1
185,木耳炒肉,1
185,土豆烧牛肉,3
185,鱼香肉丝,5
185,麻婆豆腐,2
185,干煸豆角,1
185,水煮鱼,4
185,红烧肉,3
186,青椒土豆丝,2
186,酸辣土豆丝,1
186,辣子鸡,1
186,干锅菜花,3
186,烧茄子,3
186,红烧肉,4
186,手撕包菜,4
186,蒜蓉西兰花,5
187,土豆烧牛肉,5
187,干锅菜花,4
187,红烧肉,5
187,韭菜炒鸡蛋,5
187,紫菜蛋花汤,3
187,番茄炒蛋,3
187,红烧排骨,4
187,白切鸡,5
187,西红柿鸡蛋汤,2
188,麻婆豆腐,2
188,干锅菜花,1
188,辣子鸡,5
188,地三鲜,3
188,葱爆羊肉,2
188,回锅肉,4
188,红烧肉,5
188,冬瓜排骨汤,4
188,鱼香肉丝,4
188,干煸豆角,2
188,蒜蓉西兰花,2
188,酸辣土豆丝,4
188,木耳炒肉,4
188,韭菜炒鸡蛋,2
188,香菇青菜,3
188,手撕包菜,1
188,烧茄子,4
188,土豆烧牛肉,2
188,青椒土豆丝,5
188,京酱肉丝,5
188,红烧排骨,3
188,蚝油生菜,3
188,糖醋里脊,5
188,酸菜鱼,3
188,紫菜蛋花汤,4
188,白切鸡,2
189,麻婆豆腐,1
189,番茄炒蛋,2
189,红烧肉,1
189,辣子鸡,4
189,水煮鱼,2
189,烧茄子,3
189,干锅菜花,4
189,白切鸡,3
189,酸辣土豆丝,4
189,回锅肉,3
189,韭菜炒鸡蛋,4
189,香菇青菜,1
189,糖醋里脊,3
189,酸菜鱼,1
189,鱼香肉丝,2
189,紫菜蛋花汤,1
189,红烧排骨,3
189,手撕包菜,4
189,葱爆羊肉,1
189,干煸豆角,5
189,宫保鸡丁,4
189,冬瓜排骨汤,2
189,京酱肉丝,2
189,木耳炒肉,3
189,西红柿鸡蛋汤,4
189,蚝油生菜,1
189,地三鲜,1
189,青椒土豆丝,2
190,手撕包菜,3
190,干锅菜花,2
190,青椒土豆丝,1
190,酸辣土豆丝,5
190,宫保鸡丁,5
190,糖醋里脊,1
190,西红柿鸡蛋汤,3
190,水煮鱼,4
190,蒜蓉西兰花,3
190,紫菜蛋花汤,2
190,香菇青菜,3
190,京酱肉丝,1
190,辣子鸡,2
191,青椒土豆丝,1
191,烧茄子,2
191,葱爆羊肉,3
191,酸菜鱼,5
192,京酱肉丝,1
192,蚝油生菜,5
192,青椒土豆丝,4
192,鱼香肉丝,5
193,地三鲜,4
193,手撕包菜,1
193,麻婆豆腐,5
193,青椒土豆丝,3
193,番茄炒蛋,1
194,地三鲜,2
194,烧茄子,5
195,水煮鱼,5
195,红烧肉,3
195,香菇青菜,3
195,青椒土豆丝,4
195,酸菜鱼,3
195,土豆烧牛肉,5
195,烧茄子,5
195,地三鲜,2
195,干锅菜花,1
195,糖醋里脊,5
195,鱼香肉丝,2
195,京酱肉丝,4
195,韭菜炒鸡蛋,3
195,西红柿鸡蛋汤,3
195,回锅肉,5
195,干煸豆角,3
195,白切鸡,4
195,木耳炒肉,1
195,手撕包菜,5
195,红烧排骨,4
195,冬瓜排骨汤,2
195,蒜蓉西兰花,1
195,蚝油生菜,5
195,宫保鸡丁,3
195,辣子鸡,5
195,酸辣土豆丝,2
196,酸辣土豆丝,5
196,麻婆豆腐,3
196,干煸豆角,3
196,土豆烧牛肉,4
196,京酱肉丝,3
196,糖醋里脊,1
196,蒜蓉西兰花,1
196,冬瓜排骨汤,5
196,香菇青菜,1
196,木耳炒肉,1
196,红烧肉,2
197,冬瓜排骨汤,1
197,宫保鸡丁,1
197,糖醋里脊,5
197,水煮鱼,4
197,香菇青菜,4
197,紫菜蛋花汤,5
198,韭菜炒鸡蛋,1
198,红烧排骨,5
198,回锅肉,3
198,宫保鸡丁,5
198,地三鲜,1
198,青椒土豆丝,1
198,白切鸡,3
198,紫菜蛋花汤,1
198,麻婆豆腐,2
198,鱼香肉丝,5
198,糖醋里脊,1
198,香菇青菜,1
198,干煸豆角,2
198,干锅菜花,5
198,木耳炒肉,4
198,番茄炒蛋,2
198,冬瓜排骨汤,2
198,蚝油生菜,5
198,酸辣土豆丝,2
198,蒜蓉西兰花,5
199,番茄炒蛋,5
199,土豆烧牛肉,5
199,酸辣土豆丝,4
199,西红柿鸡蛋汤,3
199,葱爆羊肉,3
199,冬瓜排骨汤,5
199,水煮鱼,3
199,烧茄子,3
199,红烧排骨,4
199,地三鲜,4
199,干锅菜花,3
199,蚝油生菜,5
199,手撕包菜,2
199,紫菜蛋花汤,5
199,蒜蓉西兰花,5
199,回锅肉,2
199,糖醋里脊,4
199,白切鸡,5
199,香菇青菜,3
199,酸菜鱼,3
199,麻婆豆腐,4
200,京酱肉丝,1
200,鱼香肉丝,3
200,酸辣土豆丝,5
200,宫保鸡丁,5
200,辣子鸡,5
200,白切鸡,5
200,西红柿鸡蛋汤,5
200,蒜蓉西兰花,2
200,红烧肉,1
200,蚝油生菜,1
200,冬瓜排骨汤,4
200,烧茄子,3
200,青椒土豆丝,2
200,糖醋里脊,2
200,酸菜鱼,3
201,西红柿鸡蛋汤,3
201,红烧排骨,4
201,青椒土豆丝,2
201,冬瓜排骨汤,4
201,回锅肉,5
201,辣子鸡,1
201,麻婆豆腐,5
201,紫菜蛋花汤,3
201,京酱肉丝,1
201,韭菜炒鸡蛋,5
201,糖醋里脊,4
201,酸辣土豆丝,1
202,宫保鸡丁,4
202,手撕包菜,4
202,酸菜鱼,5
202,地三鲜,5
202,葱爆羊肉,5
202,蚝油生菜,1
202,水煮鱼,2
202,青椒土豆丝,4
202,烧茄子,3
202,白切鸡,4
202,鱼香肉丝,2
202,京酱肉丝,2
202,紫菜蛋花汤,3
202,辣子鸡,1
202,土豆烧牛肉,4
202,番茄炒蛋,5
202,回锅肉,1
202,蒜蓉西兰花,5
202,麻婆豆腐,4
202,干锅菜花,3
202,西红柿鸡蛋汤,1
202,酸辣土豆丝,4
202,木耳炒肉,5
202,干煸豆角,4
202,冬瓜排骨汤,2
203,红烧肉,4
203,香菇青菜,3
203,土豆烧牛肉,3
203,糖醋里脊,2
203,西红柿鸡蛋汤,3
203,京酱肉丝,3
203,烧茄子,5
203,红烧排骨,1
203,木耳炒肉,3
203,冬瓜排骨汤,2
203,白切鸡,3
203,蒜蓉西兰花,5
203,青椒土豆丝,4
203,酸辣土豆丝,5
203,麻婆豆腐,2
203,紫菜蛋花汤,4
203,手撕包菜,1
203,干煸豆角,2
203,番茄炒蛋,2
203,酸菜鱼,3
203,辣子鸡,2
203,宫保鸡丁,1
203,回锅肉,1
203,地三鲜,1
203,水煮鱼,2
204,紫菜蛋花汤,5
204,红烧肉,3
204,冬瓜排骨汤,5
204,木耳炒肉,4
204,辣子鸡,5
204,鱼香肉丝,2
204,酸菜鱼,1
204,韭菜炒鸡蛋,4
204,水煮鱼,5
204,蚝油生菜,5
204,干锅菜花,1
204,香菇青菜,3
204,手撕包菜,2
204,酸辣土豆丝,1
204,糖醋里脊,3
204,地三鲜,2
204,回锅肉,5
204,干煸豆角,3
204,京酱肉丝,1
204,葱爆羊肉,4
205,鱼香肉丝,2
205,麻婆豆腐,2
205,京酱肉丝,5
205,干煸豆角,4
205,回锅肉,5
205,木耳炒肉,1
205,手撕包菜,1
205,地三鲜,2
205,水煮鱼,5
205,紫菜蛋花汤,3
205,辣子鸡,3
205,冬瓜排骨汤,4
205,青椒土豆丝,4
205,红烧排骨,2
205,酸辣土豆丝,1
205,干锅菜花,3
205,番茄炒蛋,3
205,土豆烧牛肉,3
205,白切鸡,3
205,蚝油生菜,2
205,宫保鸡丁,5
206,蚝油生菜,2
206,宫保鸡丁,3
206,烧茄子,4
206,回锅肉,2
206,京酱肉丝,1
206,鱼香肉丝,4
206,土豆烧牛肉,5
206,木耳炒肉,5
206,青椒土豆丝,2
207,青椒土豆丝,2
207,红烧排骨,3
207,红烧肉,5
207,葱爆羊肉,2
207,辣子鸡,4
207,白切鸡,2
207,酸菜鱼,5
207,干锅菜花,2
207,土豆烧牛肉,3
207,冬瓜排骨汤,1
207,糖醋里脊,5
207,烧茄子,5
207,干煸豆角,1
207,手撕包菜,2
208,木耳炒肉,3
208,西红柿鸡蛋汤,2
208,红烧肉,2
208,酸辣土豆丝,1
208,鱼香肉丝,2
208,手撕包菜,2
208,酸菜鱼,1
208,葱爆羊肉,5
208,韭菜炒鸡蛋,5
208,辣子鸡,3
208,干锅菜花,5
209,白切鸡,2
209,青椒土豆丝,2
209,紫菜蛋花汤,2
209,西红柿鸡蛋汤,2
209,木耳炒肉,1
209,干煸豆角,4
209,鱼香肉丝,1
209,地三鲜,3
209,麻婆豆腐,4
209,香菇青菜,2
209,红烧肉,2
209,蒜蓉西兰花,2
209,烧茄子,1
209,韭菜炒鸡蛋,2
209,番茄炒蛋,4
209,葱爆羊肉,5
209,糖醋里脊,4
209,蚝油生菜,3
209,京酱肉丝,4
210,青椒土豆丝,2
210,葱爆羊肉,3
210,京酱肉丝,4
210,手撕包菜,4
210,宫保鸡丁,3
210,白切鸡,3
210,酸辣土豆丝,4
210,冬瓜排骨汤,2
210,酸菜鱼,4
210,韭菜炒鸡蛋,3
210,木耳炒肉,5
210,红烧排骨,1
210,土豆烧牛肉,5
210,蒜蓉西兰花,2
210,蚝油生菜,4
210,回锅肉,4
210,香菇青菜,1
210,紫菜蛋花汤,5
210,烧茄子,1
210,鱼香肉丝,2
210,水煮鱼,5
210,干锅菜花,5
210,糖醋里脊,2
210,番茄炒蛋,4
210,干煸豆角,4
210,红烧肉,3
210,辣子鸡,4
210,麻婆豆腐,1
210,地三鲜,2
211,红烧排骨,1
211,西红柿鸡蛋汤,5
211,韭菜炒鸡蛋,4
211,糖醋里脊,5
211,干锅菜花,5
211,麻婆豆腐,2
211,回锅肉,4
211,酸菜鱼,5
211,烧茄子,4
211,番茄炒蛋,1
211,水煮鱼,2
211,手撕包菜,3
211,白切鸡,5
211,蚝油生菜,2
211,地三鲜,2
212,红烧肉,4
212,番茄炒蛋,4
212,手撕包菜,4
212,韭菜炒鸡蛋,4
212,宫保鸡丁,1
212,葱爆羊肉,5
212,辣子鸡,5
212,酸辣土豆丝,1
212,干锅菜花,2
212,木耳炒肉,5
212,西红柿鸡蛋汤,3
212,水煮鱼,5
212,紫菜蛋花汤,5
212,糖醋里脊,2
212,鱼香肉丝,1
212,烧茄子,2
212,京酱肉丝,2
212,土豆烧牛肉,1
212,香菇青菜,3
212,青椒土豆丝,1
212,酸菜鱼,2
212,干煸豆角,1
212,地三鲜,5
212,冬瓜排骨汤,5
212,红烧排骨,3
212,蚝油生菜,3
212,蒜蓉西兰花,1
212,麻婆豆腐,1
213,葱爆羊肉,5
213,番茄炒蛋,5
213,干煸豆角,5
213,辣子鸡,5
214,干锅菜花,3
214,酸辣土豆丝,3
214,红烧排骨,3
214,地三鲜,4
214,宫保鸡丁,1
214,麻婆豆腐,4
215,土豆烧牛肉,5
215,麻婆豆腐,5
215,辣子鸡,5
215,香菇青菜,3
215,红烧肉,2
215,水煮鱼,5
215,韭菜炒鸡蛋,5
215,回锅肉,4
215,酸菜鱼,5
215,蒜蓉西兰花,4
215,葱爆羊肉,4
215,烧茄子,2
215,糖醋里脊,5
215,紫菜蛋花汤,2
215,宫保鸡丁,3
215,木耳炒肉,2
215,冬瓜排骨汤,1
215,地三鲜,1
215,干煸豆角,1
215,酸辣土豆丝,4
215,干锅菜花,1
215,青椒土豆丝,2
215,蚝油生菜,5
215,手撕包菜,4
215,京酱肉丝,4
215,西红柿鸡蛋汤,1
215,番茄炒蛋,3
216,土豆烧牛肉,3
216,蚝油生菜,5
216,烧茄子,5
216,糖醋里脊,3
216,鱼香肉丝,1
216,冬瓜排骨汤,1
216,木耳炒肉,3
216,韭菜炒鸡蛋,3
216,辣子鸡,4
216,回锅肉,5
216,麻婆豆腐,5
216,干煸豆角,1
217,番茄炒蛋,5
217,糖醋里脊,3
217,酸菜鱼,3
217,木耳炒肉,1
217,冬瓜排骨汤,2
217,干煸豆角,3
217,香菇青菜,1
217,酸辣土豆丝,3
217,宫保鸡丁,4
217,烧茄子,5
217,红烧肉,2
217,韭菜炒鸡蛋,5
217,白切鸡,5
217,干锅菜花,4
217,蚝油生菜,2
217,青椒土豆丝,5
217,京酱肉丝,1
217,西红柿鸡蛋汤,3
217,地三鲜,3
217,鱼香肉丝,1
217,回锅肉,3
217,土豆烧牛肉,4
217,紫菜蛋花汤,1
217,辣子鸡,4
217,葱爆羊肉,2
217,红烧排骨,3
217,手撕包菜,4
218,辣子鸡,2
218,糖醋里脊,1
218,蒜蓉西兰花,4
218,紫菜蛋花汤,4
218,番茄炒蛋,5
218,水煮鱼,1
218,地三鲜,1
218,宫保鸡丁,3
218,西红柿鸡蛋汤,1
218,麻婆豆腐,5
218,干锅菜花,1
218,冬瓜排骨汤,3
218,鱼香肉丝,4
218,香菇青菜,1
218,红烧肉,1
218,手撕包菜,5
218,蚝油生菜,3
218,青椒土豆丝,1
218,酸辣土豆丝,5
218,回锅肉,3
218,红烧排骨,2
218,葱爆羊肉,3
218,烧茄子,2
218,干煸豆角,2
218,土豆烧牛肉,3
218,木耳炒肉,3
218,韭菜炒鸡蛋,5
219,手撕包菜,5
219,干锅菜花,5
219,干煸豆角,1
219,水煮鱼,2
219,回锅肉,5
219,红烧肉,3
219,番茄炒蛋,5
219,蚝油生菜,3
219,木耳炒肉,3
219,鱼香肉丝,2
219,白切鸡,3
220,青椒土豆丝,2
220,番茄炒蛋,5
220,麻婆豆腐,5
220,辣子鸡,4
220,白切鸡,5
220,酸菜鱼,3
220,土豆烧牛肉,3
220,干锅菜花,3
220,宫保鸡丁,2
220,红烧肉,5
220,鱼香肉丝,1
220,香菇青菜,4
220,干煸豆角,5
220,水煮鱼,2
220,京酱肉丝,1
220,蚝油生菜,4
220,酸辣土豆丝,1
220,糖醋里脊,4
220,红烧排骨,3
221,烧茄子,4
221,韭菜炒鸡蛋,4
221,手撕包菜,2
221,干锅菜花,3
221,香菇青菜,3
221,青椒土豆丝,5
221,冬瓜排骨汤,5
221,红烧肉,2
221,白切鸡,5
221,回锅肉,1
221,地三鲜,4
221,京酱肉丝,1
221,番茄炒蛋,3
221,酸菜鱼,5
221,蒜蓉西兰花,1
221,酸辣土豆丝,3
221,木耳炒肉,5
221,鱼香肉丝,4
221,宫保鸡丁,4
221,葱爆羊肉,5
221,干煸豆角,4
221,土豆烧牛肉,2
222,青椒土豆丝,4
222,土豆烧牛肉,1
222,番茄炒蛋,5
222,香菇青菜,5
222,京酱肉丝,4
222,麻婆豆腐,3
222,酸菜鱼,5
222,糖醋里脊,1
222,红烧排骨,4
222,葱爆羊肉,2
222,烧茄子,3
222,干煸豆角,4
222,酸辣土豆丝,1
222,紫菜蛋花汤,5
222,冬瓜排骨汤,1
222,西红柿鸡蛋汤,5
222,干锅菜花,4
222,宫保鸡丁,3
222,地三鲜,4
222,辣子鸡,1
223,糖醋里脊,5
223,木耳炒肉,1
223,红烧肉,2
224,红烧肉,3
224,干锅菜花,1
224,土豆烧牛肉,3
224,辣子鸡,5
224,京酱肉丝,1
224,白切鸡,1
224,红烧排骨,5
224,西红柿鸡蛋汤,3
224,糖醋里脊,1
224,干煸豆角,3
224,酸菜鱼,1
224,木耳炒肉,2
224,酸辣土豆丝,4
224,葱爆羊肉,5
224,地三鲜,4
224,宫保鸡丁,3
224,冬瓜排骨汤,4
224,鱼香肉丝,4
224,蒜蓉西兰花,4
224,回锅肉,4
224,烧茄子,5
224,麻婆豆腐,2
225,番茄炒蛋,2
225,香菇青菜,4
225,红烧肉,4
225,糖醋里脊,5
225,土豆烧牛肉,4
225,京酱肉丝,5
225,地三鲜,2
225,葱爆羊肉,4
225,冬瓜排骨汤,5
225,辣子鸡,4
225,干煸豆角,5
225,白切鸡,4
225,鱼香肉丝,4
225,麻婆豆腐,3
225,蚝油生菜,2
225,蒜蓉西兰花,2
225,酸辣土豆丝,4
225,青椒土豆丝,5
225,酸菜鱼,1
225,木耳炒肉,5
225,干锅菜花,4
225,宫保鸡丁,2
226,蒜蓉西兰花,2
226,回锅肉,4
226,葱爆羊肉,1
226,土豆烧牛肉,5
226,红烧排骨,5
226,地三鲜,3
226,宫保鸡丁,5
226,酸辣土豆丝,1
226,蚝油生菜,3
226,香菇青菜,5
226,手撕包菜,1
226,水煮鱼,4
226,烧茄子,4
226,麻婆豆腐,5
226,红烧肉,4
226,白切鸡,5
226,干锅菜花,3
226,西红柿鸡蛋汤,4
226,木耳炒肉,3
226,青椒土豆丝,3
226,京酱肉丝,3
226,韭菜炒鸡蛋,2
226,辣子鸡,1
227,紫菜蛋花汤,2
227,白切鸡,5
227,酸辣土豆丝,3
227,辣子鸡,3
227,冬瓜排骨汤,3
227,红烧排骨,1
227,回锅肉,1
227,宫保鸡丁,5
227,烧茄子,2
227,香菇青菜,5
227,手撕包菜,2
227,番茄炒蛋,4
227,韭菜炒鸡蛋,3
227,木耳炒肉,2
227,鱼香肉丝,3
227,红烧肉,2
227,青椒土豆丝,4
227,土豆烧牛肉,2
227,麻婆豆腐,5
227,蚝油生菜,1
227,京酱肉丝,3
227,干锅菜花,1
227,酸菜鱼,2
228,紫菜蛋花汤,4
228,木耳炒肉,4
228,红烧肉,4
228,西红柿鸡蛋汤,3
228,香菇青菜,4
228,手撕包菜,5
228,葱爆羊肉,2
228,京酱肉丝,4
228,青椒土豆丝,4
228,干锅菜花,4
228,番茄炒蛋,3
228,糖醋里脊,2
228,地三鲜,5
228,宫保鸡丁,4
228,回锅肉,1
228,韭菜炒鸡蛋,3
228,酸辣土豆丝,4
228,蒜蓉西兰花,4
228,鱼香肉丝,3
228,麻婆豆腐,5
229,宫保鸡丁,5
229,水煮鱼,3
229,土豆烧牛肉,2
229,烧茄子,3
229,地三鲜,5
229,葱爆羊肉,1
229,白切鸡,1
229,木耳炒肉,1
229,回锅肉,1
229,酸菜鱼,4
229,干煸豆角,1
229,酸辣土豆丝,5
229,西红柿鸡蛋汤,1
229,红烧排骨,4
229,京酱肉丝,3
229,青椒土豆丝,2
229,香菇青菜,3
229,韭菜炒鸡蛋,3
229,蚝油生菜,2
229,冬瓜排骨汤,1
229,辣子鸡,1
229,手撕包菜,5
230,宫保鸡丁,2
230,白切鸡,5
230,干煸豆角,1
231,水煮鱼,2
231,麻婆豆腐,1
231,冬瓜排骨汤,3
231,白切鸡,1
231,红烧肉,4
231,京酱肉丝,4
231,干煸豆角,3
231,烧茄子,1
231,红烧排骨,3
231,番茄炒蛋,3
231,紫菜蛋花汤,2
231,韭菜炒鸡蛋,4
231,回锅肉,1
231,辣子鸡,4
231,干锅菜花,2
231,酸菜鱼,5
231,宫保鸡丁,4
231,香菇青菜,2
231,青椒土豆丝,4
231,蚝油生菜,1
231,糖醋里脊,2
231,酸辣土豆丝,5
231,手撕包菜,4
232,白切鸡,1
232,烧茄子,1
232,水煮鱼,1
232,干锅菜花,5
232,韭菜炒鸡蛋,3
232,回锅肉,4
232,冬瓜排骨汤,1
233,香菇青菜,3
233,红烧肉,3
233,烧茄子,4
233,冬瓜排骨汤,1
233,鱼香肉丝,1
233,宫保鸡丁,3
233,干煸豆角,5
233,京酱肉丝,3
233,回锅肉,1
233,西红柿鸡蛋汤,4
233,酸菜鱼,3
233,韭菜炒鸡蛋,2
233,蚝油生菜,2
233,蒜蓉西兰花,5
233,紫菜蛋花汤,1
233,青椒土豆丝,4
233,糖醋里脊,2
233,葱爆羊肉,3
233,地三鲜,4
233,手撕包菜,1
233,酸辣土豆丝,3
233,水煮鱼,4
233,土豆烧牛肉,1
233,辣子鸡,4
233,番茄炒蛋,2
233,红烧排骨,2
233,干锅菜花,1
233,麻婆豆腐,2
233,白切鸡,1
234,红烧排骨,5
234,青椒土豆丝,2
234,香菇青菜,5
234,京酱肉丝,2
234,麻婆豆腐,1
234,土豆烧牛肉,1
234,烧茄子,2
234,辣子鸡,4
234,冬瓜排骨汤,1
234,手撕包菜,4
234,干锅菜花,5
234,鱼香肉丝,1
234,宫保鸡丁,2
234,酸菜鱼,2
234,酸辣土豆丝,1
234,番茄炒蛋,2
234,木耳炒肉,1
234,地三鲜,3
234,紫菜蛋花汤,1
234,糖醋里脊,4
234,干煸豆角,5
234,水煮鱼,2
234,西红柿鸡蛋汤,5
234,白切鸡,1
235,木耳炒肉,4
235,水煮鱼,2
235,西红柿鸡蛋汤,3
235,香菇青菜,5
235,白切鸡,2
235,蚝油生菜,4
235,青椒土豆丝,2
235,麻婆豆腐,5
235,糖醋里脊,1
235,葱爆羊肉,2
235,酸菜鱼,1
235,京酱肉丝,5
235,手撕包菜,4
235,冬瓜排骨汤,2
235,红烧肉,1
235,番茄炒蛋,4
235,烧茄子,1
235,红烧排骨,1
235,蒜蓉西兰花,1
235,鱼香肉丝,2
235,辣子鸡,1
235,韭菜炒鸡蛋,5
235,干锅菜花,3
235,土豆烧牛肉,4
235,干煸豆角,4
235,回锅肉,2
235,宫保鸡丁,2
236,烧茄子,2
236,回锅肉,2
236,蒜蓉西兰花,5
236,干锅菜花,1
236,葱爆羊肉,5
237,韭菜炒鸡蛋,3
237,香菇青菜,4
237,白切鸡,1
237,麻婆豆腐,5
237,烧茄子,2
237,辣子鸡,2
238,蒜蓉西兰花,5
238,水煮鱼,5
238,白切鸡,2
238,地三鲜,4
239,烧茄子,1
239,干煸豆角,5
239,糖醋里脊,2
239,回锅肉,2
239,宫保鸡丁,1
239,冬瓜排骨汤,4
239,水煮鱼,5
239,红烧肉,1
239,西红柿鸡蛋汤,1
239,香菇青菜,2
239,紫菜蛋花汤,4
239,番茄炒蛋,5
239,红烧排骨,5
239,蚝油生菜,3
239,蒜蓉西兰花,4
239,酸菜鱼,2
239,土豆烧牛肉,3
239,韭菜炒鸡蛋,2
239,酸辣土豆丝,1
239,手撕包菜,3
239,京酱肉丝,2
239,葱爆羊肉,1
239,青椒土豆丝,2
239,鱼香肉丝,4
239,干锅菜花,2
240,西红柿鸡蛋汤,4
240,青椒土豆丝,3
240,麻婆豆腐,2
240,香菇青菜,4
240,红烧排骨,2
240,木耳炒肉,3
240,宫保鸡丁,3
240,葱爆羊肉,2
240,红烧肉,3
240,糖醋里脊,2
240,白切鸡,1
240,干锅菜花,5
240,番茄炒蛋,1
241,红烧肉,3
241,水煮鱼,5
241,冬瓜排骨汤,2
241,干锅菜花,5
241,木耳炒肉,2
241,葱爆羊肉,5
241,番茄炒蛋,5
241,酸菜鱼,2
241,青椒土豆丝,1
242,冬瓜排骨汤,5
242,蒜蓉西兰花,2
242,香菇青菜,5
242,糖醋里脊,2
242,红烧排骨,5
242,紫菜蛋花汤,1
242,干锅菜花,4
242,回锅肉,1
242,鱼香肉丝,1
242,葱爆羊肉,4
242,青椒土豆丝,5
242,白切鸡,1
242,酸菜鱼,4
242,烧茄子,5
243,香菇青菜,2
243,蚝油生菜,3
243,西红柿鸡蛋汤,3
243,韭菜炒鸡蛋,2
243,水煮鱼,1
243,干锅菜花,1
243,紫菜蛋花汤,4
243,青椒土豆丝,3
243,麻婆豆腐,2
243,土豆烧牛肉,4
243,鱼香肉丝,5
243,葱爆羊肉,5
243,糖醋里脊,1
244,干锅菜花,3
244,手撕包菜,4
244,红烧肉,3
244,韭菜炒鸡蛋,5
244,京酱肉丝,5
244,番茄炒蛋,5
244,地三鲜,2
244,烧茄子,1
244,紫菜蛋花汤,5
244,木耳炒肉,3
244,鱼香肉丝,1
244,麻婆豆腐,5
244,蚝油生菜,3
244,酸菜鱼,1
244,宫保鸡丁,1
245,地三鲜,3
245,干锅菜花,2
245,白切鸡,5
245,宫保鸡丁,1
245,紫菜蛋花汤,4
245,蚝油生菜,5
245,番茄炒蛋,2
245,烧茄子,2
245,土豆烧牛肉,3
245,麻婆豆腐,3
245,干煸豆角,3
245,糖醋里脊,5
245,红烧肉,4
246,宫保鸡丁,4
246,麻婆豆腐,5
246,地三鲜,5
246,冬瓜排骨汤,3
246,干锅菜花,4
246,香菇青菜,5
246,蒜蓉西兰花,3
246,酸辣土豆丝,1
246,水煮鱼,2
247,西红柿鸡蛋汤,3
247,干锅菜花,2
247,麻婆豆腐,1
247,冬瓜排骨汤,1
247,京酱肉丝,2
247,番茄炒蛋,5
247,辣子鸡,3
247,木耳炒肉,4
247,水煮鱼,5
247,手撕包菜,3
247,回锅肉,3
247,干煸豆角,4
247,红烧肉,5
247,香菇青菜,5
247,土豆烧牛肉,5
247,葱爆羊肉,4
247,红烧排骨,4
247,白切鸡,3
247,酸菜鱼,5
247,鱼香肉丝,2
247,蒜蓉西兰花,3
247,糖醋里脊,2
247,韭菜炒鸡蛋,3
247,紫菜蛋花汤,2
247,青椒土豆丝,4
247,蚝油生菜,3
247,酸辣土豆丝,3
247,烧茄子,1
247,地三鲜,2
248,辣子鸡,2
248,干锅菜花,1
248,番茄炒蛋,1
248,白切鸡,3
248,冬瓜排骨汤,5
248,韭菜炒鸡蛋,2
248,土豆烧牛肉,4
248,紫菜蛋花汤,3
248,蚝油生菜,3
248,干煸豆角,2
248,红烧肉,2
248,烧茄子,5
249,宫保鸡丁,3
249,干煸豆角,4
249,酸菜鱼,3
249,地三鲜,5
249,红烧肉,2
249,木耳炒肉,5
249,干锅菜花,4
249,土豆烧牛肉,3
249,番茄炒蛋,1
249,韭菜炒鸡蛋,4
249,辣子鸡,1
249,水煮鱼,2
249,鱼香肉丝,5
249,京酱肉丝,1
249,香菇青菜,3
249,蒜蓉西兰花,1
249,麻婆豆腐,4
249,青椒土豆丝,5
249,西红柿鸡蛋汤,2
249,葱爆羊肉,4
249,烧茄子,3
249,回锅肉,1
249,手撕包菜,3
250,白切鸡,2
250,烧茄子,5
251,青椒土豆丝,5
251,蚝油生菜,1
251,手撕包菜,3
251,回锅肉,4
251,糖醋里脊,2
251,鱼香肉丝,4
251,麻婆豆腐,3
251,土豆烧牛肉,4
251,干锅菜花,3
251,酸辣土豆丝,1
251,蒜蓉西兰花,3
251,京酱肉丝,3
251,西红柿鸡蛋汤,3
251,香菇青菜,3
251,酸菜鱼,4
251,辣子鸡,5
251,干煸豆角,1
252,酸辣土豆丝,2
252,西红柿鸡蛋汤,4
252,干锅菜花,4
252,紫菜蛋花汤,2
252,葱爆羊肉,5
252,冬瓜排骨汤,5
252,辣子鸡,1
253,糖醋里脊,3
253,辣子鸡,1
253,香菇青菜,5
253,冬瓜排骨汤,4
253,蒜蓉西兰花,1
254,葱爆羊肉,3
255,番茄炒蛋,3
255,土豆烧牛肉,5
255,干锅菜花,3
255,韭菜炒鸡蛋,4
255,红烧排骨,5
255,手撕包菜,4
255,红烧肉,2
255,糖醋里脊,1
255,紫菜蛋花汤,1
255,京酱肉丝,2
255,辣子鸡,3
255,西红柿鸡蛋汤,3
255,香菇青菜,4
255,宫保鸡丁,1
256,干煸豆角,1
256,西红柿鸡蛋汤,3
256,辣子鸡,5
256,葱爆羊肉,5
256,番茄炒蛋,1
256,香菇青菜,3
256,韭菜炒鸡蛋,2
256,烧茄子,5
256,青椒土豆丝,1
256,鱼香肉丝,2
256,水煮鱼,3
256,回锅肉,4
256,手撕包菜,2
256,麻婆豆腐,3
256,地三鲜,2
256,冬瓜排骨汤,1
256,紫菜蛋花汤,3
256,干锅菜花,3
256,糖醋里脊,4
256,红烧肉,3
256,木耳炒肉,1
257,辣子鸡,2
257,蒜蓉西兰花,5
257,烧茄子,3
257,麻婆豆腐,3
257,西红柿鸡蛋汤,3
257,糖醋里脊,3
257,冬瓜排骨汤,3
257,番茄炒蛋,1
257,水煮鱼,5
257,白切鸡,5
258,木耳炒肉,2
258,红烧肉,2
258,鱼香肉丝,5
258,西红柿鸡蛋汤,2
258,蒜蓉西兰花,2
258,辣子鸡,5
258,地三鲜,5
258,香菇青菜,5
258,葱爆羊肉,5
258,酸菜鱼,5
258,番茄炒蛋,1
258,水煮鱼,4
259,紫菜蛋花汤,3
259,麻婆豆腐,1
259,水煮鱼,1
259,木耳炒肉,2
259,红烧肉,2
259,鱼香肉丝,2
259,香菇青菜,2
259,地三鲜,3
259,辣子鸡,2
259,韭菜炒鸡蛋,2
259,蚝油生菜,2
259,干锅菜花,1
259,蒜蓉西兰花,4
259,酸菜鱼,1
259,番茄炒蛋,1
260,手撕包菜,4
261,葱爆羊肉,3
261,宫保鸡丁,1
261,糖醋里脊,1
261,水煮鱼,2
261,西红柿鸡蛋汤,3
261,干煸豆角,5
261,蒜蓉西兰花,3
261,红烧排骨,3
261,蚝油生菜,2
261,香菇青菜,5
261,木耳炒肉,5
261,回锅肉,2
261,手撕包菜,5
261,麻婆豆腐,5
261,辣子鸡,1
261,酸菜鱼,1
261,鱼香肉丝,5
261,京酱肉丝,1
261,土豆烧牛肉,5
261,地三鲜,2
261,烧茄子,2
261,白切鸡,3
261,韭菜炒鸡蛋,2
261,干锅菜花,5
261,番茄炒蛋,1
262,水煮鱼,5
262,糖醋里脊,2
262,蒜蓉西兰花,4
262,韭菜炒鸡蛋,3
262,香菇青菜,3
262,地三鲜,5
262,木耳炒肉,1
262,红烧排骨,1
262,番茄炒蛋,3
262,干锅菜花,4
262,紫菜蛋花汤,1
262,干煸豆角,4
262,手撕包菜,3
262,京酱肉丝,4
262,葱爆羊肉,5
262,白切鸡,3
262,回锅肉,4
262,烧茄子,2
262,西红柿鸡蛋汤,5
262,宫保鸡丁,4
262,酸辣土豆丝,3
262,酸菜鱼,4
262,青椒土豆丝,2
262,鱼香肉丝,1
263,木耳炒肉,1
263,蚝油生菜,2
263,香菇青菜,4
263,干煸豆角,4
263,地三鲜,3
263,番茄炒蛋,5
263,鱼香肉丝,5
263,紫菜蛋花汤,3
263,冬瓜排骨汤,4
263,水煮鱼,3
263,京酱肉丝,4
263,干锅菜花,5
263,蒜蓉西兰花,4
263,麻婆豆腐,4
263,烧茄子,5
263,土豆烧牛肉,3
263,糖醋里脊,2
263,葱爆羊肉,4
263,西红柿鸡蛋汤,1
263,辣子鸡,1
263,宫保鸡丁,3
263,红烧排骨,4
263,酸菜鱼,4
263,回锅肉,2
263,青椒土豆丝,2
263,白切鸡,1
263,手撕包菜,1
263,红烧肉,1
263,韭菜炒鸡蛋,1
264,干煸豆角,4
264,鱼香肉丝,2
264,番茄炒蛋,3
264,京酱肉丝,4
264,白切鸡,4
264,紫菜蛋花汤,5
264,酸菜鱼,3
264,红烧肉,5
264,辣子鸡,3
264,蚝油生菜,5
264,烧茄子,5
264,水煮鱼,1
264,麻婆豆腐,1
264,蒜蓉西兰花,4
264,香菇青菜,1
264,木耳炒肉,4
265,酸菜鱼,4
265,冬瓜排骨汤,4
265,京酱肉丝,1
265,干锅菜花,5
265,木耳炒肉,4
265,宫保鸡丁,5
265,手撕包菜,5
265,番茄炒蛋,5
265,土豆烧牛肉,4
265,辣子鸡,4
265,韭菜炒鸡蛋,5
265,香菇青菜,2
265,葱爆羊肉,5
265,红烧肉,1
265,烧茄子,4
266,香菇青菜,1
266,红烧排骨,5
266,京酱肉丝,1
266,白切鸡,2
266,干煸豆角,3
266,地三鲜,3
266,辣子鸡,5
266,酸菜鱼,1
266,宫保鸡丁,3
267,水煮鱼,1
267,葱爆羊肉,3
267,地三鲜,1
267,冬瓜排骨汤,3
267,西红柿鸡蛋汤,2
267,木耳炒肉,1
267,宫保鸡丁,5
267,干煸豆角,3
267,青椒土豆丝,1
267,韭菜炒鸡蛋,4
267,烧茄子,4
267,辣子鸡,5
267,麻婆豆腐,5
268,葱爆羊肉,1
268,回锅肉,5
268,鱼香肉丝,2
268,韭菜炒鸡蛋,3
268,香菇青菜,3
268,红烧排骨,1
268,冬瓜排骨汤,3
268,酸菜鱼,5
268,京酱肉丝,4
268,手撕包菜,2
268,干煸豆角,5
268,木耳炒肉,1
268,水煮鱼,5
268,蚝油生菜,1
268,土豆烧牛肉,5
268,地三鲜,3
268,烧茄子,3
268,蒜蓉西兰花,1
268,番茄炒蛋,5
268,青椒土豆丝,5
268,西红柿鸡蛋汤,4
268,干锅菜花,4
268,麻婆豆腐,2
268,红烧肉,3
268,紫菜蛋花汤,1
268,辣子鸡,3
268,白切鸡,5
268,酸辣土豆丝,3
268,宫保鸡丁,4
269,土豆烧牛肉,5
269,酸菜鱼,1
269,糖醋里脊,5
269,葱爆羊肉,2
269,京酱肉丝,3
269,回锅肉,4
269,白切鸡,2
269,蒜蓉西兰花,2
269,干锅菜花,2
269,紫菜蛋花汤,3
269,番茄炒蛋,4
269,鱼香肉丝,4
269,韭菜炒鸡蛋,3
269,酸辣土豆丝,1
269,香菇青菜,2
269,水煮鱼,4
269,西红柿鸡蛋汤,3
269,地三鲜,3
269,青椒土豆丝,2
269,红烧肉,3
269,手撕包菜,5
269,冬瓜排骨汤,2
270,青椒土豆丝,2
270,水煮鱼,2
270,红烧肉,3
270,糖醋里脊,2
270,鱼香肉丝,1
270,紫菜蛋花汤,3
270,辣子鸡,3
270,干锅菜花,5
270,香菇青菜,2
270,土豆烧牛肉,1
270,葱爆羊肉,4
270,白切鸡,1
270,宫保鸡丁,1
271,西红柿鸡蛋汤,4
271,麻婆豆腐,2
271,酸菜鱼,4
271,白切鸡,2
271,辣子鸡,2
271,紫菜蛋花汤,1
271,葱爆羊肉,2
271,地三鲜,2
271,干煸豆角,3
271,手撕包菜,4
271,京酱肉丝,4
271,红烧肉,3
271,青椒土豆丝,5
271,水煮鱼,1
271,蒜蓉西兰花,4
271,回锅肉,5
271,冬瓜排骨汤,3
271,蚝油生菜,1
271,干锅菜花,3
271,红烧排骨,5
271,土豆烧牛肉,4
271,宫保鸡丁,4
271,香菇青菜,2
271,酸辣土豆丝,3
271,鱼香肉丝,2
271,烧茄子,3
271,糖醋里脊,4
271,木耳炒肉,3
272,辣子鸡,1
272,鱼香肉丝,2
272,烧茄子,3
272,白切鸡,2
272,宫保鸡丁,2
272,酸辣土豆丝,4
272,干煸豆角,3
272,蚝油生菜,4
272,手撕包菜,1
272,青椒土豆丝,3
272,回锅肉,1
272,土豆烧牛肉,4
272,京酱肉丝,4
272,紫菜蛋花汤,4
272,地三鲜,3
272,干锅菜花,4
272,红烧排骨,1
272,酸菜鱼,2
272,韭菜炒鸡蛋,3
272,木耳炒肉,5
272,水煮鱼,1
272,冬瓜排骨汤,3
272,糖醋里脊,4
272,西红柿鸡蛋汤,5
272,蒜蓉西兰花,5
272,麻婆豆腐,3
272,红烧肉,4
273,鱼香肉丝,3
273,手撕包菜,4
273,宫保鸡丁,4
273,烧茄子,2
273,木耳炒肉,3
273,番茄炒蛋,2
273,蚝油生菜,5
273,干锅菜花,3
273,酸辣土豆丝,3
273,红烧肉,2
273,紫菜蛋花汤,1
273,京酱肉丝,4
273,糖醋里脊,3
273,辣子鸡,2
273,酸菜鱼,4
273,蒜蓉西兰花,4
273,冬瓜排骨汤,5
273,葱爆羊肉,2
273,麻婆豆腐,1
273,水煮鱼,1
273,回锅肉,5
273,地三鲜,5
273,土豆烧牛肉,2
274,干锅菜花,2
274,糖醋里脊,1
274,回锅肉,4
275,葱爆羊肉,3
275,白切鸡,4
275,回锅肉,4
275,红烧肉,2
275,麻婆豆腐,4
275,地三鲜,2
275,番茄炒蛋,5
275,红烧排骨,2
275,水煮鱼,3
275,鱼香肉丝,2
275,蒜蓉西兰花,4
275,紫菜蛋花汤,2
275,干锅菜花,4
275,香菇青菜,2
275,干煸豆角,1
275,西红柿鸡蛋汤,3
275,手撕包菜,3
275,土豆烧牛肉,2
275,京酱肉丝,5
275,木耳炒肉,4
276,地三鲜,2
276,红烧排骨,3
276,干煸豆角,4
276,烧茄子,2
276,干锅菜花,4
276,麻婆豆腐,4
276,鱼香肉丝,5
276,香菇青菜,3
277,水煮鱼,1
277,土豆烧牛肉,3
277,宫保鸡丁,2
278,紫菜蛋花汤,5
278,地三鲜,1
278,白切鸡,5
278,干煸豆角,2
278,蚝油生菜,3
278,冬瓜排骨汤,2
278,韭菜炒鸡蛋,5
278,宫保鸡丁,4
278,鱼香肉丝,3
278,回锅肉,4
278,蒜蓉西兰花,2
278,京酱肉丝,1
278,辣子鸡,3
278,红烧排骨,5
278,西红柿鸡蛋汤,4
278,麻婆豆腐,2
279,水煮鱼,3
279,酸菜鱼,3
279,宫保鸡丁,5
279,红烧肉,3
279,香菇青菜,5
279,回锅肉,3
279,酸辣土豆丝,4
279,地三鲜,2
279,葱爆羊肉,3
280,香菇青菜,3
280,手撕包菜,5
280,红烧肉,4
280,土豆烧牛肉,4
280,干煸豆角,4
280,烧茄子,1
280,干锅菜花,2
280,宫保鸡丁,1
280,糖醋里脊,3
280,冬瓜排骨汤,1
280,韭菜炒鸡蛋,2
280,青椒土豆丝,3
280,番茄炒蛋,2
280,白切鸡,2
280,紫菜蛋花汤,5
280,西红柿鸡蛋汤,3
280,麻婆豆腐,5
280,地三鲜,5
280,红烧排骨,2
280,蚝油生菜,5
280,蒜蓉西兰花,1
280,京酱肉丝,5
280,鱼香肉丝,5
280,水煮鱼,2
281,紫菜蛋花汤,3
281,麻婆豆腐,2
281,青椒土豆丝,1
281,手撕包菜,1
281,香菇青菜,4
281,干煸豆角,4
281,水煮鱼,4
281,酸菜鱼,3
281,鱼香肉丝,5
281,辣子鸡,1
281,酸辣土豆丝,3
281,京酱肉丝,1
281,地三鲜,5
281,白切鸡,4
282,酸辣土豆丝,1
282,紫菜蛋花汤,5
282,蚝油生菜,5
282,红烧排骨,4
282,红烧肉,1
282,糖醋里脊,4
282,宫保鸡丁,3
282,烧茄子,2
282,辣子鸡,2
282,酸菜鱼,4
282,西红柿鸡蛋汤,1
283,冬瓜排骨汤,2
284,京酱肉丝,2
284,手撕包菜,1
284,紫菜蛋花汤,3
284,辣子鸡,4
284,烧茄子,4
284,西红柿鸡蛋汤,3
285,干煸豆角,2
285,白切鸡,4
285,红烧肉,5
285,地三鲜,5
285,紫菜蛋花汤,1
285,水煮鱼,3
285,木耳炒肉,4
285,蒜蓉西兰花,4
285,糖醋里脊,1
285,香菇青菜,4
285,干锅菜花,3
285,京酱肉丝,2
285,烧茄子,2
285,回锅肉,3
285,葱爆羊肉,2
285,宫保鸡丁,5
285,红烧排骨,4
285,蚝油生菜,3
285,番茄炒蛋,5
285,辣子鸡,1
285,麻婆豆腐,5
285,土豆烧牛肉,1
285,韭菜炒鸡蛋,1
285,鱼香肉丝,5
285,青椒土豆丝,1
285,冬瓜排骨汤,5
285,酸菜鱼,4
285,西红柿鸡蛋汤,4
285,酸辣土豆丝,1
286,干煸豆角,4
286,酸辣土豆丝,1
286,红烧排骨,1
286,木耳炒肉,4
286,回锅肉,3
286,地三鲜,3
286,蚝油生菜,5
286,冬瓜排骨汤,4
286,麻婆豆腐,4
286,蒜蓉西兰花,5
286,鱼香肉丝,3
286,水煮鱼,3
286,干锅菜花,2
286,番茄炒蛋,2
286,烧茄子,2
287,酸辣土豆丝,1
287,白切鸡,4
287,回锅肉,5
288,鱼香肉丝,4
289,鱼香肉丝,4
289,番茄炒蛋,4
289,烧茄子,5
289,香菇青菜,4
290,白切鸡,1
290,木耳炒肉,2
290,紫菜蛋花汤,2
290,地三鲜,1
290,韭菜炒鸡蛋,2
290,干煸豆角,1
290,蚝油生菜,1
290,手撕包菜,2
290,京酱肉丝,1
290,辣子鸡,2
291,烧茄子,2
291,红烧肉,2
291,紫菜蛋花汤,4
291,青椒土豆丝,4
291,葱爆羊肉,4
291,冬瓜排骨汤,1
291,土豆烧牛肉,4
291,糖醋里脊,5
291,麻婆豆腐,2
291,辣子鸡,2
291,干锅菜花,3
291,西红柿鸡蛋汤,5
291,香菇青菜,4
291,蚝油生菜,1
291,鱼香肉丝,3
291,宫保鸡丁,1
292,烧茄子,4
292,冬瓜排骨汤,4
292,韭菜炒鸡蛋,5
292,葱爆羊肉,5
293,土豆烧牛肉,5
293,辣子鸡,3
293,宫保鸡丁,4
293,香菇青菜,4
293,京酱肉丝,1
293,木耳炒肉,2
293,蒜蓉西兰花,3
293,红烧排骨,2
293,白切鸡,4
293,手撕包菜,3
293,青椒土豆丝,4
293,冬瓜排骨汤,2
293,酸辣土豆丝,5
293,鱼香肉丝,2
293,葱爆羊肉,5
293,西红柿鸡蛋汤,3
293,番茄炒蛋,5
293,回锅肉,4
293,韭菜炒鸡蛋,2
293,红烧肉,3
293,糖醋里脊,4
293,干煸豆角,4
293,地三鲜,3
293,水煮鱼,4
294,冬瓜排骨汤,3
294,番茄炒蛋,2
294,白切鸡,2
294,糖醋里脊,5
294,辣子鸡,1
294,韭菜炒鸡蛋,1
294,酸辣土豆丝,3
294,麻婆豆腐,4
294,干煸豆角,1
294,香菇青菜,5
294,红烧肉,2
294,西红柿鸡蛋汤,1
294,木耳炒肉,5
294,红烧排骨,2
294,烧茄子,4
294,宫保鸡丁,3
294,京酱肉丝,3
294,土豆烧牛肉,3
294,青椒土豆丝,1
294,紫菜蛋花汤,5
294,水煮鱼,3
294,蚝油生菜,2
294,鱼香肉丝,5
294,地三鲜,5
294,手撕包菜,1
294,蒜蓉西兰花,1
295,蚝油生菜,2
295,干锅菜花,3
295,木耳炒肉,2
295,手撕包菜,3
295,水煮鱼,4
295,紫菜蛋花汤,5
295,白切鸡,4
295,酸辣土豆丝,1
295,冬瓜排骨汤,2
295,土豆烧牛肉,3
295,宫保鸡丁,3
295,蒜蓉西兰花,2
295,干煸豆角,1
295,番茄炒蛋,2
295,烧茄子,4
296,手撕包菜,3
296,紫菜蛋花汤,2
296,鱼香肉丝,2
296,青椒土豆丝,5
296,蚝油生菜,4
296,香菇青菜,2
296,酸菜鱼,2
296,辣子鸡,4
296,蒜蓉西兰花,4
296,番茄炒蛋,4
296,麻婆豆腐,4
296,回锅肉,5
296,地三鲜,3
296,葱爆羊肉,1
297,红烧肉,1
297,手撕包菜,2
297,鱼香肉丝,5
297,韭菜炒鸡蛋,1
297,蚝油生菜,5
297,蒜蓉西兰花,3
297,麻婆豆腐,4
297,酸辣土豆丝,4
297,酸菜鱼,5
297,干煸豆角,3
297,京酱肉丝,3
297,番茄炒蛋,3
297,葱爆羊肉,1
297,宫保鸡丁,3
297,白切鸡,5
298,紫菜蛋花汤,2
298,红烧肉,5
298,韭菜炒鸡蛋,5
298,京酱肉丝,3
298,干锅菜花,2
298,烧茄子,1
298,糖醋里脊,5
298,土豆烧牛肉,5
298,白切鸡,3
298,干煸豆角,5
298,蚝油生菜,3
298,地三鲜,2
298,木耳炒肉,1
298,酸辣土豆丝,1
298,辣子鸡,5
298,宫保鸡丁,5
298,鱼香肉丝,3
298,回锅肉,2
298,番茄炒蛋,3
298,蒜蓉西兰花,4
299,水煮鱼,2
299,酸辣土豆丝,5
299,宫保鸡丁,5
299,木耳炒肉,5
299,地三鲜,5
299,回锅肉,2
299,烧茄子,3
299,蒜蓉西兰花,3
299,蚝油生菜,3
299,紫菜蛋花汤,5
299,冬瓜排骨汤,2
299,西红柿鸡蛋汤,4
299,干锅菜花,5
299,辣子鸡,2
299,鱼香肉丝,1
299,青椒土豆丝,3
299,番茄炒蛋,5
300,糖醋里脊,3
300,木耳炒肉,5
300,手撕包菜,4
300,地三鲜,5
300,干锅菜花,5
300,水煮鱼,5
300,红烧肉,4
300,韭菜炒鸡蛋,3
300,葱爆羊肉,5
300,干煸豆角,4
300,麻婆豆腐,4
300,白切鸡,4
300,宫保鸡丁,4
300,烧茄子,4
300,酸辣土豆丝,2
300,青椒土豆丝,2
300,冬瓜排骨汤,5
300,蚝油生菜,2
300,土豆烧牛肉,4
301,干锅菜花,5
301,红烧肉,2
301,韭菜炒鸡蛋,1
301,蒜蓉西兰花,3
301,木耳炒肉,3
301,水煮鱼,3
301,冬瓜排骨汤,3
301,糖醋里脊,3
301,紫菜蛋花汤,4
301,香菇青菜,1
301,宫保鸡丁,2
301,番茄炒蛋,2
301,土豆烧牛肉,5
301,地三鲜,4
301,手撕包菜,1
301,辣子鸡,3
301,葱爆羊肉,3
301,酸辣土豆丝,2
301,白切鸡,2
301,蚝油生菜,4
301,红烧排骨,1
301,西红柿鸡蛋汤,1
301,鱼香肉丝,5
302,麻婆豆腐,5
302,冬瓜排骨汤,2
302,宫保鸡丁,2
302,葱爆羊肉,5
302,香菇青菜,4
302,红烧排骨,4
302,辣子鸡,4
302,手撕包菜,2
302,干锅菜花,3
302,酸菜鱼,1
302,京酱肉丝,5
302,蚝油生菜,5
303,京酱肉丝,5
303,青椒土豆丝,1
303,紫菜蛋花汤,5
303,酸菜鱼,1
303,土豆烧牛肉,2
303,宫保鸡丁,5
303,干煸豆角,5
303,干锅菜花,5
303,回锅肉,1
303,烧茄子,5
303,麻婆豆腐,5
303,番茄炒蛋,2
303,鱼香肉丝,4
303,辣子鸡,5
304,鱼香肉丝,1
304,水煮鱼,1
304,干煸豆角,5
304,土豆烧牛肉,2
304,番茄炒蛋,3
304,紫菜蛋花汤,2
304,回锅肉,2
304,糖醋里脊,3
304,青椒土豆丝,1
304,红烧排骨,2
304,干锅菜花,3
304,麻婆豆腐,4
304,木耳炒肉,2
304,酸菜鱼,1
304,京酱肉丝,5
304,辣子鸡,3
304,手撕包菜,2
304,冬瓜排骨汤,1
304,葱爆羊肉,1
304,蚝油生菜,3
304,韭菜炒鸡蛋,4
304,烧茄子,1
304,白切鸡,3
304,地三鲜,2
304,红烧肉,4
304,酸辣土豆丝,3
304,西红柿鸡蛋汤,3
304,宫保鸡丁,4
304,香菇青菜,1
305,糖醋里脊,5
305,青椒土豆丝,5
306,香菇青菜,3
306,蒜蓉西兰花,4
306,手撕包菜,5
306,西红柿鸡蛋汤,4
306,京酱肉丝,1
306,水煮鱼,4
306,回锅肉,1
306,宫保鸡丁,4
307,青椒土豆丝,5
307,西红柿鸡蛋汤,2
307,鱼香肉丝,2
307,回锅肉,5
307,土豆烧牛肉,4
307,红烧排骨,5
307,干煸豆角,4
307,水煮鱼,1
307,紫菜蛋花汤,1
307,蚝油生菜,4
307,红烧肉,5
307,辣子鸡,3
307,葱爆羊肉,2
307,干锅菜花,1
307,麻婆豆腐,1
307,烧茄子,4
307,酸菜鱼,3
307,木耳炒肉,5
307,韭菜炒鸡蛋,3
307,香菇青菜,4
307,番茄炒蛋,3
308,烧茄子,3
308,糖醋里脊,2
308,红烧排骨,3
308,木耳炒肉,3
308,蒜蓉西兰花,2
308,辣子鸡,4
308,宫保鸡丁,5
308,番茄炒蛋,3
308,土豆烧牛肉,1
308,冬瓜排骨汤,2
308,麻婆豆腐,1
308,手撕包菜,5
308,白切鸡,4
308,京酱肉丝,1
308,水煮鱼,1
308,葱爆羊肉,2
308,干煸豆角,4
308,地三鲜,5
308,回锅肉,4
308,红烧肉,4
308,西红柿鸡蛋汤,5
308,香菇青菜,1
308,韭菜炒鸡蛋,1
308,青椒土豆丝,5
308,干锅菜花,1
308,紫菜蛋花汤,4
308,蚝油生菜,1
309,木耳炒肉,2
309,京酱肉丝,4
309,紫菜蛋花汤,1
309,白切鸡,2
309,地三鲜,1
309,西红柿鸡蛋汤,3
309,番茄炒蛋,3
309,韭菜炒鸡蛋,2
309,鱼香肉丝,1
309,水煮鱼,5
309,干锅菜花,3
309,蚝油生菜,2
310,香菇青菜,2
310,地三鲜,1
310,宫保鸡丁,2
310,回锅肉,4
310,紫菜蛋花汤,1
310,韭菜炒鸡蛋,3
310,手撕包菜,5
310,白切鸡,5
311,番茄炒蛋,5
311,土豆烧牛肉,2
311,糖醋里脊,5
311,干煸豆角,3
311,酸辣土豆丝,2
311,红烧排骨,1
311,木耳炒肉,5
311,蚝油生菜,5
311,白切鸡,3
311,手撕包菜,5
311,紫菜蛋花汤,4
311,麻婆豆腐,1
311,红烧肉,4
311,烧茄子,1
311,西红柿鸡蛋汤,3
311,香菇青菜,4
312,葱爆羊肉,2
312,回锅肉,3
312,水煮鱼,3
312,干煸豆角,1
312,蒜蓉西兰花,1
312,干锅菜花,1
312,香菇青菜,4
312,地三鲜,4
312,蚝油生菜,1
312,宫保鸡丁,5
312,青椒土豆丝,3
312,烧茄子,3
312,西红柿鸡蛋汤,2
312,紫菜蛋花汤,1
312,手撕包菜,4
312,番茄炒蛋,2
312,鱼香肉丝,3
312,糖醋里脊,1
312,冬瓜排骨汤,3
312,酸辣土豆丝,5
312,红烧排骨,2
312,木耳炒肉,1
312,韭菜炒鸡蛋,5
312,酸菜鱼,5
312,白切鸡,4
312,土豆烧牛肉,1
312,辣子鸡,4
312,红烧肉,5
313,麻婆豆腐,3
313,宫保鸡丁,1
313,紫菜蛋花汤,2
313,京酱肉丝,1
314,干锅菜花,5
314,宫保鸡丁,5
314,辣子鸡,1
314,白切鸡,3
314,烧茄子,1
314,葱爆羊肉,4
314,麻婆豆腐,5
314,水煮鱼,3
314,干煸豆角,5
314,西红柿鸡蛋汤,2
314,土豆烧牛肉,1
314,蚝油生菜,1
314,冬瓜排骨汤,1
314,京酱肉丝,5
314,蒜蓉西兰花,1
314,红烧排骨,5
314,木耳炒肉,2
314,香菇青菜,5
314,糖醋里脊,2
314,韭菜炒鸡蛋,5
314,手撕包菜,3
314,鱼香肉丝,3
314,青椒土豆丝,4
314,酸菜鱼,4
314,地三鲜,5
314,番茄炒蛋,4
315,青椒土豆丝,3
315,红烧肉,5
315,蚝油生菜,4
315,宫保鸡丁,5
315,木耳炒肉,3
315,西红柿鸡蛋汤,3
316,西红柿鸡蛋汤,4
316,土豆烧牛肉,3
316,手撕包菜,2
316,红烧肉,2
316,木耳炒肉,2
316,香菇青菜,1
316,辣子鸡,3
316,白切鸡,2
316,酸菜鱼,4
316,酸辣土豆丝,4
316,地三鲜,5
316,鱼香肉丝,3
316,蒜蓉西兰花,5
316,蚝油生菜,5
316,宫保鸡丁,3
316,水煮鱼,5
316,回锅肉,3
316,葱爆羊肉,4
316,红烧排骨,3
317,水煮鱼,1
317,干锅菜花,2
317,蚝油生菜,2
317,宫保鸡丁,4
317,香菇青菜,5
317,青椒土豆丝,2
318,香菇青菜,4
318,酸辣土豆丝,2
318,手撕包菜,1
318,木耳炒肉,3
318,酸菜鱼,1
318,西红柿鸡蛋汤,1
318,京酱肉丝,3
318,糖醋里脊,1
319,水煮鱼,2
319,红烧肉,3
319,辣子鸡,5
319,干锅菜花,2
319,糖醋里脊,2
319,烧茄子,2
319,红烧排骨,1
319,地三鲜,2
319,宫保鸡丁,3
319,鱼香肉丝,1
319,蚝油生菜,1
319,白切鸡,2
319,冬瓜排骨汤,4
319,番茄炒蛋,1
319,青椒土豆丝,3
319,木耳炒肉,2
319,西红柿鸡蛋汤,3
319,韭菜炒鸡蛋,4
320,地三鲜,1
320,蚝油生菜,1
320,紫菜蛋花汤,2
320,干煸豆角,2
320,番茄炒蛋,2
320,蒜蓉西兰花,2
320,白切鸡,5
320,葱爆羊肉,4
321,地三鲜,1
321,酸菜鱼,4
321,白切鸡,5
321,葱爆羊肉,1
321,烧茄子,2
321,青椒土豆丝,5
321,宫保鸡丁,4
321,冬瓜排骨汤,5
321,红烧排骨,3
321,糖醋里脊,4
321,土豆烧牛肉,5
321,辣子鸡,4
321,红烧肉,2
321,西红柿鸡蛋汤,3
321,手撕包菜,3
321,鱼香肉丝,5
321,蒜蓉西兰花,4
321,京酱肉丝,4
321,韭菜炒鸡蛋,4
321,麻婆豆腐,3
321,回锅肉,5
321,香菇青菜,4
321,水煮鱼,5
322,宫保鸡丁,5
322,糖醋里脊,3
322,青椒土豆丝,2
322,西红柿鸡蛋汤,5
322,干锅菜花,1
322,冬瓜排骨汤,4
322,京酱肉丝,5
322,木耳炒肉,5
322,辣子鸡,3
322,葱爆羊肉,4
322,酸辣土豆丝,4
322,红烧排骨,4
322,番茄炒蛋,4
322,地三鲜,4
322,回锅肉,3
322,香菇青菜,4
322,紫菜蛋花汤,3
322,麻婆豆腐,3
322,烧茄子,4
322,红烧肉,1
322,手撕包菜,2
323,青椒土豆丝,1
323,回锅肉,3
323,烧茄子,1
323,麻婆豆腐,5
323,地三鲜,2
323,木耳炒肉,3
323,辣子鸡,2
323,蒜蓉西兰花,3
323,韭菜炒鸡蛋,3
323,土豆烧牛肉,3
323,手撕包菜,3
323,西红柿鸡蛋汤,2
323,紫菜蛋花汤,5
323,水煮鱼,2
323,干煸豆角,5
324,鱼香肉丝,1
324,手撕包菜,4
324,辣子鸡,5
324,冬瓜排骨汤,2
324,地三鲜,4
324,京酱肉丝,2
324,西红柿鸡蛋汤,2
324,红烧排骨,2
324,烧茄子,4
325,蒜蓉西兰花,3
325,红烧排骨,1
325,蚝油生菜,3
325,土豆烧牛肉,2
325,手撕包菜,4
325,干锅菜花,4
325,酸辣土豆丝,2
325,冬瓜排骨汤,4
326,冬瓜排骨汤,4
326,土豆烧牛肉,5
326,鱼香肉丝,3
326,地三鲜,3
326,红烧肉,5
326,红烧排骨,1
326,蚝油生菜,5
326,辣子鸡,1
326,紫菜蛋花汤,2
326,香菇青菜,2
326,木耳炒肉,3
326,酸菜鱼,5
326,青椒土豆丝,5
326,葱爆羊肉,5
326,蒜蓉西兰花,5
327,京酱肉丝,2
327,紫菜蛋花汤,2
327,糖醋里脊,3
327,西红柿鸡蛋汤,5
327,麻婆豆腐,1
327,土豆烧牛肉,4
327,木耳炒肉,1
327,冬瓜排骨汤,3
327,香菇青菜,5
327,水煮鱼,1
327,酸菜鱼,2
327,红烧排骨,3
327,干锅菜花,4
327,辣子鸡,4
327,蚝油生菜,2
327,干煸豆角,1
327,宫保鸡丁,2
327,白切鸡,5
327,回锅肉,4
327,手撕包菜,4
327,鱼香肉丝,1
327,青椒土豆丝,4
327,蒜蓉西兰花,2
327,葱爆羊肉,2
327,韭菜炒鸡蛋,2
327,地三鲜,3
327,烧茄子,4
327,番茄炒蛋,4
328,白切鸡,4
328,红烧排骨,3
328,辣子鸡,2
328,西红柿鸡蛋汤,1
328,糖醋里脊,2
328,蒜蓉西兰花,4
329,木耳炒肉,2
329,京酱肉丝,5
329,白切鸡,3
330,西红柿鸡蛋汤,4
330,香菇青菜,4
330,干锅菜花,4
330,冬瓜排骨汤,2
330,红烧排骨,5
330,宫保鸡丁,1
330,酸辣土豆丝,4
330,麻婆豆腐,1
330,辣子鸡,2
330,烧茄子,2
330,木耳炒肉,3
330,地三鲜,5
330,干煸豆角,3
330,京酱肉丝,1
330,番茄炒蛋,2
330,糖醋里脊,4
330,水煮鱼,4
330,韭菜炒鸡蛋,5
330,土豆烧牛肉,1
331,麻婆豆腐,5
331,手撕包菜,1
331,水煮鱼,4
331,蒜蓉西兰花,1
331,西红柿鸡蛋汤,1
331,蚝油生菜,4
331,酸菜鱼,4
331,葱爆羊肉,3
331,干锅菜花,4
331,番茄炒蛋,2
331,回锅肉,4
331,糖醋里脊,1
332,回锅肉,1
333,紫菜蛋花汤,3
333,红烧肉,1
333,酸菜鱼,5
333,干煸豆角,4
333,酸辣土豆丝,2
333,干锅菜花,1
333,香菇青菜,1
333,手撕包菜,3
333,麻婆豆腐,2
333,木耳炒肉,4
333,土豆烧牛肉,3
333,青椒土豆丝,2
333,韭菜炒鸡蛋,2
333,西红柿鸡蛋汤,1
333,蚝油生菜,5
333,葱爆羊肉,2
333,蒜蓉西兰花,4
333,烧茄子,1
333,京酱肉丝,5
333,鱼香肉丝,1
333,辣子鸡,4
333,宫保鸡丁,3
333,地三鲜,4
334,白切鸡,1
334,鱼香肉丝,4
335,糖醋里脊,3
335,青椒土豆丝,5
335,地三鲜,2
335,西红柿鸡蛋汤,5
335,紫菜蛋花汤,2
335,麻婆豆腐,5
335,鱼香肉丝,4
335,葱爆羊肉,4
335,酸辣土豆丝,1
335,干煸豆角,2
335,酸菜鱼,2
335,蚝油生菜,1
335,手撕包菜,3
335,木耳炒肉,3
335,水煮鱼,2
335,京酱肉丝,1
335,韭菜炒鸡蛋,4
335,白切鸡,3
335,土豆烧牛肉,1
335,冬瓜排骨汤,4
335,烧茄子,2
335,红烧排骨,4
335,宫保鸡丁,2
335,回锅肉,1
335,干锅菜花,3
336,白切鸡,3
336,地三鲜,2
336,宫保鸡丁,3
336,麻婆豆腐,4
336,糖醋里脊,1
336,葱爆羊肉,3
336,辣子鸡,1
336,紫菜蛋花汤,5
336,香菇青菜,5
336,水煮鱼,4
336,土豆烧牛肉,4
336,红烧排骨,5
336,番茄炒蛋,2
336,回锅肉,5
336,烧茄子,5
336,酸辣土豆丝,1
336,韭菜炒鸡蛋,2
336,酸菜鱼,1
336,西红柿鸡蛋汤,5
336,蚝油生菜,1
336,木耳炒肉,3
337,酸辣土豆丝,3
337,葱爆羊肉,4
337,手撕包菜,3
337,青椒土豆丝,2
337,白切鸡,2
337,麻婆豆腐,4
337,宫保鸡丁,2
337,红烧肉,1
338,紫菜蛋花汤,3
338,酸辣土豆丝,1
338,白切鸡,5
338,干锅菜花,4
338,西红柿鸡蛋汤,3
338,酸菜鱼,1
338,红烧肉,2
338,回锅肉,3
339,青椒土豆丝,5
339,糖醋里脊,3
339,土豆烧牛肉,2
339,宫保鸡丁,4
339,干煸豆角,1
339,紫菜蛋花汤,1
339,蚝油生菜,4
339,韭菜炒鸡蛋,1
339,手撕包菜,2
339,白切鸡,1
339,京酱肉丝,2
340,红烧肉,5
340,麻婆豆腐,1
340,番茄炒蛋,4
340,红烧排骨,4
340,土豆烧牛肉,3
340,糖醋里脊,2
340,青椒土豆丝,2
341,葱爆羊肉,2
341,番茄炒蛋,3
341,白切鸡,4
341,青椒土豆丝,1
341,辣子鸡,3
341,蚝油生菜,4
341,红烧排骨,4
341,干锅菜花,2
342,干锅菜花,4
342,葱爆羊肉,4
342,蒜蓉西兰花,3
342,白切鸡,4
342,酸辣土豆丝,3
342,西红柿鸡蛋汤,4
342,红烧肉,5
342,香菇青菜,5
342,鱼香肉丝,4
342,京酱肉丝,1
342,手撕包菜,3
342,麻婆豆腐,2
342,辣子鸡,4
342,蚝油生菜,2
342,番茄炒蛋,2
342,冬瓜排骨汤,2
343,鱼香肉丝,5
344,酸辣土豆丝,3
344,地三鲜,5
344,香菇青菜,4
344,京酱肉丝,3
344,葱爆羊肉,1
344,木耳炒肉,4
344,紫菜蛋花汤,4
344,西红柿鸡蛋汤,2
344,手撕包菜,2
344,冬瓜排骨汤,4
344,辣子鸡,1
344,红烧排骨,3
344,麻婆豆腐,1
344,蚝油生菜,2
344,宫保鸡丁,3
344,干锅菜花,5
344,烧茄子,4
344,糖醋里脊,2
344,白切鸡,3
344,土豆烧牛肉,2
344,水煮鱼,5
344,干煸豆角,5
344,红烧肉,2
344,回锅肉,1
345,手撕包菜,4
345,麻婆豆腐,4
345,烧茄子,5
345,韭菜炒鸡蛋,1
346,紫菜蛋花汤,5
346,糖醋里脊,3
346,葱爆羊肉,2
346,番茄炒蛋,3
346,冬瓜排骨汤,2
346,回锅肉,4
346,韭菜炒鸡蛋,3
346,辣子鸡,1
346,蒜蓉西兰花,2
346,土豆烧牛肉,4
346,京酱肉丝,1
346,红烧排骨,1
346,酸辣土豆丝,1
346,蚝油生菜,4
346,麻婆豆腐,5
346,宫保鸡丁,4
346,酸菜鱼,3
347,葱爆羊肉,5
347,番茄炒蛋,1
347,西红柿鸡蛋汤,2
347,地三鲜,1
347,冬瓜排骨汤,3
347,韭菜炒鸡蛋,1
347,红烧肉,4
347,糖醋里脊,1
347,香菇青菜,3
347,蚝油生菜,1
347,蒜蓉西兰花,3
347,水煮鱼,1
347,干锅菜花,5
347,手撕包菜,2
347,烧茄子,4
347,红烧排骨,4
347,鱼香肉丝,1
347,木耳炒肉,1
347,麻婆豆腐,1
347,土豆烧牛肉,3
347,酸辣土豆丝,1
347,白切鸡,5
347,青椒土豆丝,1
347,干煸豆角,1
348,蒜蓉西兰花,4
348,蚝油生菜,4
348,鱼香肉丝,3
348,京酱肉丝,5
348,白切鸡,4
348,紫菜蛋花汤,3
348,回锅肉,3
349,西红柿鸡蛋汤,5
349,酸菜鱼,3
349,紫菜蛋花汤,2
349,木耳炒肉,3
349,青椒土豆丝,4
349,地三鲜,5
349,干煸豆角,4
349,京酱肉丝,5
349,韭菜炒鸡蛋,4
349,白切鸡,2
349,宫保鸡丁,1
349,手撕包菜,3
349,冬瓜排骨汤,1
349,水煮鱼,3
349,鱼香肉丝,1
349,蚝油生菜,3
349,葱爆羊肉,4
349,红烧排骨,2
349,糖醋里脊,5
349,麻婆豆腐,4
349,香菇青菜,4
349,烧茄子,5
350,麻婆豆腐,5
350,地三鲜,2
350,葱爆羊肉,2
350,香菇青菜,2
350,干煸豆角,2
350,韭菜炒鸡蛋,1
350,水煮鱼,1
350,京酱肉丝,4
350,辣子鸡,1
350,白切鸡,2
350,糖醋里脊,3
350,红烧肉,4
350,蒜蓉西兰花,3
350,土豆烧牛肉,2
350,宫保鸡丁,3
350,紫菜蛋花汤,4
350,青椒土豆丝,1
350,手撕包菜,2
350,木耳炒肉,5
350,红烧排骨,4
350,回锅肉,1
350,冬瓜排骨汤,3
350,干锅菜花,2
350,酸辣土豆丝,5
350,鱼香肉丝,5
350,烧茄子,1
351,酸菜鱼,2
351,京酱肉丝,1
351,韭菜炒鸡蛋,5
351,酸辣土豆丝,3
351,木耳炒肉,2
351,蚝油生菜,3
351,西红柿鸡蛋汤,4
351,烧茄子,5
351,冬瓜排骨汤,1
351,土豆烧牛肉,3
351,葱爆羊肉,1
351,青椒土豆丝,5
351,红烧排骨,5
351,回锅肉,2
351,水煮鱼,4
351,红烧肉,4
351,宫保鸡丁,3
351,白切鸡,3
351,手撕包菜,2
351,番茄炒蛋,5
351,辣子鸡,5
352,青椒土豆丝,1
352,水煮鱼,5
352,京酱肉丝,3
352,鱼香肉丝,3
352,土豆烧牛肉,5
352,干锅菜花,1
352,酸菜鱼,3
352,红烧肉,5
352,辣子鸡,4
352,紫菜蛋花汤,2
352,香菇青菜,4
352,手撕包菜,3
352,韭菜炒鸡蛋,4
352,干煸豆角,1
352,蚝油生菜,3
352,地三鲜,2
352,酸辣土豆丝,2
352,冬瓜排骨汤,2
352,红烧排骨,1
353,手撕包菜,2
353,番茄炒蛋,3
353,冬瓜排骨汤,5
353,香菇青菜,1
353,酸辣土豆丝,3
353,京酱肉丝,4
353,辣子鸡,2
353,干煸豆角,5
353,西红柿鸡蛋汤,2
353,鱼香肉丝,4
353,土豆烧牛肉,4
353,紫菜蛋花汤,3
353,酸菜鱼,2
353,葱爆羊肉,2
353,木耳炒肉,2
353,韭菜炒鸡蛋,2
353,红烧排骨,1
353,糖醋里脊,3
353,蒜蓉西兰花,5
353,宫保鸡丁,1
353,回锅肉,2
353,红烧肉,4
353,蚝油生菜,4
353,干锅菜花,2
353,白切鸡,1
353,青椒土豆丝,1
353,水煮鱼,3
353,烧茄子,4
354,宫保鸡丁,4
354,水煮鱼,2
354,蒜蓉西兰花,4
354,烧茄子,2
354,酸菜鱼,1
354,红烧排骨,1
355,京酱肉丝,1
355,香菇青菜,4
355,辣子鸡,4
355,韭菜炒鸡蛋,3
355,白切鸡,4
355,番茄炒蛋,3
355,烧茄子,1
355,紫菜蛋花汤,1
356,麻婆豆腐,5
356,水煮鱼,2
356,香菇青菜,1
356,烧茄子,5
357,红烧排骨,2
357,香菇青菜,4
357,回锅肉,1
357,韭菜炒鸡蛋,4
357,酸辣土豆丝,5
357,水煮鱼,5
357,紫菜蛋花汤,5
357,番茄炒蛋,4
357,京酱肉丝,1
357,西红柿鸡蛋汤,5
357,葱爆羊肉,5
357,辣子鸡,5
357,红烧肉,1
357,手撕包菜,2
357,酸菜鱼,1
357,宫保鸡丁,2
357,地三鲜,5
357,干煸豆角,2
357,冬瓜排骨汤,1
358,干锅菜花,3
358,蚝油生菜,5
358,酸菜鱼,2
358,水煮鱼,4
358,宫保鸡丁,1
358,红烧肉,2
358,红烧排骨,3
358,糖醋里脊,1
358,烧茄子,5
358,番茄炒蛋,3
358,麻婆豆腐,5
358,土豆烧牛肉,4
358,回锅肉,2
358,西红柿鸡蛋汤,5
358,白切鸡,4
358,蒜蓉西兰花,3
358,酸辣土豆丝,5
358,手撕包菜,3
359,土豆烧牛肉,4
359,蒜蓉西兰花,1
359,糖醋里脊,5
359,韭菜炒鸡蛋,3
359,水煮鱼,3
359,干煸豆角,4
359,宫保鸡丁,2
359,青椒土豆丝,4
359,酸辣土豆丝,4
359,冬瓜排骨汤,1
359,红烧肉,3
359,辣子鸡,4
359,烧茄子,2
359,白切鸡,5
359,紫菜蛋花汤,2
359,红烧排骨,1
359,番茄炒蛋,3
359,西红柿鸡蛋汤,2
359,麻婆豆腐,3
359,干锅菜花,5
360,烧茄子,1
360,木耳炒肉,3
360,蒜蓉西兰花,3
360,白切鸡,3
360,番茄炒蛋,2
360,葱爆羊肉,2
360,红烧肉,3
360,酸菜鱼,1
360,手撕包菜,1
360,京酱肉丝,4
360,鱼香肉丝,2
360,青椒土豆丝,4
360,麻婆豆腐,1
360,回锅肉,1
360,水煮鱼,2
360,冬瓜排骨汤,5
360,宫保鸡丁,3
360,韭菜炒鸡蛋,5
360,干锅菜花,4
360,糖醋里脊,1
360,干煸豆角,5
360,蚝油生菜,3
361,红烧排骨,2
361,冬瓜排骨汤,4
361,辣子鸡,5
361,土豆烧牛肉,3
361,回锅肉,1
361,白切鸡,3
361,水煮鱼,2
361,宫保鸡丁,5
361,番茄炒蛋,4
361,酸菜鱼,4
361,京酱肉丝,2
361,干煸豆角,4
361,地三鲜,3
361,手撕包菜,4
361,香菇青菜,5
361,西红柿鸡蛋汤,3
361,麻婆豆腐,3
361,红烧肉,4
361,鱼香肉丝,5
361,烧茄子,2
361,蚝油生菜,3
361,葱爆羊肉,1
361,干锅菜花,3
362,手撕包菜,5
362,酸菜鱼,4
362,冬瓜排骨汤,1
362,麻婆豆腐,4
362,烧茄子,5
362,木耳炒肉,2
362,紫菜蛋花汤,4
362,青椒土豆丝,4
362,酸辣土豆丝,5
362,番茄炒蛋,5
362,红烧排骨,1
362,宫保鸡丁,4
362,干煸豆角,1
362,辣子鸡,5
363,紫菜蛋花汤,5
363,木耳炒肉,3
363,酸辣土豆丝,2
363,鱼香肉丝,5
363,韭菜炒鸡蛋,5
363,葱爆羊肉,1
363,蚝油生菜,5
364,番茄炒蛋,2
364,干煸豆角,3
364,手撕包菜,1
364,蒜蓉西兰花,3
364,青椒土豆丝,2
364,紫菜蛋花汤,5
364,麻婆豆腐,1
364,地三鲜,3
364,红烧肉,3
364,木耳炒肉,4
364,韭菜炒鸡蛋,3
364,宫保鸡丁,3
364,葱爆羊肉,2
364,香菇青菜,1
364,京酱肉丝,5
365,糖醋里脊,3
365,辣子鸡,3
365,烧茄子,1
365,蒜蓉西兰花,1
365,宫保鸡丁,3
365,干锅菜花,2
365,白切鸡,4
365,香菇青菜,3
365,蚝油生菜,1
365,地三鲜,1
365,鱼香肉丝,4
365,手撕包菜,4
365,酸菜鱼,2
366,蒜蓉西兰花,4
366,西红柿鸡蛋汤,1
366,红烧肉,4
367,红烧肉,3
368,香菇青菜,3
368,京酱肉丝,1
368,地三鲜,4
368,辣子鸡,4
368,冬瓜排骨汤,2
368,葱爆羊肉,2
368,番茄炒蛋,3
368,土豆烧牛肉,4
369,地三鲜,2
370,糖醋里脊,4
370,辣子鸡,4
370,宫保鸡丁,3
370,红烧肉,1
371,干煸豆角,4
371,糖醋里脊,4
371,香菇青菜,5
371,紫菜蛋花汤,4
371,回锅肉,2
371,水煮鱼,3
372,手撕包菜,3
372,紫菜蛋花汤,3
372,京酱肉丝,4
372,蒜蓉西兰花,1
372,酸辣土豆丝,4
372,蚝油生菜,2
372,冬瓜排骨汤,5
372,红烧肉,2
372,水煮鱼,5
372,干煸豆角,2
372,鱼香肉丝,2
372,韭菜炒鸡蛋,3
372,红烧排骨,1
372,地三鲜,3
372,白切鸡,2
372,西红柿鸡蛋汤,4
372,酸菜鱼,2
372,烧茄子,4
372,香菇青菜,1
372,葱爆羊肉,5
372,番茄炒蛋,5
372,糖醋里脊,2
372,木耳炒肉,2
372,干锅菜花,5
372,回锅肉,2
373,水煮鱼,1
373,红烧肉,5
373,京酱肉丝,2
373,宫保鸡丁,1
373,回锅肉,1
373,糖醋里脊,4
373,西红柿鸡蛋汤,4
373,葱爆羊肉,5
374,韭菜炒鸡蛋,1
374,烧茄子,3
374,青椒土豆丝,1
374,冬瓜排骨汤,3
374,酸菜鱼,3
374,葱爆羊肉,3
374,香菇青菜,3
374,宫保鸡丁,4
374,蒜蓉西兰花,2
374,手撕包菜,3
375,宫保鸡丁,5
375,番茄炒蛋,5
375,紫菜蛋花汤,5
375,鱼香肉丝,3
375,冬瓜排骨汤,2
375,干煸豆角,3
375,酸辣土豆丝,2
375,酸菜鱼,5
375,糖醋里脊,4
375,辣子鸡,1
375,香菇青菜,1
375,回锅肉,2
375,水煮鱼,5
375,葱爆羊肉,1
375,西红柿鸡蛋汤,1
375,红烧肉,5
375,青椒土豆丝,2
375,白切鸡,2
375,京酱肉丝,4
375,干锅菜花,1
375,蚝油生菜,1
375,烧茄子,5
375,木耳炒肉,5
375,地三鲜,3
375,韭菜炒鸡蛋,3
375,红烧排骨,4
375,麻婆豆腐,2
375,手撕包菜,5
375,土豆烧牛肉,2
376,红烧肉,4
376,糖醋里脊,5
377,回锅肉,2
377,西红柿鸡蛋汤,4
377,手撕包菜,4
377,土豆烧牛肉,5
377,地三鲜,5
377,蚝油生菜,1
377,干锅菜花,2
377,烧茄子,4
377,水煮鱼,5
377,葱爆羊肉,4
377,麻婆豆腐,5
377,香菇青菜,4
377,韭菜炒鸡蛋,4
377,蒜蓉西兰花,5
377,鱼香肉丝,3
377,白切鸡,2
377,辣子鸡,2
377,红烧肉,1
377,冬瓜排骨汤,2
377,酸辣土豆丝,5
377,京酱肉丝,2
377,红烧排骨,5
377,紫菜蛋花汤,1
378,紫菜蛋花汤,1
378,蚝油生菜,3
378,蒜蓉西兰花,5
378,干锅菜花,3
378,冬瓜排骨汤,3
378,韭菜炒鸡蛋,1
378,酸辣土豆丝,5
378,西红柿鸡蛋汤,3
378,回锅肉,2
378,辣子鸡,4
378,青椒土豆丝,5
378,烧茄子,3
378,干煸豆角,3
378,水煮鱼,1
378,番茄炒蛋,1
378,手撕包菜,3
378,鱼香肉丝,2
378,土豆烧牛肉,3
378,木耳炒肉,2
378,红烧肉,3
378,葱爆羊肉,1
378,麻婆豆腐,5
378,酸菜鱼,5
378,宫保鸡丁,1
378,京酱肉丝,4
378,红烧排骨,3
378,糖醋里脊,5
378,白切鸡,5
378,香菇青菜,2
379,干锅菜花,3
379,青椒土豆丝,2
379,酸菜鱼,2
379,回锅肉,4
379,糖醋里脊,5
379,红烧排骨,2
379,烧茄子,1
379,京酱肉丝,2
379,红烧肉,1
379,紫菜蛋花汤,4
379,西红柿鸡蛋汤,2
379,葱爆羊肉,4
379,地三鲜,4
379,干煸豆角,1
379,香菇青菜,5
379,宫保鸡丁,2
379,白切鸡,1
379,麻婆豆腐,5
379,手撕包菜,1
379,韭菜炒鸡蛋,4
379,冬瓜排骨汤,4
379,水煮鱼,1
379,土豆烧牛肉,1
379,番茄炒蛋,1
379,酸辣土豆丝,1
379,辣子鸡,2
379,鱼香肉丝,2
380,麻婆豆腐,3
380,回锅肉,5
380,红烧肉,1
380,烧茄子,1
380,白切鸡,1
380,鱼香肉丝,1
380,手撕包菜,5
380,水煮鱼,3
380,土豆烧牛肉,1
380,酸菜鱼,5
380,紫菜蛋花汤,4
380,糖醋里脊,2
380,冬瓜排骨汤,1
380,香菇青菜,2
380,干锅菜花,1
380,葱爆羊肉,2
380,蚝油生菜,4
380,干煸豆角,4
380,番茄炒蛋,2
380,青椒土豆丝,3
380,蒜蓉西兰花,3
380,韭菜炒鸡蛋,2
380,酸辣土豆丝,4
380,京酱肉丝,1
380,地三鲜,4
381,水煮鱼,5
381,青椒土豆丝,3
381,紫菜蛋花汤,1
381,辣子鸡,3
381,地三鲜,1
381,麻婆豆腐,1
382,红烧肉,1
382,番茄炒蛋,1
382,葱爆羊肉,2
382,蒜蓉西兰花,2
382,酸菜鱼,3
382,白切鸡,2
382,西红柿鸡蛋汤,4
382,干煸豆角,4
382,冬瓜排骨汤,4
382,紫菜蛋花汤,1
382,辣子鸡,1
382,手撕包菜,5
382,地三鲜,4
382,水煮鱼,3
382,回锅肉,2
382,干锅菜花,1
382,青椒土豆丝,3
382,蚝油生菜,2
382,酸辣土豆丝,2
382,烧茄子,4
383,酸菜鱼,4
383,香菇青菜,5
383,葱爆羊肉,4
383,西红柿鸡蛋汤,5
383,韭菜炒鸡蛋,5
383,冬瓜排骨汤,4
383,白切鸡,5
383,烧茄子,5
383,紫菜蛋花汤,2
383,红烧肉,4
383,青椒土豆丝,1
383,京酱肉丝,5
384,葱爆羊肉,3
384,蒜蓉西兰花,4
384,红烧排骨,2
384,手撕包菜,5
384,韭菜炒鸡蛋,4
384,酸辣土豆丝,2
384,青椒土豆丝,2
384,蚝油生菜,2
384,麻婆豆腐,1
384,木耳炒肉,2
384,地三鲜,1
384,鱼香肉丝,2
384,糖醋里脊,4
384,冬瓜排骨汤,1
384,白切鸡,4
384,回锅肉,3
384,烧茄子,1
384,干煸豆角,1
384,宫保鸡丁,5
384,西红柿鸡蛋汤,1
384,番茄炒蛋,4
384,辣子鸡,5
384,京酱肉丝,2
385,红烧肉,3
386,麻婆豆腐,4
386,青椒土豆丝,2
386,鱼香肉丝,2
386,红烧排骨,4
386,木耳炒肉,2
387,蒜蓉西兰花,4
387,韭菜炒鸡蛋,5
387,辣子鸡,3
387,香菇青菜,5
387,葱爆羊肉,5
387,酸辣土豆丝,3
387,酸菜鱼,2
387,干锅菜花,4
387,烧茄子,2
387,鱼香肉丝,3
387,冬瓜排骨汤,1
387,水煮鱼,5
387,红烧肉,4
387,宫保鸡丁,2
387,紫菜蛋花汤,2
387,白切鸡,4
387,京酱肉丝,5
387,麻婆豆腐,1
387,回锅肉,2
387,蚝油生菜,4
387,干煸豆角,2
387,糖醋里脊,5
387,地三鲜,5
387,番茄炒蛋,1
388,韭菜炒鸡蛋,2
388,干锅菜花,5
388,香菇青菜,1
388,酸菜鱼,3
388,烧茄子,2
388,蚝油生菜,5
388,京酱肉丝,2
388,酸辣土豆丝,1
388,番茄炒蛋,2
388,宫保鸡丁,3
388,地三鲜,1
388,葱爆羊肉,5
388,糖醋里脊,5
388,回锅肉,1
388,水煮鱼,5
388,手撕包菜,4
388,西红柿鸡蛋汤,1
388,干煸豆角,1
388,辣子鸡,3
388,紫菜蛋花汤,1
388,鱼香肉丝,3
388,冬瓜排骨汤,1
388,红烧肉,3
388,红烧排骨,3
388,青椒土豆丝,4
388,白切鸡,5
388,木耳炒肉,2
389,手撕包菜,1
389,京酱肉丝,5
389,酸辣土豆丝,2
389,地三鲜,1
389,红烧肉,5
389,韭菜炒鸡蛋,4
389,干煸豆角,4
389,水煮鱼,5
389,酸菜鱼,1
389,葱爆羊肉,3
389,蒜蓉西兰花,2
390,干煸豆角,1
390,干锅菜花,2
390,麻婆豆腐,2
390,西红柿鸡蛋汤,2
390,烧茄子,2
391,蒜蓉西兰花,5
391,酸辣土豆丝,5
391,白切鸡,1
391,烧茄子,2
391,紫菜蛋花汤,5
391,手撕包菜,4
391,酸菜鱼,1
391,干锅菜花,1
391,红烧肉,2
391,西红柿鸡蛋汤,3
391,辣子鸡,5
391,地三鲜,1
391,葱爆羊肉,4
391,宫保鸡丁,1
391,京酱肉丝,4
391,水煮鱼,3
391,韭菜炒鸡蛋,2
392,番茄炒蛋,3
392,麻婆豆腐,4
392,回锅肉,3
392,红烧排骨,4
392,地三鲜,2
392,蚝油生菜,1
392,西红柿鸡蛋汤,5
392,酸辣土豆丝,4
392,紫菜蛋花汤,1
392,干锅菜花,3
393,辣子鸡,5
393,京酱肉丝,4
393,葱爆羊肉,1
393,白切鸡,2
393,干煸豆角,4
393,红烧肉,4
393,干锅菜花,1
393,地三鲜,3
393,蒜蓉西兰花,4
393,木耳炒肉,4
393,酸菜鱼,5
393,韭菜炒鸡蛋,4
393,麻婆豆腐,1
393,冬瓜排骨汤,1
393,酸辣土豆丝,2
393,手撕包菜,1
393,烧茄子,4
393,鱼香肉丝,4
393,紫菜蛋花汤,2
393,蚝油生菜,4
393,西红柿鸡蛋汤,3
393,水煮鱼,1
393,红烧排骨,3
393,宫保鸡丁,3
393,青椒土豆丝,5
393,土豆烧牛肉,4
393,回锅肉,2
393,番茄炒蛋,4
394,回锅肉,2
394,干锅菜花,4
394,宫保鸡丁,2
394,土豆烧牛肉,2
395,红烧排骨,2
395,宫保鸡丁,1
395,白切鸡,4
395,手撕包菜,3
395,京酱肉丝,3
395,西红柿鸡蛋汤,2
395,地三鲜,1
395,葱爆羊肉,2
395,香菇青菜,1
395,糖醋里脊,3
395,木耳炒肉,4
396,辣子鸡,4
396,冬瓜排骨汤,4
396,韭菜炒鸡蛋,5
397,干煸豆角,3
397,西红柿鸡蛋汤,3
397,回锅肉,2
397,番茄炒蛋,2
397,宫保鸡丁,3
397,麻婆豆腐,4
397,葱爆羊肉,4
398,土豆烧牛肉,3
398,韭菜炒鸡蛋,1
398,蚝油生菜,2
398,番茄炒蛋,4
398,西红柿鸡蛋汤,2
398,葱爆羊肉,4
398,地三鲜,3
398,冬瓜排骨汤,1
398,红烧排骨,4
398,京酱肉丝,3
398,鱼香肉丝,5
398,紫菜蛋花汤,1
398,糖醋里脊,4
398,麻婆豆腐,2
398,红烧肉,4
398,木耳炒肉,5
399,宫保鸡丁,5
399,糖醋里脊,2
399,酸辣土豆丝,5
399,葱爆羊肉,4
400,地三鲜,3
400,糖醋里脊,1
400,西红柿鸡蛋汤,3
400,干煸豆角,3
400,红烧排骨,5
400,鱼香肉丝,1
400,紫菜蛋花汤,4
401,干锅菜花,3
401,葱爆羊肉,4
401,西红柿鸡蛋汤,3
401,地三鲜,5
401,木耳炒肉,1
401,土豆烧牛肉,1
401,冬瓜排骨汤,1
401,蒜蓉西兰花,1
401,酸菜鱼,1
401,水煮鱼,5
401,番茄炒蛋,4
401,紫菜蛋花汤,1
401,酸辣土豆丝,4
401,蚝油生菜,5
401,白切鸡,5
401,回锅肉,1
401,辣子鸡,4
401,麻婆豆腐,5
401,红烧排骨,5
401,糖醋里脊,1
401,干煸豆角,3
402,葱爆羊肉,1
402,糖醋里脊,1
402,青椒土豆丝,1
402,手撕包菜,2
402,干锅菜花,3
402,土豆烧牛肉,5
402,京酱肉丝,5
402,水煮鱼,3
402,西红柿鸡蛋汤,3
402,香菇青菜,2
402,韭菜炒鸡蛋,5
402,地三鲜,4
402,蚝油生菜,2
402,紫菜蛋花汤,5
402,酸辣土豆丝,4
402,鱼香肉丝,2
402,番茄炒蛋,5
402,烧茄子,4
402,白切鸡,1
402,回锅肉,5
402,红烧肉,4
402,辣子鸡,2
402,酸菜鱼,4
402,麻婆豆腐,2
402,红烧排骨,4
402,宫保鸡丁,3
402,木耳炒肉,5
402,冬瓜排骨汤,2
403,青椒土豆丝,2
403,水煮鱼,1
403,韭菜炒鸡蛋,1
403,蚝油生菜,1
403,红烧肉,4
403,蒜蓉西兰花,1
403,西红柿鸡蛋汤,5
403,烧茄子,2
403,红烧排骨,1
403,京酱肉丝,5
403,回锅肉,5
403,土豆烧牛肉,1
403,番茄炒蛋,5
403,酸菜鱼,4
404,酸辣土豆丝,2
405,烧茄子,3
405,紫菜蛋花汤,1
405,手撕包菜,2
405,地三鲜,1
405,番茄炒蛋,5
405,青椒土豆丝,1
405,西红柿鸡蛋汤,1
405,冬瓜排骨汤,4
405,辣子鸡,5
405,糖醋里脊,1
405,土豆烧牛肉,1
405,韭菜炒鸡蛋,2
405,京酱肉丝,3
405,回锅肉,3
405,宫保鸡丁,2
406,麻婆豆腐,3
406,香菇青菜,2
406,冬瓜排骨汤,4
407,香菇青菜,1
407,蚝油生菜,4
407,鱼香肉丝,1
407,葱爆羊肉,2
408,葱爆羊肉,3
408,京酱肉丝,1
408,酸菜鱼,2
408,烧茄子,5
408,干锅菜花,1
408,番茄炒蛋,5
408,手撕包菜,1
408,辣子鸡,5
408,鱼香肉丝,5
408,酸辣土豆丝,2
408,红烧排骨,2
408,宫保鸡丁,3
408,水煮鱼,1
408,冬瓜排骨汤,2
408,地三鲜,1
408,青椒土豆丝,3
408,韭菜炒鸡蛋,2
408,紫菜蛋花汤,2
408,回锅肉,1
408,干煸豆角,2
408,麻婆豆腐,3
408,香菇青菜,3
409,糖醋里脊,3
409,麻婆豆腐,4
409,地三鲜,1
409,韭菜炒鸡蛋,5
409,土豆烧牛肉,5
409,烧茄子,3
409,辣子鸡,2
409,干锅菜花,2
409,香菇青菜,4
409,葱爆羊肉,4
409,蒜蓉西兰花,4
409,京酱肉丝,4
409,紫菜蛋花汤,5
409,回锅肉,3
409,番茄炒蛋,3
409,水煮鱼,5
410,白切鸡,5
410,京酱肉丝,3
410,葱爆羊肉,3
410,糖醋里脊,1
411,番茄炒蛋,2
411,西红柿鸡蛋汤,3
411,宫保鸡丁,4
411,蒜蓉西兰花,2
411,回锅肉,3
411,红烧排骨,2
411,葱爆羊肉,1
411,辣子鸡,2
411,白切鸡,3
411,烧茄子,3
411,木耳炒肉,2
411,地三鲜,3
411,京酱肉丝,1
411,鱼香肉丝,1
411,水煮鱼,3
412,鱼香肉丝,3
412,韭菜炒鸡蛋,3
412,酸菜鱼,2
412,糖醋里脊,2
412,干锅菜花,1
412,红烧排骨,4
412,冬瓜排骨汤,4
412,青椒土豆丝,1
412,土豆烧牛肉,3
412,麻婆豆腐,4
412,京酱肉丝,1
412,辣子鸡,1
412,木耳炒肉,4
412,蒜蓉西兰花,2
412,干煸豆角,5
412,宫保鸡丁,3
412,回锅肉,5
412,红烧肉,4
412,地三鲜,2
412,手撕包菜,5
412,蚝油生菜,1
412,香菇青菜,3
412,葱爆羊肉,1
413,蚝油生菜,3
413,冬瓜排骨汤,3
413,红烧排骨,4
413,鱼香肉丝,1
413,干锅菜花,5
413,辣子鸡,3
413,红烧肉,4
413,京酱肉丝,5
413,宫保鸡丁,1
413,土豆烧牛肉,4
413,蒜蓉西兰花,3
413,干煸豆角,4
413,酸菜鱼,4
413,木耳炒肉,1
413,麻婆豆腐,3
413,青椒土豆丝,5
413,西红柿鸡蛋汤,1
413,韭菜炒鸡蛋,1
413,糖醋里脊,2
413,酸辣土豆丝,1
413,烧茄子,1
414,水煮鱼,4
414,酸菜鱼,2
414,冬瓜排骨汤,2
414,韭菜炒鸡蛋,1
414,酸辣土豆丝,2
415,西红柿鸡蛋汤,2
415,蚝油生菜,3
415,地三鲜,2
415,木耳炒肉,5
415,土豆烧牛肉,4
415,鱼香肉丝,4
415,韭菜炒鸡蛋,1
415,宫保鸡丁,5
415,回锅肉,5
415,酸辣土豆丝,2
415,水煮鱼,5
415,烧茄子,4
415,辣子鸡,4
415,麻婆豆腐,3
415,干煸豆角,3
415,番茄炒蛋,4
415,冬瓜排骨汤,2
415,紫菜蛋花汤,1
415,糖醋里脊,3
415,红烧肉,3
415,蒜蓉西兰花,1
415,京酱肉丝,3
415,青椒土豆丝,5
415,手撕包菜,2
416,烧茄子,3
416,酸辣土豆丝,3
416,冬瓜排骨汤,4
416,糖醋里脊,2
416,韭菜炒鸡蛋,5
416,麻婆豆腐,1
416,手撕包菜,2
416,香菇青菜,2
416,宫保鸡丁,3
416,木耳炒肉,4
416,鱼香肉丝,4
416,紫菜蛋花汤,5
416,干锅菜花,5
416,京酱肉丝,2
416,红烧排骨,4
416,青椒土豆丝,2
416,干煸豆角,1
416,番茄炒蛋,3
416,水煮鱼,4
416,辣子鸡,2
416,回锅肉,3
416,酸菜鱼,5
417,水煮鱼,4
417,红烧肉,2
417,干锅菜花,2
417,紫菜蛋花汤,4
417,酸辣土豆丝,5
417,木耳炒肉,4
417,青椒土豆丝,5
417,鱼香肉丝,3
417,冬瓜排骨汤,1
417,番茄炒蛋,4
417,回锅肉,3
417,韭菜炒鸡蛋,3
417,香菇青菜,1
417,蒜蓉西兰花,1
417,干煸豆角,4
417,烧茄子,4
417,西红柿鸡蛋汤,2
417,宫保鸡丁,3
417,白切鸡,2
417,京酱肉丝,4
417,土豆烧牛肉,2
418,回锅肉,1
418,蒜蓉西兰花,5
418,白切鸡,1
418,香菇青菜,3
418,西红柿鸡蛋汤,2
418,葱爆羊肉,5
418,水煮鱼,4
418,干煸豆角,4
418,宫保鸡丁,4
418,烧茄子,1
418,青椒土豆丝,2
418,酸辣土豆丝,3
418,冬瓜排骨汤,4
418,红烧排骨,2
418,韭菜炒鸡蛋,2
418,干锅菜花,2
418,鱼香肉丝,3
418,辣子鸡,3
418,红烧肉,5
418,蚝油生菜,3
419,鱼香肉丝,2
419,水煮鱼,3
419,番茄炒蛋,1
419,蒜蓉西兰花,2
419,韭菜炒鸡蛋,1
419,白切鸡,5
419,香菇青菜,3
419,辣子鸡,4
419,青椒土豆丝,5
419,冬瓜排骨汤,1
419,酸菜鱼,4
419,麻婆豆腐,2
419,烧茄子,4
419,土豆烧牛肉,1
419,手撕包菜,1
419,干锅菜花,1
419,干煸豆角,5
419,红烧排骨,3
419,紫菜蛋花汤,2
419,酸辣土豆丝,5
419,葱爆羊肉,5
419,糖醋里脊,2
419,木耳炒肉,2
419,地三鲜,1
420,辣子鸡,4
420,蚝油生菜,4
420,酸辣土豆丝,3
420,酸菜鱼,5
421,干煸豆角,5
421,香菇青菜,5
421,回锅肉,4
421,地三鲜,1
421,干锅菜花,3
421,鱼香肉丝,5
421,木耳炒肉,1
421,辣子鸡,2
421,酸菜鱼,4
422,青椒土豆丝,4
422,干煸豆角,3
422,红烧肉,3
422,地三鲜,2
422,香菇青菜,1
422,鱼香肉丝,5
422,紫菜蛋花汤,5
422,红烧排骨,3
422,葱爆羊肉,5
422,木耳炒肉,1
422,糖醋里脊,4
422,麻婆豆腐,4
422,白切鸡,5
422,京酱肉丝,3
422,水煮鱼,3
422,冬瓜排骨汤,1
422,酸菜鱼,1
422,西红柿鸡蛋汤,4
422,回锅肉,2
422,酸辣土豆丝,4
422,烧茄子,2
422,韭菜炒鸡蛋,5
422,干锅菜花,3
422,番茄炒蛋,5
422,辣子鸡,5
422,土豆烧牛肉,2
422,蚝油生菜,3
422,蒜蓉西兰花,4
423,麻婆豆腐,1
423,蚝油生菜,4
423,辣子鸡,3
423,鱼香肉丝,1
423,干锅菜花,4
423,宫保鸡丁,3
423,糖醋里脊,1
423,冬瓜排骨汤,1
423,红烧排骨,3
423,水煮鱼,2
424,西红柿鸡蛋汤,4
424,辣子鸡,5
424,蚝油生菜,1
424,蒜蓉西兰花,3
424,干煸豆角,2
424,手撕包菜,1
424,土豆烧牛肉,4
424,红烧肉,3
424,麻婆豆腐,2
424,回锅肉,4
424,韭菜炒鸡蛋,4
424,糖醋里脊,4
425,水煮鱼,5
425,西红柿鸡蛋汤,4
425,回锅肉,3
425,辣子鸡,5
425,白切鸡,3
425,木耳炒肉,4
425,番茄炒蛋,3
425,红烧排骨,4
425,葱爆羊肉,4
425,酸菜鱼,4
425,韭菜炒鸡蛋,4
425,红烧肉,4
425,糖醋里脊,1
425,冬瓜排骨汤,5
425,蚝油生菜,1
425,土豆烧牛肉,4
425,蒜蓉西兰花,1
425,紫菜蛋花汤,2
425,香菇青菜,5
425,地三鲜,3
425,宫保鸡丁,2
425,烧茄子,5
425,青椒土豆丝,5
425,干煸豆角,3
425,手撕包菜,2
425,京酱肉丝,5
425,干锅菜花,5
425,鱼香肉丝,5
425,麻婆豆腐,3
426,手撕包菜,4
426,冬瓜排骨汤,2
427,干煸豆角,5
427,鱼香肉丝,1
427,干锅菜花,3
427,蚝油生菜,5
427,手撕包菜,4
427,蒜蓉西兰花,3
427,冬瓜排骨汤,1
427,宫保鸡丁,1
427,麻婆豆腐,5
427,韭菜炒鸡蛋,5
427,回锅肉,1
427,水煮鱼,2
427,酸菜鱼,5
428,土豆烧牛肉,2
428,酸辣土豆丝,3
428,香菇青菜,3
428,红烧肉,1
428,青椒土豆丝,4
429,韭菜炒鸡蛋,1
429,糖醋里脊,3
429,水煮鱼,4
429,麻婆豆腐,4
429,鱼香肉丝,2
429,红烧肉,2
429,白切鸡,5
429,冬瓜排骨汤,3
429,蒜蓉西兰花,5
429,紫菜蛋花汤,4
429,青椒土豆丝,5
429,西红柿鸡蛋汤,1
429,烧茄子,4
429,香菇青菜,2
429,蚝油生菜,1
429,葱爆羊肉,2
429,回锅肉,2
429,酸辣土豆丝,2
429,红烧排骨,2
429,干煸豆角,5
430,韭菜炒鸡蛋,4
430,土豆烧牛肉,1
430,糖醋里脊,5
430,香菇青菜,4
430,木耳炒肉,1
430,辣子鸡,5
430,手撕包菜,3
430,干煸豆角,1
430,水煮鱼,5
430,红烧排骨,4
430,蚝油生菜,1
430,地三鲜,3
430,回锅肉,2
430,京酱肉丝,4
430,蒜蓉西兰花,4
430,烧茄子,3
430,白切鸡,1
430,宫保鸡丁,2
430,青椒土豆丝,3
430,冬瓜排骨汤,5
430,酸菜鱼,5
430,麻婆豆腐,2
430,鱼香肉丝,3
430,西红柿鸡蛋汤,5
431,蒜蓉西兰花,4
431,麻婆豆腐,1
431,番茄炒蛋,4
431,烧茄子,4
431,红烧肉,4
431,地三鲜,5
431,木耳炒肉,2
431,红烧排骨,5
431,酸菜鱼,5
431,干锅菜花,5
431,蚝油生菜,3
431,回锅肉,2
431,辣子鸡,3
432,红烧排骨,2
432,地三鲜,1
432,紫菜蛋花汤,2
432,白切鸡,4
432,京酱肉丝,4
432,麻婆豆腐,1
432,宫保鸡丁,1
432,鱼香肉丝,5
432,番茄炒蛋,3
432,青椒土豆丝,1
432,水煮鱼,1
432,木耳炒肉,1
432,香菇青菜,4
432,土豆烧牛肉,3
432,酸菜鱼,5
432,蚝油生菜,1
432,冬瓜排骨汤,2
432,干锅菜花,3
432,西红柿鸡蛋汤,1
433,干锅菜花,2
433,京酱肉丝,1
433,红烧肉,2
433,烧茄子,1
433,红烧排骨,3
433,土豆烧牛肉,4
433,糖醋里脊,5
433,酸辣土豆丝,5
433,回锅肉,1
433,香菇青菜,3
433,紫菜蛋花汤,2
433,辣子鸡,5
433,青椒土豆丝,4
433,韭菜炒鸡蛋,2
433,番茄炒蛋,2
433,蒜蓉西兰花,5
433,葱爆羊肉,4
433,干煸豆角,5
433,水煮鱼,3
433,宫保鸡丁,3
433,蚝油生菜,5
433,鱼香肉丝,5
433,酸菜鱼,2
434,麻婆豆腐,1
434,干锅菜花,2
434,葱爆羊肉,3
434,烧茄子,1
434,京酱肉丝,5
434,紫菜蛋花汤,5
434,红烧排骨,2
434,手撕包菜,5
434,红烧肉,5
434,蒜蓉西兰花,5
434,辣子鸡,3
434,水煮鱼,4
434,酸辣土豆丝,5
434,香菇青菜,1
434,青椒土豆丝,5
434,鱼香肉丝,1
434,白切鸡,5
434,回锅肉,4
434,番茄炒蛋,3
434,西红柿鸡蛋汤,1
434,土豆烧牛肉,1
434,干煸豆角,3
434,蚝油生菜,4
434,冬瓜排骨汤,3
434,地三鲜,2
434,韭菜炒鸡蛋,3
435,手撕包菜,5
435,宫保鸡丁,2
435,红烧肉,3
435,糖醋里脊,4
435,土豆烧牛肉,4
435,酸辣土豆丝,3
435,酸菜鱼,2
435,干煸豆角,1
435,西红柿鸡蛋汤,1
435,青椒土豆丝,1
435,香菇青菜,2
435,麻婆豆腐,5
435,韭菜炒鸡蛋,5
435,地三鲜,4
435,红烧排骨,1
435,木耳炒肉,5
435,辣子鸡,4
435,蒜蓉西兰花,1
435,葱爆羊肉,4
435,蚝油生菜,4
435,回锅肉,2
435,烧茄子,4
435,白切鸡,4
435,京酱肉丝,5
435,番茄炒蛋,2
435,鱼香肉丝,1
435,冬瓜排骨汤,4
435,水煮鱼,1
435,紫菜蛋花汤,5
436,地三鲜,3
436,紫菜蛋花汤,2
436,糖醋里脊,5
436,酸菜鱼,4
436,葱爆羊肉,4
436,宫保鸡丁,1
436,青椒土豆丝,1
436,酸辣土豆丝,1
436,麻婆豆腐,3
436,红烧排骨,5
436,鱼香肉丝,2
436,韭菜炒鸡蛋,4
436,蚝油生菜,3
436,手撕包菜,2
436,白切鸡,4
436,土豆烧牛肉,3
436,西红柿鸡蛋汤,3
436,水煮鱼,5
436,香菇青菜,3
436,蒜蓉西兰花,2
436,干锅菜花,5
436,干煸豆角,3
436,烧茄子,3
436,木耳炒肉,5
436,回锅肉,5
436,辣子鸡,1
436,番茄炒蛋,1
436,冬瓜排骨汤,3
436,红烧肉,4
437,白切鸡,1
437,香菇青菜,3
437,回锅肉,3
437,麻婆豆腐,5
437,糖醋里脊,4
437,红烧肉,3
437,蒜蓉西兰花,1
437,青椒土豆丝,1
437,辣子鸡,3
437,土豆烧牛肉,5
437,蚝油生菜,4
437,水煮鱼,4
437,地三鲜,1
437,手撕包菜,4
437,宫保鸡丁,4
437,红烧排骨,4
437,烧茄子,1
437,韭菜炒鸡蛋,2
437,酸菜鱼,2
437,京酱肉丝,4
437,西红柿鸡蛋汤,2
437,鱼香肉丝,4
437,葱爆羊肉,5
438,干煸豆角,1
438,辣子鸡,5
439,地三鲜,5
439,鱼香肉丝,5
439,白切鸡,3
439,手撕包菜,2
439,酸菜鱼,4
439,回锅肉,4
439,红烧排骨,2
439,糖醋里脊,2
439,西红柿鸡蛋汤,1
439,蚝油生菜,3
439,冬瓜排骨汤,3
439,葱爆羊肉,1
439,酸辣土豆丝,2
439,宫保鸡丁,5
439,水煮鱼,3
439,木耳炒肉,3
439,韭菜炒鸡蛋,5
439,紫菜蛋花汤,4
439,烧茄子,1
439,红烧肉,5
439,干锅菜花,3
439,青椒土豆丝,3
439,土豆烧牛肉,3
439,京酱肉丝,3
439,番茄炒蛋,5
440,水煮鱼,3
441,干煸豆角,3
441,酸菜鱼,5
441,木耳炒肉,5
441,回锅肉,3
441,番茄炒蛋,1
441,干锅菜花,4
441,手撕包菜,2
441,鱼香肉丝,3
441,酸辣土豆丝,3
441,韭菜炒鸡蛋,3
441,紫菜蛋花汤,4
441,宫保鸡丁,2
441,地三鲜,2
441,香菇青菜,2
441,糖醋里脊,2
441,蒜蓉西兰花,5
441,烧茄子,1
441,辣子鸡,2
441,红烧排骨,1
442,宫保鸡丁,1
442,番茄炒蛋,1
442,干煸豆角,5
442,蒜蓉西兰花,4
442,干锅菜花,1
442,红烧排骨,5
442,酸菜鱼,1
442,紫菜蛋花汤,2
442,土豆烧牛肉,2
442,青椒土豆丝,3
442,韭菜炒鸡蛋,5
442,回锅肉,3
442,手撕包菜,4
442,鱼香肉丝,1
442,地三鲜,4
442,冬瓜排骨汤,3
442,香菇青菜,2
442,木耳炒肉,1
442,辣子鸡,3
442,水煮鱼,5
442,西红柿鸡蛋汤,3
443,葱爆羊肉,3
443,西红柿鸡蛋汤,2
443,烧茄子,5
443,地三鲜,1
443,香菇青菜,1
443,辣子鸡,5
443,白切鸡,2
443,鱼香肉丝,3
443,番茄炒蛋,5
443,木耳炒肉,5
443,宫保鸡丁,5
444,地三鲜,3
444,糖醋里脊,3
444,京酱肉丝,2
444,木耳炒肉,5
444,红烧排骨,3
444,宫保鸡丁,2
444,干煸豆角,3
444,红烧肉,2
444,冬瓜排骨汤,3
444,烧茄子,2
444,麻婆豆腐,4
444,白切鸡,3
444,青椒土豆丝,1
444,蒜蓉西兰花,2
444,葱爆羊肉,4
444,回锅肉,4
444,紫菜蛋花汤,3
444,手撕包菜,1
444,干锅菜花,3
444,鱼香肉丝,5
444,辣子鸡,5
444,土豆烧牛肉,1
444,香菇青菜,3
445,香菇青菜,5
445,白切鸡,2
445,青椒土豆丝,5
445,干锅菜花,4
445,蚝油生菜,2
445,葱爆羊肉,2
445,冬瓜排骨汤,4
445,红烧排骨,1
445,红烧肉,2
445,土豆烧牛肉,1
445,酸辣土豆丝,4
445,手撕包菜,3
445,干煸豆角,5
445,回锅肉,4
445,辣子鸡,1
445,番茄炒蛋,2
445,木耳炒肉,1
445,宫保鸡丁,4
445,京酱肉丝,1
445,糖醋里脊,2
445,酸菜鱼,1
446,蒜蓉西兰花,4
446,冬瓜排骨汤,3
446,紫菜蛋花汤,2
446,京酱肉丝,4
446,西红柿鸡蛋汤,5
447,韭菜炒鸡蛋,1
447,辣子鸡,1
447,水煮鱼,1
447,酸菜鱼,3
447,木耳炒肉,4
447,红烧排骨,4
447,白切鸡,4
447,酸辣土豆丝,4
448,手撕包菜,2
448,香菇青菜,1
448,韭菜炒鸡蛋,5
448,红烧肉,5
448,酸辣土豆丝,3
448,番茄炒蛋,4
448,蚝油生菜,4
448,红烧排骨,3
448,蒜蓉西兰花,4
448,麻婆豆腐,2
449,酸辣土豆丝,4
449,红烧排骨,3
449,回锅肉,2
449,手撕包菜,2
449,水煮鱼,1
449,青椒土豆丝,2
449,辣子鸡,4
449,香菇青菜,5
449,酸菜鱼,3
449,宫保鸡丁,5
449,西红柿鸡蛋汤,5
449,蒜蓉西兰花,3
449,白切鸡,1
449,土豆烧牛肉,3
449,葱爆羊肉,3
449,红烧肉,2
449,番茄炒蛋,1
450,回锅肉,3
450,香菇青菜,2
450,干锅菜花,1
450,青椒土豆丝,2
450,番茄炒蛋,5
450,辣子鸡,5
450,紫菜蛋花汤,2
450,白切鸡,1
450,水煮鱼,5
450,木耳炒肉,1
451,土豆烧牛肉,3
451,紫菜蛋花汤,1
451,蚝油生菜,2
451,糖醋里脊,1
451,鱼香肉丝,3
451,香菇青菜,2
451,冬瓜排骨汤,5
451,地三鲜,3
451,木耳炒肉,3
451,辣子鸡,4
451,红烧排骨,5
451,葱爆羊肉,1
451,干锅菜花,3
451,蒜蓉西兰花,1
451,红烧肉,4
451,白切鸡,1
451,青椒土豆丝,5
451,手撕包菜,3
451,宫保鸡丁,2
451,韭菜炒鸡蛋,5
451,西红柿鸡蛋汤,1
451,干煸豆角,1
451,烧茄子,2
451,麻婆豆腐,2
451,酸辣土豆丝,5
451,酸菜鱼,4
451,回锅肉,2
451,水煮鱼,2
451,番茄炒蛋,3
452,红烧肉,4
452,香菇青菜,5
452,木耳炒肉,5
452,番茄炒蛋,2
452,酸辣土豆丝,2
452,西红柿鸡蛋汤,1
452,辣子鸡,4
452,紫菜蛋花汤,3
452,糖醋里脊,5
452,烧茄子,4
452,麻婆豆腐,5
452,蒜蓉西兰花,2
452,干煸豆角,3
452,鱼香肉丝,4
452,葱爆羊肉,5
452,宫保鸡丁,2
453,辣子鸡,1
453,木耳炒肉,3
453,青椒土豆丝,4
453,紫菜蛋花汤,2
453,干煸豆角,4
453,香菇青菜,4
453,手撕包菜,5
453,烧茄子,4
453,京酱肉丝,2
453,白切鸡,1
453,地三鲜,3
453,土豆烧牛肉,3
453,酸辣土豆丝,5
453,西红柿鸡蛋汤,2
453,水煮鱼,4
453,红烧排骨,1
453,宫保鸡丁,5
453,蚝油生菜,3
453,红烧肉,3
453,糖醋里脊,3
453,冬瓜排骨汤,4
453,番茄炒蛋,4
453,干锅菜花,4
453,回锅肉,4
453,蒜蓉西兰花,4
453,鱼香肉丝,3
453,葱爆羊肉,1
453,酸菜鱼,3
453,麻婆豆腐,4
454,青椒土豆丝,5
454,酸菜鱼,1
454,烧茄子,1
454,木耳炒肉,5
454,宫保鸡丁,2
454,辣子鸡,3
454,干锅菜花,5
454,葱爆羊肉,2
454,紫菜蛋花汤,2
454,红烧排骨,5
454,番茄炒蛋,4
454,土豆烧牛肉,2
454,糖醋里脊,3
454,水煮鱼,2
454,西红柿鸡蛋汤,3
454,麻婆豆腐,3
454,手撕包菜,4
454,回锅肉,2
454,鱼香肉丝,5
454,地三鲜,2
454,冬瓜排骨汤,1
454,蚝油生菜,1
454,白切鸡,1
454,酸辣土豆丝,5
455,蒜蓉西兰花,1
455,京酱肉丝,2
455,蚝油生菜,3
455,香菇青菜,3
456,青椒土豆丝,2
457,回锅肉,1
457,酸辣土豆丝,4
458,京酱肉丝,3
458,红烧肉,3
458,木耳炒肉,4
458,酸辣土豆丝,5
458,回锅肉,1
458,麻婆豆腐,3
458,手撕包菜,3
458,冬瓜排骨汤,4
458,蒜蓉西兰花,2
458,葱爆羊肉,1
458,鱼香肉丝,3
458,白切鸡,5
458,土豆烧牛肉,4
458,西红柿鸡蛋汤,4
458,水煮鱼,3
458,地三鲜,4
458,辣子鸡,1
458,紫菜蛋花汤,2
458,糖醋里脊,4
458,香菇青菜,5
458,烧茄子,3
459,辣子鸡,2
459,韭菜炒鸡蛋,4
459,土豆烧牛肉,3
459,蒜蓉西兰花,4
459,青椒土豆丝,5
459,京酱肉丝,1
459,鱼香肉丝,3
459,香菇青菜,3
459,手撕包菜,2
459,地三鲜,1
459,冬瓜排骨汤,1
459,水煮鱼,5
459,干锅菜花,2
459,蚝油生菜,2
459,酸辣土豆丝,4
459,糖醋里脊,5
460,麻婆豆腐,2
460,红烧肉,1
460,京酱肉丝,4
460,白切鸡,3
460,香菇青菜,4
460,蒜蓉西兰花,3
460,酸辣土豆丝,3
460,红烧排骨,2
461,酸菜鱼,5
461,韭菜炒鸡蛋,5
462,冬瓜排骨汤,4
462,鱼香肉丝,5
462,回锅肉,5
462,韭菜炒鸡蛋,1
462,糖醋里脊,1
462,手撕包菜,4
462,土豆烧牛肉,1
462,香菇青菜,4
462,酸辣土豆丝,2
462,木耳炒肉,1
462,酸菜鱼,2
462,青椒土豆丝,5
462,白切鸡,1
462,干锅菜花,2
463,干锅菜花,5
463,冬瓜排骨汤,4
463,水煮鱼,2
463,宫保鸡丁,5
463,葱爆羊肉,4
463,香菇青菜,4
463,番茄炒蛋,1
464,水煮鱼,5
464,葱爆羊肉,2
464,辣子鸡,2
464,酸辣土豆丝,3
464,干煸豆角,5
464,回锅肉,2
464,蒜蓉西兰花,5
464,酸菜鱼,3
464,白切鸡,5
464,地三鲜,5
465,香菇青菜,4
465,干锅菜花,1
465,糖醋里脊,3
465,酸菜鱼,4
465,酸辣土豆丝,2
465,蚝油生菜,2
465,红烧肉,4
465,番茄炒蛋,1
465,蒜蓉西兰花,1
466,韭菜炒鸡蛋,5
466,糖醋里脊,4
466,西红柿鸡蛋汤,5
466,紫菜蛋花汤,2
466,水煮鱼,1
466,土豆烧牛肉,3
466,干锅菜花,5
466,酸菜鱼,2
466,蚝油生菜,3
466,宫保鸡丁,1
467,回锅肉,3
467,辣子鸡,5
467,木耳炒肉,4
467,葱爆羊肉,3
467,红烧排骨,5
467,酸辣土豆丝,5
467,西红柿鸡蛋汤,2
468,红烧排骨,2
468,红烧肉,3
468,水煮鱼,2
469,红烧排骨,5
469,水煮鱼,5
469,红烧肉,5
469,蚝油生菜,3
469,蒜蓉西兰花,5
469,紫菜蛋花汤,4
469,烧茄子,2
469,京酱肉丝,2
469,酸菜鱼,1
470,青椒土豆丝,4
470,糖醋里脊,4
470,麻婆豆腐,3
470,蚝油生菜,3
470,白切鸡,5
470,红烧肉,3
470,手撕包菜,5
470,番茄炒蛋,1
470,香菇青菜,5
470,鱼香肉丝,2
470,酸菜鱼,2
470,冬瓜排骨汤,3
470,宫保鸡丁,2
470,酸辣土豆丝,4
470,干锅菜花,5
470,西红柿鸡蛋汤,4
470,木耳炒肉,4
470,紫菜蛋花汤,3
470,韭菜炒鸡蛋,1
470,蒜蓉西兰花,5
470,回锅肉,4
470,土豆烧牛肉,3
470,水煮鱼,2
470,葱爆羊肉,1
470,京酱肉丝,3
470,地三鲜,4
471,干煸豆角,1
471,地三鲜,5
471,酸辣土豆丝,3
471,葱爆羊肉,1
471,糖醋里脊,3
471,白切鸡,4
471,土豆烧牛肉,4
471,蚝油生菜,1
471,京酱肉丝,3
471,西红柿鸡蛋汤,3
471,番茄炒蛋,1
471,鱼香肉丝,5
471,韭菜炒鸡蛋,1
471,干锅菜花,4
471,烧茄子,5
471,回锅肉,4
471,水煮鱼,4
471,红烧排骨,2
471,辣子鸡,4
471,红烧肉,5
471,手撕包菜,1
471,宫保鸡丁,1
471,香菇青菜,3
471,麻婆豆腐,1
471,酸菜鱼,5
472,韭菜炒鸡蛋,4
472,红烧肉,1
472,紫菜蛋花汤,1
472,酸辣土豆丝,2
472,番茄炒蛋,5
472,西红柿鸡蛋汤,2
472,麻婆豆腐,3
472,葱爆羊肉,1
472,水煮鱼,2
472,宫保鸡丁,4
472,干锅菜花,1
472,烧茄子,3
472,酸菜鱼,5
472,干煸豆角,2
472,回锅肉,5
472,冬瓜排骨汤,4
472,蒜蓉西兰花,2
472,土豆烧牛肉,1
472,辣子鸡,3
472,鱼香肉丝,3
472,蚝油生菜,5
472,地三鲜,3
472,木耳炒肉,1
472,手撕包菜,3
472,香菇青菜,4
472,青椒土豆丝,5
472,京酱肉丝,1
472,糖醋里脊,5
472,红烧排骨,4
473,水煮鱼,2
473,紫菜蛋花汤,1
473,麻婆豆腐,2
474,红烧排骨,2
474,烧茄子,3
474,鱼香肉丝,2
474,手撕包菜,2
474,番茄炒蛋,3
474,冬瓜排骨汤,1
474,糖醋里脊,4
474,西红柿鸡蛋汤,3
474,地三鲜,2
474,干锅菜花,3
474,麻婆豆腐,2
475,酸菜鱼,5
475,葱爆羊肉,4
475,青椒土豆丝,2
475,木耳炒肉,1
475,糖醋里脊,5
475,回锅肉,4
475,蚝油生菜,2
475,番茄炒蛋,5
475,辣子鸡,5
475,手撕包菜,2
475,干锅菜花,4
475,烧茄子,3
475,麻婆豆腐,3
475,香菇青菜,2
475,地三鲜,3
475,干煸豆角,5
475,韭菜炒鸡蛋,5
475,西红柿鸡蛋汤,3
475,紫菜蛋花汤,1
476,手撕包菜,4
476,糖醋里脊,5
476,回锅肉,1
476,西红柿鸡蛋汤,3
476,干锅菜花,1
476,冬瓜排骨汤,3
476,宫保鸡丁,1
476,水煮鱼,2
476,蒜蓉西兰花,4
476,烧茄子,4
476,番茄炒蛋,3
476,香菇青菜,3
476,红烧肉,1
476,蚝油生菜,2
476,酸菜鱼,3
476,白切鸡,3
476,辣子鸡,2
477,土豆烧牛肉,5
477,番茄炒蛋,3
477,手撕包菜,4
477,鱼香肉丝,4
477,干锅菜花,3
477,白切鸡,1
477,蚝油生菜,2
477,红烧排骨,5
477,韭菜炒鸡蛋,1
477,葱爆羊肉,4
477,京酱肉丝,4
477,香菇青菜,3
477,青椒土豆丝,5
477,回锅肉,4
477,地三鲜,5
478,番茄炒蛋,5
479,紫菜蛋花汤,5
479,辣子鸡,2
479,白切鸡,2
479,韭菜炒鸡蛋,3
479,蒜蓉西兰花,1
479,糖醋里脊,1
480,蚝油生菜,2
480,手撕包菜,2
480,红烧肉,2
480,紫菜蛋花汤,3
480,地三鲜,3
480,干锅菜花,1
480,京酱肉丝,2
480,番茄炒蛋,2
480,西红柿鸡蛋汤,2
480,鱼香肉丝,4
481,酸辣土豆丝,5
481,青椒土豆丝,3
481,红烧肉,1
482,番茄炒蛋,3
482,地三鲜,2
482,水煮鱼,4
482,香菇青菜,3
482,土豆烧牛肉,3
482,干煸豆角,4
482,京酱肉丝,5
482,韭菜炒鸡蛋,4
482,糖醋里脊,5
482,木耳炒肉,1
482,酸辣土豆丝,3
482,干锅菜花,4
482,青椒土豆丝,5
482,冬瓜排骨汤,1
482,白切鸡,2
482,麻婆豆腐,5
483,手撕包菜,1
483,青椒土豆丝,5
483,地三鲜,5
483,冬瓜排骨汤,4
483,酸菜鱼,1
483,蒜蓉西兰花,2
484,香菇青菜,1
484,糖醋里脊,3
484,宫保鸡丁,4
484,辣子鸡,2
484,葱爆羊肉,4
485,辣子鸡,1
485,京酱肉丝,3
485,干煸豆角,4
485,木耳炒肉,2
485,香菇青菜,2
486,干煸豆角,3
486,蒜蓉西兰花,2
486,木耳炒肉,5
486,水煮鱼,5
486,干锅菜花,4
486,麻婆豆腐,4
486,地三鲜,1
486,紫菜蛋花汤,4
486,冬瓜排骨汤,4
486,烧茄子,4
486,京酱肉丝,1
486,鱼香肉丝,3
486,番茄炒蛋,4
487,酸辣土豆丝,3
487,烧茄子,5
487,水煮鱼,3
487,白切鸡,1
487,蚝油生菜,2
487,干锅菜花,4
487,蒜蓉西兰花,5
487,地三鲜,4
487,香菇青菜,1
488,鱼香肉丝,3
488,酸菜鱼,2
488,紫菜蛋花汤,5
488,韭菜炒鸡蛋,5
488,红烧排骨,4
489,宫保鸡丁,3
489,干锅菜花,1
489,辣子鸡,5
489,紫菜蛋花汤,3
489,水煮鱼,2
489,香菇青菜,3
489,西红柿鸡蛋汤,3
489,地三鲜,4
489,木耳炒肉,1
489,白切鸡,4
489,韭菜炒鸡蛋,3
489,回锅肉,3
489,葱爆羊肉,1
489,酸菜鱼,5
490,地三鲜,4
490,酸辣土豆丝,2
490,宫保鸡丁,2
490,土豆烧牛肉,1
491,水煮鱼,1
491,红烧肉,2
491,酸辣土豆丝,5
491,西红柿鸡蛋汤,1
491,烧茄子,4
491,香菇青菜,5
491,葱爆羊肉,1
491,回锅肉,3
491,地三鲜,3
491,干锅菜花,4
491,白切鸡,4
491,青椒土豆丝,1
491,蒜蓉西兰花,2
491,蚝油生菜,3
491,宫保鸡丁,1
491,手撕包菜,4
491,番茄炒蛋,1
491,冬瓜排骨汤,2
492,回锅肉,5
492,辣子鸡,4
492,白切鸡,2
492,蒜蓉西兰花,3
492,土豆烧牛肉,3
492,青椒土豆丝,1
492,韭菜炒鸡蛋,4
492,宫保鸡丁,2
492,地三鲜,1
492,红烧排骨,4
492,香菇青菜,2
492,糖醋里脊,3
492,葱爆羊肉,3
492,紫菜蛋花汤,4
492,番茄炒蛋,5
492,红烧肉,3
492,木耳炒肉,1
492,酸菜鱼,2
492,鱼香肉丝,2
493,韭菜炒鸡蛋,3
494,麻婆豆腐,4
494,白切鸡,5
494,辣子鸡,3
494,酸辣土豆丝,5
494,韭菜炒鸡蛋,4
494,西红柿鸡蛋汤,4
494,干锅菜花,5
494,红烧排骨,1
495,酸菜鱼,4
495,紫菜蛋花汤,3
495,地三鲜,4
495,木耳炒肉,1
495,干锅菜花,5
495,红烧肉,1
495,蚝油生菜,4
495,香菇青菜,5
495,糖醋里脊,3
495,土豆烧牛肉,1
495,番茄炒蛋,2
496,蒜蓉西兰花,2
496,地三鲜,4
496,辣子鸡,5
496,冬瓜排骨汤,1
496,手撕包菜,1
496,酸菜鱼,4
496,干锅菜花,2
496,干煸豆角,2
496,酸辣土豆丝,1
496,鱼香肉丝,5
496,红烧肉,3
496,红烧排骨,2
496,番茄炒蛋,2
496,西红柿鸡蛋汤,4
496,葱爆羊肉,5
496,糖醋里脊,4
496,京酱肉丝,3
496,烧茄子,2
496,白切鸡,4
496,回锅肉,5
496,青椒土豆丝,3
496,水煮鱼,3
496,韭菜炒鸡蛋,3
496,紫菜蛋花汤,1
497,西红柿鸡蛋汤,5
497,干煸豆角,3
497,烧茄子,4
497,手撕包菜,2
497,冬瓜排骨汤,1
497,酸菜鱼,4
497,蒜蓉西兰花,5
497,土豆烧牛肉,4
497,韭菜炒鸡蛋,4
497,京酱肉丝,4
497,青椒土豆丝,2
497,蚝油生菜,1
497,香菇青菜,5
497,干锅菜花,2
497,辣子鸡,2
497,葱爆羊肉,5
497,白切鸡,5
497,麻婆豆腐,5
497,红烧排骨,1
497,糖醋里脊,5
497,红烧肉,5
497,鱼香肉丝,4
498,酸菜鱼,5
499,番茄炒蛋,5
499,红烧排骨,4
499,烧茄子,5
499,香菇青菜,5
499,干煸豆角,2
499,麻婆豆腐,2
499,地三鲜,4
499,鱼香肉丝,3
500,冬瓜排骨汤,5
500,青椒土豆丝,3
500,番茄炒蛋,2
500,香菇青菜,2
500,韭菜炒鸡蛋,4
500,糖醋里脊,1
500,酸菜鱼,1
500,红烧肉,1
500,辣子鸡,4
500,麻婆豆腐,5
500,鱼香肉丝,4
500,手撕包菜,4
500,干锅菜花,1
500,土豆烧牛肉,4
500,西红柿鸡蛋汤,3
500,酸辣土豆丝,5
500,干煸豆角,1
500,木耳炒肉,5
500,水煮鱼,5
500,烧茄子,1
500,京酱肉丝,4
500,回锅肉,4
500,宫保鸡丁,1
500,红烧排骨,3
501,京酱肉丝,2
501,木耳炒肉,4
501,西红柿鸡蛋汤,2
501,酸辣土豆丝,3
501,手撕包菜,1
501,宫保鸡丁,3
501,地三鲜,1
501,紫菜蛋花汤,4
501,蒜蓉西兰花,4
501,烧茄子,2
501,干锅菜花,3
501,葱爆羊肉,3
501,水煮鱼,3
501,土豆烧牛肉,4
501,红烧肉,3
501,红烧排骨,4
501,香菇青菜,3
501,韭菜炒鸡蛋,5
501,辣子鸡,3
501,蚝油生菜,5
501,麻婆豆腐,1
501,番茄炒蛋,2
501,糖醋里脊,2
501,回锅肉,5
501,冬瓜排骨汤,3
501,酸菜鱼,1
502,西红柿鸡蛋汤,2
502,地三鲜,5
502,红烧排骨,3
502,紫菜蛋花汤,4
502,韭菜炒鸡蛋,4
502,辣子鸡,3
502,手撕包菜,2
502,蚝油生菜,2
503,白切鸡,2
503,辣子鸡,1
503,冬瓜排骨汤,2
503,京酱肉丝,5
503,回锅肉,3
504,红烧排骨,5
504,鱼香肉丝,5
504,回锅肉,4
504,地三鲜,4
504,酸辣土豆丝,5
505,番茄炒蛋,2
505,地三鲜,3
505,烧茄子,4
505,红烧肉,4
505,红烧排骨,5
505,蒜蓉西兰花,1
505,酸菜鱼,5
505,手撕包菜,2
505,西红柿鸡蛋汤,2
505,京酱肉丝,3
505,香菇青菜,1
505,紫菜蛋花汤,4
505,韭菜炒鸡蛋,1
505,白切鸡,3
505,蚝油生菜,5
505,青椒土豆丝,1
505,糖醋里脊,3
505,鱼香肉丝,5
505,酸辣土豆丝,5
505,宫保鸡丁,5
505,土豆烧牛肉,1
505,水煮鱼,1
505,木耳炒肉,4
505,干煸豆角,5
505,葱爆羊肉,5
505,辣子鸡,2
505,麻婆豆腐,2
505,回锅肉,3
505,冬瓜排骨汤,2
506,紫菜蛋花汤,2
506,烧茄子,2
506,冬瓜排骨汤,2
506,青椒土豆丝,5
506,木耳炒肉,5
506,韭菜炒鸡蛋,4
506,手撕包菜,4
506,干锅菜花,1
506,番茄炒蛋,5
506,宫保鸡丁,1
506,白切鸡,3
506,回锅肉,1
506,土豆烧牛肉,2
506,红烧排骨,4
506,麻婆豆腐,1
506,地三鲜,4
506,水煮鱼,1
506,酸辣土豆丝,4
506,西红柿鸡蛋汤,2
506,香菇青菜,1
506,蒜蓉西兰花,5
506,红烧肉,5
506,鱼香肉丝,2
507,香菇青菜,3
507,辣子鸡,5
507,红烧排骨,4
507,鱼香肉丝,5
507,冬瓜排骨汤,3
507,葱爆羊肉,3
507,水煮鱼,3
507,干锅菜花,5
507,烧茄子,2
507,糖醋里脊,3
507,蚝油生菜,3
507,韭菜炒鸡蛋,5
507,木耳炒肉,5
507,回锅肉,3
507,手撕包菜,4
507,西红柿鸡蛋汤,1
507,红烧肉,2
507,青椒土豆丝,4
507,酸菜鱼,1
507,麻婆豆腐,3
508,蒜蓉西兰花,5
508,香菇青菜,2
508,西红柿鸡蛋汤,5
508,番茄炒蛋,2
508,木耳炒肉,3
508,麻婆豆腐,2
508,葱爆羊肉,2
508,干煸豆角,4
508,辣子鸡,2
508,水煮鱼,2
508,干锅菜花,5
508,酸菜鱼,2
508,土豆烧牛肉,3
508,蚝油生菜,5
508,糖醋里脊,4
508,京酱肉丝,5
508,宫保鸡丁,4
508,白切鸡,3
508,烧茄子,2
508,地三鲜,3
508,红烧肉,4
508,回锅肉,3
508,韭菜炒鸡蛋,3
508,手撕包菜,2
508,青椒土豆丝,3
508,红烧排骨,3
508,鱼香肉丝,3
508,冬瓜排骨汤,3
508,酸辣土豆丝,4
509,葱爆羊肉,2
509,红烧排骨,4
509,京酱肉丝,3
509,手撕包菜,1
509,紫菜蛋花汤,2
509,鱼香肉丝,2
509,冬瓜排骨汤,3
509,宫保鸡丁,3
509,蚝油生菜,3
509,地三鲜,1
510,葱爆羊肉,4
510,蚝油生菜,3
510,京酱肉丝,1
510,酸菜鱼,1
510,土豆烧牛肉,2
510,西红柿鸡蛋汤,2
510,酸辣土豆丝,3
510,糖醋里脊,4
510,韭菜炒鸡蛋,5
510,白切鸡,4
510,蒜蓉西兰花,1
511,干煸豆角,4
511,京酱肉丝,2
511,韭菜炒鸡蛋,2
511,冬瓜排骨汤,5
511,香菇青菜,3
511,青椒土豆丝,5
511,回锅肉,2
511,白切鸡,5
511,红烧排骨,1
511,西红柿鸡蛋汤,4
511,宫保鸡丁,2
511,水煮鱼,3
511,木耳炒肉,5
511,酸菜鱼,5
511,酸辣土豆丝,3
511,蚝油生菜,5
511,番茄炒蛋,5
511,手撕包菜,3
511,红烧肉,1
511,土豆烧牛肉,2
511,烧茄子,1
511,麻婆豆腐,3
511,蒜蓉西兰花,3
511,干锅菜花,4
511,葱爆羊肉,2
512,酸菜鱼,2
512,干锅菜花,3
512,青椒土豆丝,3
512,西红柿鸡蛋汤,5
512,地三鲜,1
512,紫菜蛋花汤,2
513,烧茄子,4
513,葱爆羊肉,1
513,京酱肉丝,5
513,蚝油生菜,1
514,地三鲜,1
514,鱼香肉丝,5
514,红烧排骨,2
514,葱爆羊肉,5
514,宫保鸡丁,1
514,蒜蓉西兰花,5
514,酸菜鱼,4
514,土豆烧牛肉,5
514,香菇青菜,2
514,辣子鸡,1
514,冬瓜排骨汤,4
514,酸辣土豆丝,3
514,麻婆豆腐,4
514,韭菜炒鸡蛋,4
514,手撕包菜,2
514,回锅肉,3
514,京酱肉丝,1
515,烧茄子,4
515,红烧排骨,1
515,酸菜鱼,4
515,干锅菜花,5
515,蒜蓉西兰花,3
515,手撕包菜,1
516,木耳炒肉,2
516,京酱肉丝,2
516,鱼香肉丝,2
516,冬瓜排骨汤,2
516,青椒土豆丝,3
516,酸菜鱼,2
516,葱爆羊肉,1
516,红烧肉,1
516,回锅肉,5
516,蚝油生菜,5
516,红烧排骨,1
516,手撕包菜,2
516,土豆烧牛肉,5
516,干锅菜花,3
516,糖醋里脊,1
516,西红柿鸡蛋汤,3
516,酸辣土豆丝,3
516,辣子鸡,2
516,番茄炒蛋,2
516,蒜蓉西兰花,2
517,番茄炒蛋,1
517,葱爆羊肉,4
517,回锅肉,1
517,青椒土豆丝,4
517,糖醋里脊,2
517,手撕包菜,4
517,地三鲜,1
517,鱼香肉丝,4
517,红烧肉,4
517,干锅菜花,4
518,糖醋里脊,5
518,手撕包菜,5
518,京酱肉丝,5
518,红烧排骨,1
518,水煮鱼,2
518,麻婆豆腐,2
518,番茄炒蛋,1
519,酸辣土豆丝,1
519,白切鸡,1
519,地三鲜,4
519,紫菜蛋花汤,4
519,酸菜鱼,4
519,葱爆羊肉,1
519,糖醋里脊,3
519,木耳炒肉,3
519,麻婆豆腐,3
519,蒜蓉西兰花,1
519,冬瓜排骨汤,4
519,香菇青菜,3
519,回锅肉,2
519,烧茄子,1
519,水煮鱼,4
519,青椒土豆丝,4
520,回锅肉,3
521,红烧肉,2
521,冬瓜排骨汤,2
522,鱼香肉丝,2
522,红烧肉,2
522,蒜蓉西兰花,3
522,西红柿鸡蛋汤,1
522,木耳炒肉,2
522,韭菜炒鸡蛋,1
522,香菇青菜,4
522,宫保鸡丁,2
522,手撕包菜,3
522,白切鸡,4
522,糖醋里脊,3
522,辣子鸡,3
522,地三鲜,5
522,葱爆羊肉,3
522,番茄炒蛋,1
522,烧茄子,1
522,麻婆豆腐,3
522,冬瓜排骨汤,1
522,回锅肉,4
523,酸辣土豆丝,2
523,冬瓜排骨汤,4
524,土豆烧牛肉,5
524,京酱肉丝,5
525,番茄炒蛋,4
525,水煮鱼,1
525,鱼香肉丝,1
525,地三鲜,4
525,青椒土豆丝,4
525,麻婆豆腐,4
526,西红柿鸡蛋汤,1
526,土豆烧牛肉,4
526,干锅菜花,3
526,红烧肉,5
526,白切鸡,1
526,烧茄子,2
526,鱼香肉丝,2
526,辣子鸡,3
526,香菇青菜,2
526,干煸豆角,3
526,回锅肉,3
526,木耳炒肉,4
526,酸菜鱼,5
526,地三鲜,5
526,水煮鱼,5
526,青椒土豆丝,5
526,冬瓜排骨汤,3
526,蒜蓉西兰花,2
526,韭菜炒鸡蛋,3
526,手撕包菜,4
526,麻婆豆腐,3
526,紫菜蛋花汤,2
526,京酱肉丝,5
526,糖醋里脊,1
526,宫保鸡丁,4
526,番茄炒蛋,1
526,酸辣土豆丝,2
526,葱爆羊肉,2
527,红烧肉,1
528,蚝油生菜,4
528,青椒土豆丝,5
528,番茄炒蛋,4
528,京酱肉丝,1
528,酸菜鱼,3
528,鱼香肉丝,5
528,红烧排骨,3
528,香菇青菜,1
528,韭菜炒鸡蛋,3
528,地三鲜,4
528,糖醋里脊,1
528,酸辣土豆丝,5
528,木耳炒肉,2
528,干锅菜花,1
528,白切鸡,2
528,西红柿鸡蛋汤,4
528,辣子鸡,1
528,红烧肉,1
528,回锅肉,5
528,蒜蓉西兰花,3
528,宫保鸡丁,2
528,土豆烧牛肉,3
528,冬瓜排骨汤,3
528,麻婆豆腐,4
528,葱爆羊肉,4
528,干煸豆角,5
528,烧茄子,1
529,蒜蓉西兰花,2
529,番茄炒蛋,5
529,京酱肉丝,5
529,木耳炒肉,4
529,紫菜蛋花汤,2
529,糖醋里脊,3
529,红烧肉,1
529,干煸豆角,4
529,青椒土豆丝,3
529,鱼香肉丝,4
529,手撕包菜,5
529,地三鲜,4
529,蚝油生菜,4
529,酸辣土豆丝,4
529,宫保鸡丁,3
529,冬瓜排骨汤,2
529,回锅肉,3
529,西红柿鸡蛋汤,1
529,葱爆羊肉,1
529,水煮鱼,3
529,红烧排骨,5
529,麻婆豆腐,3
529,干锅菜花,2
529,香菇青菜,5
529,烧茄子,5
529,白切鸡,1
529,土豆烧牛肉,1
529,辣子鸡,4
530,红烧肉,2
530,香菇青菜,4
530,木耳炒肉,2
530,番茄炒蛋,4
530,手撕包菜,4
531,糖醋里脊,1
531,青椒土豆丝,1
531,木耳炒肉,5
531,地三鲜,3
531,麻婆豆腐,5
531,西红柿鸡蛋汤,1
531,回锅肉,5
531,红烧肉,4
531,京酱肉丝,2
531,水煮鱼,4
531,红烧排骨,3
531,韭菜炒鸡蛋,1
531,紫菜蛋花汤,5
531,干锅菜花,5
531,白切鸡,4
531,酸菜鱼,2
531,香菇青菜,1
531,干煸豆角,3
531,番茄炒蛋,3
532,京酱肉丝,3
532,木耳炒肉,1
533,干锅菜花,3
533,葱爆羊肉,3
533,红烧排骨,3
533,番茄炒蛋,5
533,韭菜炒鸡蛋,3
533,蚝油生菜,4
533,香菇青菜,3
533,辣子鸡,3
533,青椒土豆丝,1
533,蒜蓉西兰花,1
533,水煮鱼,1
533,麻婆豆腐,4
533,地三鲜,2
533,干煸豆角,5
533,酸辣土豆丝,4
533,西红柿鸡蛋汤,2
533,土豆烧牛肉,5
533,糖醋里脊,4
533,京酱肉丝,3
533,鱼香肉丝,1
533,宫保鸡丁,4
534,白切鸡,5
534,木耳炒肉,5
534,红烧排骨,4
534,京酱肉丝,4
534,紫菜蛋花汤,1
534,蒜蓉西兰花,3
534,干煸豆角,4
534,西红柿鸡蛋汤,4
534,宫保鸡丁,5
534,蚝油生菜,5
534,水煮鱼,1
534,冬瓜排骨汤,4
534,烧茄子,4
534,土豆烧牛肉,1
534,手撕包菜,2
534,韭菜炒鸡蛋,5
534,香菇青菜,2
534,番茄炒蛋,1
535,酸菜鱼,2
535,水煮鱼,2
535,辣子鸡,5
535,葱爆羊肉,5
535,蚝油生菜,3
535,鱼香肉丝,4
535,酸辣土豆丝,3
535,干锅菜花,2
535,回锅肉,4
535,地三鲜,1
535,烧茄子,3
535,白切鸡,3
535,青椒土豆丝,5
535,干煸豆角,5
535,韭菜炒鸡蛋,2
535,京酱肉丝,3
535,手撕包菜,3
535,番茄炒蛋,1
535,土豆烧牛肉,1
535,紫菜蛋花汤,4
535,红烧肉,3
536,香菇青菜,3
536,烧茄子,5
536,番茄炒蛋,5
536,手撕包菜,3
536,京酱肉丝,5
536,糖醋里脊,5
536,回锅肉,2
536,韭菜炒鸡蛋,4
536,紫菜蛋花汤,5
536,地三鲜,1
536,酸菜鱼,2
536,干锅菜花,1
536,西红柿鸡蛋汤,1
536,冬瓜排骨汤,5
536,蒜蓉西兰花,4
536,干煸豆角,3
536,鱼香肉丝,2
536,宫保鸡丁,3
536,水煮鱼,5
536,辣子鸡,3
537,红烧肉,2
537,京酱肉丝,5
537,水煮鱼,2
537,酸辣土豆丝,3
537,蚝油生菜,1
537,辣子鸡,4
537,白切鸡,2
537,红烧排骨,2
537,麻婆豆腐,2
537,酸菜鱼,2
537,青椒土豆丝,4
537,干锅菜花,2
537,宫保鸡丁,2
538,辣子鸡,2
539,冬瓜排骨汤,5
540,木耳炒肉,3
540,干锅菜花,4
540,葱爆羊肉,3
540,土豆烧牛肉,3
540,紫菜蛋花汤,2
540,红烧排骨,3
540,糖醋里脊,5
540,冬瓜排骨汤,3
540,番茄炒蛋,1
540,蒜蓉西兰花,2
540,手撕包菜,3
540,京酱肉丝,2
540,白切鸡,5
540,回锅肉,5
540,地三鲜,2
540,蚝油生菜,1
541,蒜蓉西兰花,5
541,韭菜炒鸡蛋,1
541,香菇青菜,3
541,土豆烧牛肉,4
541,酸菜鱼,2
541,水煮鱼,1
541,白切鸡,3
541,青椒土豆丝,1
541,地三鲜,3
541,烧茄子,5
541,木耳炒肉,3
541,西红柿鸡蛋汤,1
541,干锅菜花,5
541,回锅肉,4
541,宫保鸡丁,4
541,红烧排骨,2
541,辣子鸡,4
541,酸辣土豆丝,2
541,京酱肉丝,4
541,葱爆羊肉,3
541,糖醋里脊,5
541,冬瓜排骨汤,3
541,麻婆豆腐,3
541,鱼香肉丝,2
541,红烧肉,5
541,手撕包菜,5
542,红烧肉,5
542,手撕包菜,4
542,土豆烧牛肉,2
542,干煸豆角,2
542,红烧排骨,2
542,酸菜鱼,5
542,鱼香肉丝,2
542,白切鸡,2
542,宫保鸡丁,1
542,地三鲜,4
542,蚝油生菜,1
542,水煮鱼,3
542,麻婆豆腐,1
542,冬瓜排骨汤,1
543,红烧排骨,3
543,韭菜炒鸡蛋,3
543,干煸豆角,2
543,京酱肉丝,4
543,蚝油生菜,3
543,葱爆羊肉,4
543,木耳炒肉,1
543,西红柿鸡蛋汤,2
543,香菇青菜,3
543,红烧肉,4
543,酸菜鱼,2
543,番茄炒蛋,2
543,水煮鱼,3
544,烧茄子,4
544,麻婆豆腐,3
544,酸菜鱼,1
544,干锅菜花,5
544,手撕包菜,5
544,水煮鱼,3
544,蒜蓉西兰花,1
544,回锅肉,2
544,鱼香肉丝,2
544,白切鸡,5
544,宫保鸡丁,4
544,土豆烧牛肉,2
544,紫菜蛋花汤,5
544,地三鲜,2
544,蚝油生菜,3
544,西红柿鸡蛋汤,1
544,干煸豆角,2
544,韭菜炒鸡蛋,5
544,葱爆羊肉,3
544,酸辣土豆丝,5
544,番茄炒蛋,2
545,干锅菜花,4
545,韭菜炒鸡蛋,5
545,冬瓜排骨汤,4
545,手撕包菜,4
545,番茄炒蛋,1
545,蒜蓉西兰花,5
545,红烧肉,1
545,紫菜蛋花汤,3
545,鱼香肉丝,2
545,白切鸡,3
545,宫保鸡丁,2
545,土豆烧牛肉,2
545,水煮鱼,4
545,辣子鸡,2
545,木耳炒肉,4
545,烧茄子,1
545,蚝油生菜,3
545,酸菜鱼,1
545,麻婆豆腐,4
545,香菇青菜,5
545,回锅肉,1
545,地三鲜,5
545,西红柿鸡蛋汤,1
545,红烧排骨,3
545,青椒土豆丝,5
545,酸辣土豆丝,5
545,葱爆羊肉,5
545,京酱肉丝,5
545,糖醋里脊,5
546,手撕包菜,4
546,土豆烧牛肉,1
546,烧茄子,4
546,糖醋里脊,1
546,辣子鸡,4
546,酸菜鱼,1
546,红烧肉,3
546,干锅菜花,5
546,木耳炒肉,4
546,蚝油生菜,5
546,葱爆羊肉,4
546,京酱肉丝,3
546,白切鸡,4
547,手撕包菜,4
547,辣子鸡,5
547,紫菜蛋花汤,5
547,干煸豆角,2
547,韭菜炒鸡蛋,5
547,宫保鸡丁,3
547,蒜蓉西兰花,1
547,冬瓜排骨汤,2
547,糖醋里脊,1
547,麻婆豆腐,4
547,西红柿鸡蛋汤,2
547,红烧排骨,2
547,土豆烧牛肉,3
547,番茄炒蛋,1
547,酸菜鱼,2
547,地三鲜,4
547,鱼香肉丝,2
547,回锅肉,5
547,葱爆羊肉,5
547,干锅菜花,1
547,红烧肉,1
547,木耳炒肉,4
547,水煮鱼,2
547,烧茄子,1
547,白切鸡,3
547,香菇青菜,1
548,青椒土豆丝,3
548,干煸豆角,2
548,木耳炒肉,4
548,冬瓜排骨汤,3
548,酸菜鱼,5
548,番茄炒蛋,1
548,京酱肉丝,4
548,紫菜蛋花汤,1
548,地三鲜,4
548,酸辣土豆丝,2
548,宫保鸡丁,2
548,红烧肉,1
548,红烧排骨,1
548,韭菜炒鸡蛋,1
548,回锅肉,2
548,干锅菜花,4
548,糖醋里脊,1
548,蚝油生菜,2
548,辣子鸡,5
548,烧茄子,3
548,土豆烧牛肉,2
548,水煮鱼,3
548,西红柿鸡蛋汤,4
548,香菇青菜,3
548,手撕包菜,5
548,鱼香肉丝,3
548,葱爆羊肉,3
548,白切鸡,5
548,麻婆豆腐,3
549,手撕包菜,2
549,水煮鱼,1
549,京酱肉丝,5
549,木耳炒肉,4
550,红烧肉,2
550,蒜蓉西兰花,1
550,宫保鸡丁,4
550,香菇青菜,2
550,木耳炒肉,1
550,水煮鱼,1
550,手撕包菜,2
551,白切鸡,5
551,地三鲜,1
551,干锅菜花,2
551,酸辣土豆丝,3
551,红烧肉,3
551,冬瓜排骨汤,2
551,紫菜蛋花汤,3
551,宫保鸡丁,4
551,干煸豆角,2
551,蒜蓉西兰花,1
551,糖醋里脊,4
551,木耳炒肉,4
551,酸菜鱼,2
551,韭菜炒鸡蛋,3
552,麻婆豆腐,3
552,青椒土豆丝,1
552,番茄炒蛋,1
552,烧茄子,1
552,糖醋里脊,4
552,酸菜鱼,5
552,干煸豆角,5
552,干锅菜花,1
552,鱼香肉丝,5
552,韭菜炒鸡蛋,2
552,紫菜蛋花汤,3
552,西红柿鸡蛋汤,3
552,蒜蓉西兰花,1
552,辣子鸡,2
552,冬瓜排骨汤,1
552,白切鸡,2
552,回锅肉,1
553,鱼香肉丝,1
553,红烧排骨,1
553,宫保鸡丁,4
553,木耳炒肉,5
553,京酱肉丝,4
553,手撕包菜,3
553,西红柿鸡蛋汤,5
553,水煮鱼,4
553,青椒土豆丝,4
553,烧茄子,2
553,冬瓜排骨汤,4
553,酸辣土豆丝,5
553,土豆烧牛肉,3
554,烧茄子,3
554,干锅菜花,2
554,香菇青菜,3
554,红烧肉,1
554,西红柿鸡蛋汤,4
554,土豆烧牛肉,3
554,地三鲜,2
554,青椒土豆丝,1
554,木耳炒肉,4
554,辣子鸡,4
554,番茄炒蛋,5
554,京酱肉丝,2
555,红烧肉,3
555,木耳炒肉,3
555,烧茄子,3
555,地三鲜,4
555,糖醋里脊,2
555,京酱肉丝,5
555,葱爆羊肉,2
555,酸辣土豆丝,2
555,干锅菜花,2
555,干煸豆角,2
555,冬瓜排骨汤,5
555,手撕包菜,2
555,白切鸡,5
556,西红柿鸡蛋汤,4
556,干锅菜花,1
556,土豆烧牛肉,5
556,手撕包菜,4
556,蚝油生菜,3
556,葱爆羊肉,5
556,地三鲜,4
556,烧茄子,1
556,辣子鸡,2
556,糖醋里脊,2
556,京酱肉丝,3
556,红烧肉,5
557,番茄炒蛋,1
557,干煸豆角,1
557,京酱肉丝,1
557,蒜蓉西兰花,1
557,葱爆羊肉,1
557,紫菜蛋花汤,1
557,干锅菜花,3
557,鱼香肉丝,1
557,糖醋里脊,3
557,冬瓜排骨汤,3
557,红烧排骨,2
557,手撕包菜,2
557,回锅肉,2
557,红烧肉,3
557,烧茄子,1
557,辣子鸡,3
557,香菇青菜,5
557,蚝油生菜,3
557,水煮鱼,5
557,麻婆豆腐,4
557,西红柿鸡蛋汤,4
557,白切鸡,3
557,青椒土豆丝,2
557,宫保鸡丁,3
557,土豆烧牛肉,3
557,酸辣土豆丝,1
557,地三鲜,5
557,木耳炒肉,2
557,韭菜炒鸡蛋,2
558,葱爆羊肉,5
558,水煮鱼,5
558,土豆烧牛肉,4
558,白切鸡,3
558,紫菜蛋花汤,2
558,番茄炒蛋,1
559,红烧肉,1
559,干锅菜花,3
559,水煮鱼,1
559,手撕包菜,2
559,宫保鸡丁,2
559,紫菜蛋花汤,5
559,京酱肉丝,3
559,香菇青菜,4
559,酸辣土豆丝,2
559,韭菜炒鸡蛋,1
559,番茄炒蛋,2
559,鱼香肉丝,3
559,地三鲜,3
559,西红柿鸡蛋汤,1
559,白切鸡,3
559,青椒土豆丝,5
559,红烧排骨,4
559,蒜蓉西兰花,1
559,酸菜鱼,5
559,辣子鸡,5
559,烧茄子,4
559,土豆烧牛肉,2
560,冬瓜排骨汤,3
560,回锅肉,3
560,糖醋里脊,4
560,蒜蓉西兰花,4
560,西红柿鸡蛋汤,3
560,木耳炒肉,1
560,鱼香肉丝,3
560,香菇青菜,4
560,酸菜鱼,1
560,番茄炒蛋,3
560,宫保鸡丁,5
560,青椒土豆丝,1
561,冬瓜排骨汤,5
561,紫菜蛋花汤,1
561,白切鸡,3
561,鱼香肉丝,4
561,酸辣土豆丝,2
562,香菇青菜,5
562,京酱肉丝,1
562,西红柿鸡蛋汤,1
562,宫保鸡丁,2
562,韭菜炒鸡蛋,1
562,干煸豆角,2
562,回锅肉,1
562,蚝油生菜,2
562,冬瓜排骨汤,3
562,酸菜鱼,1
562,地三鲜,2
562,蒜蓉西兰花,5
562,葱爆羊肉,2
562,土豆烧牛肉,1
562,烧茄子,1
562,麻婆豆腐,1
562,番茄炒蛋,1
562,白切鸡,3
562,红烧肉,5
562,酸辣土豆丝,1
562,水煮鱼,2
562,青椒土豆丝,5
562,手撕包菜,4
562,干锅菜花,3
562,鱼香肉丝,1
562,辣子鸡,5
562,红烧排骨,1
562,糖醋里脊,1
562,木耳炒肉,2
563,紫菜蛋花汤,1
563,酸辣土豆丝,4
563,麻婆豆腐,2
563,番茄炒蛋,2
563,冬瓜排骨汤,1
563,韭菜炒鸡蛋,1
563,蚝油生菜,4
564,烧茄子,5
564,蒜蓉西兰花,1
564,糖醋里脊,4
564,香菇青菜,2
564,冬瓜排骨汤,5
564,韭菜炒鸡蛋,1
564,木耳炒肉,1
564,白切鸡,2
564,番茄炒蛋,2
564,酸辣土豆丝,3
564,辣子鸡,2
565,土豆烧牛肉,1
565,红烧排骨,1
565,糖醋里脊,4
565,韭菜炒鸡蛋,3
565,水煮鱼,1
565,木耳炒肉,5
565,麻婆豆腐,4
565,冬瓜排骨汤,1
565,番茄炒蛋,4
565,酸菜鱼,1
565,青椒土豆丝,1
565,干煸豆角,3
565,京酱肉丝,5
565,辣子鸡,3
565,葱爆羊肉,5
565,回锅肉,1
565,烧茄子,5
565,红烧肉,3
565,蚝油生菜,3
565,手撕包菜,4
565,紫菜蛋花汤,3
565,西红柿鸡蛋汤,4
565,地三鲜,3
565,蒜蓉西兰花,4
565,鱼香肉丝,3
565,酸辣土豆丝,4
565,香菇青菜,3
565,干锅菜花,5
565,白切鸡,2
566,红烧排骨,3
566,番茄炒蛋,4
566,宫保鸡丁,4
566,韭菜炒鸡蛋,4
566,地三鲜,4
566,葱爆羊肉,2
566,干锅菜花,2
566,酸辣土豆丝,4
567,鱼香肉丝,5
567,冬瓜排骨汤,2
567,红烧肉,2
567,蚝油生菜,1
567,酸菜鱼,1
567,京酱肉丝,4
567,烧茄子,4
567,西红柿鸡蛋汤,2
567,手撕包菜,3
567,地三鲜,3
567,紫菜蛋花汤,2
567,葱爆羊肉,1
567,番茄炒蛋,4
567,韭菜炒鸡蛋,4
568,辣子鸡,2
568,木耳炒肉,4
568,冬瓜排骨汤,5
568,土豆烧牛肉,4
568,回锅肉,4
568,青椒土豆丝,4
569,番茄炒蛋,1
569,香菇青菜,5
569,干煸豆角,2
569,宫保鸡丁,5
569,地三鲜,3
569,水煮鱼,3
569,麻婆豆腐,3
569,酸菜鱼,2
569,西红柿鸡蛋汤,3
569,白切鸡,5
569,辣子鸡,4
569,红烧肉,1
569,青椒土豆丝,1
569,蒜蓉西兰花,4
569,冬瓜排骨汤,3
569,京酱肉丝,4
569,手撕包菜,2
569,糖醋里脊,2
569,土豆烧牛肉,3
569,鱼香肉丝,2
569,红烧排骨,3
569,酸辣土豆丝,4
569,紫菜蛋花汤,3
569,蚝油生菜,5
569,回锅肉,3
569,烧茄子,5
569,葱爆羊肉,3
569,干锅菜花,2
570,红烧肉,2
570,酸菜鱼,3
570,蚝油生菜,2
570,烧茄子,3
570,红烧排骨,1
570,青椒土豆丝,4
570,韭菜炒鸡蛋,2
570,冬瓜排骨汤,2
570,白切鸡,1
570,手撕包菜,3
570,木耳炒肉,3
570,香菇青菜,5
570,酸辣土豆丝,4
570,鱼香肉丝,5
570,西红柿鸡蛋汤,2
570,回锅肉,3
570,宫保鸡丁,3
570,糖醋里脊,4
570,麻婆豆腐,3
570,辣子鸡,5
570,番茄炒蛋,5
570,葱爆羊肉,2
570,干煸豆角,2
570,水煮鱼,5
570,紫菜蛋花汤,5
570,地三鲜,1
570,蒜蓉西兰花,3
570,干锅菜花,1
570,土豆烧牛肉,2
571,蚝油生菜,4
571,蒜蓉西兰花,1
571,辣子鸡,3
571,青椒土豆丝,4
571,紫菜蛋花汤,2
571,京酱肉丝,4
571,葱爆羊肉,4
571,韭菜炒鸡蛋,5
571,鱼香肉丝,2
571,冬瓜排骨汤,5
571,回锅肉,4
571,糖醋里脊,3
571,红烧肉,1
571,烧茄子,3
571,干煸豆角,4
571,香菇青菜,3
571,酸菜鱼,2
572,白切鸡,4
572,干锅菜花,2
572,辣子鸡,3
572,番茄炒蛋,5
572,红烧排骨,1
572,红烧肉,3
572,酸菜鱼,3
572,鱼香肉丝,5
572,水煮鱼,5
572,宫保鸡丁,1
572,酸辣土豆丝,5
572,土豆烧牛肉,1
572,香菇青菜,2
572,地三鲜,4
572,手撕包菜,1
572,木耳炒肉,1
572,葱爆羊肉,2
572,蒜蓉西兰花,2
572,糖醋里脊,1
572,回锅肉,5
572,韭菜炒鸡蛋,2
572,京酱肉丝,2
572,西红柿鸡蛋汤,1
573,地三鲜,1
573,紫菜蛋花汤,5
573,酸菜鱼,1
573,麻婆豆腐,1
573,葱爆羊肉,2
573,冬瓜排骨汤,4
573,木耳炒肉,1
573,香菇青菜,1
573,京酱肉丝,2
573,土豆烧牛肉,2
573,宫保鸡丁,2
573,蒜蓉西兰花,2
573,蚝油生菜,5
573,干煸豆角,3
573,红烧肉,3
573,回锅肉,4
573,烧茄子,4
573,白切鸡,1
573,水煮鱼,5
573,青椒土豆丝,3
573,酸辣土豆丝,4
573,红烧排骨,1
573,韭菜炒鸡蛋,4
573,干锅菜花,5
573,糖醋里脊,1
574,糖醋里脊,1
574,红烧排骨,2
575,红烧排骨,5
575,香菇青菜,2
575,鱼香肉丝,4
575,地三鲜,2
575,韭菜炒鸡蛋,2
575,麻婆豆腐,5
575,紫菜蛋花汤,1
575,木耳炒肉,5
576,回锅肉,2
576,土豆烧牛肉,3
576,地三鲜,3
576,蒜蓉西兰花,4
576,京酱肉丝,1
576,番茄炒蛋,3
576,糖醋里脊,4
576,白切鸡,1
576,紫菜蛋花汤,4
576,酸菜鱼,5
577,干煸豆角,5
577,蒜蓉西兰花,3
577,手撕包菜,2
577,京酱肉丝,5
577,糖醋里脊,1
577,番茄炒蛋,3
577,水煮鱼,1
577,宫保鸡丁,2
577,木耳炒肉,2
577,酸辣土豆丝,3
577,蚝油生菜,2
577,白切鸡,4
577,辣子鸡,4
577,红烧排骨,3
577,土豆烧牛肉,4
577,冬瓜排骨汤,4
577,青椒土豆丝,5
577,鱼香肉丝,2
577,酸菜鱼,4
577,地三鲜,4
577,烧茄子,5
578,辣子鸡,1
578,蚝油生菜,1
578,干煸豆角,3
578,青椒土豆丝,2
578,麻婆豆腐,2
578,白切鸡,4
578,水煮鱼,3
578,鱼香肉丝,1
578,韭菜炒鸡蛋,3
578,手撕包菜,4
578,宫保鸡丁,1
578,冬瓜排骨汤,3
578,回锅肉,1
578,红烧排骨,1
578,紫菜蛋花汤,3
578,木耳炒肉,2
578,糖醋里脊,3
578,地三鲜,4
578,香菇青菜,2
578,西红柿鸡蛋汤,1
579,酸辣土豆丝,2
579,干煸豆角,1
579,蚝油生菜,4
579,鱼香肉丝,4
579,香菇青菜,1
579,番茄炒蛋,1
579,木耳炒肉,4
579,水煮鱼,4
579,麻婆豆腐,4
579,青椒土豆丝,4
579,干锅菜花,2
579,红烧排骨,1
579,土豆烧牛肉,5
579,回锅肉,1
579,蒜蓉西兰花,1
579,紫菜蛋花汤,3
579,地三鲜,3
579,辣子鸡,4
579,烧茄子,2
579,宫保鸡丁,3
579,西红柿鸡蛋汤,1
580,回锅肉,5
580,冬瓜排骨汤,2
580,糖醋里脊,3
580,青椒土豆丝,3
580,韭菜炒鸡蛋,5
580,干锅菜花,5
580,鱼香肉丝,2
580,烧茄子,3
580,宫保鸡丁,3
580,红烧排骨,4
580,葱爆羊肉,2
580,土豆烧牛肉,5
580,香菇青菜,4
580,木耳炒肉,3
580,干煸豆角,4
580,红烧肉,3
580,番茄炒蛋,3
580,蚝油生菜,2
580,辣子鸡,4
580,白切鸡,5
580,蒜蓉西兰花,4
580,地三鲜,3
581,麻婆豆腐,2
581,白切鸡,5
581,回锅肉,3
581,红烧肉,5
581,酸菜鱼,2
581,地三鲜,5
581,烧茄子,2
581,干锅菜花,2
581,韭菜炒鸡蛋,4
581,土豆烧牛肉,1
581,番茄炒蛋,4
581,宫保鸡丁,1
581,蚝油生菜,5
581,蒜蓉西兰花,5
582,蒜蓉西兰花,5
582,水煮鱼,1
583,紫菜蛋花汤,4
583,土豆烧牛肉,1
583,干煸豆角,3
583,番茄炒蛋,3
583,酸辣土豆丝,5
583,青椒土豆丝,4
583,冬瓜排骨汤,5
583,韭菜炒鸡蛋,4
583,酸菜鱼,2
584,地三鲜,3
584,酸辣土豆丝,2
584,葱爆羊肉,4
584,韭菜炒鸡蛋,3
584,手撕包菜,2
584,水煮鱼,5
584,青椒土豆丝,1
584,烧茄子,2
584,木耳炒肉,1
584,干锅菜花,1
584,红烧肉,1
584,糖醋里脊,3
584,鱼香肉丝,1
584,蒜蓉西兰花,2
584,蚝油生菜,2
584,西红柿鸡蛋汤,1
584,麻婆豆腐,1
584,宫保鸡丁,3
584,紫菜蛋花汤,4
585,葱爆羊肉,1
585,地三鲜,5
585,干煸豆角,3
585,京酱肉丝,3
586,地三鲜,4
586,糖醋里脊,3
586,辣子鸡,3
586,葱爆羊肉,1
586,白切鸡,3
586,红烧排骨,4
586,香菇青菜,4
586,烧茄子,5
586,蚝油生菜,1
586,手撕包菜,4
586,宫保鸡丁,5
586,酸辣土豆丝,5
586,干煸豆角,3
587,香菇青菜,3
587,鱼香肉丝,3
587,京酱肉丝,5
587,宫保鸡丁,4
587,紫菜蛋花汤,2
587,手撕包菜,5
587,麻婆豆腐,4
587,蚝油生菜,1
587,回锅肉,1
587,土豆烧牛肉,2
587,酸辣土豆丝,5
587,白切鸡,1
587,青椒土豆丝,5
587,水煮鱼,4
587,干锅菜花,1
587,糖醋里脊,5
587,地三鲜,2
587,番茄炒蛋,4
587,蒜蓉西兰花,3
587,辣子鸡,5
587,烧茄子,4
587,西红柿鸡蛋汤,5
588,酸辣土豆丝,4
588,宫保鸡丁,4
588,回锅肉,2
588,红烧排骨,1
588,水煮鱼,4
588,韭菜炒鸡蛋,2
588,蒜蓉西兰花,4
588,香菇青菜,1
588,番茄炒蛋,3
588,干锅菜花,2
588,辣子鸡,2
588,干煸豆角,3
588,西红柿鸡蛋汤,5
588,白切鸡,4
588,酸菜鱼,2
588,糖醋里脊,4
588,土豆烧牛肉,1
588,手撕包菜,1
588,麻婆豆腐,2
588,葱爆羊肉,2
588,蚝油生菜,2
589,白切鸡,3
589,红烧排骨,4
589,鱼香肉丝,4
589,干锅菜花,5
589,香菇青菜,2
589,地三鲜,2
589,韭菜炒鸡蛋,1
589,葱爆羊肉,1
589,冬瓜排骨汤,2
589,蒜蓉西兰花,1
589,手撕包菜,5
589,土豆烧牛肉,2
589,水煮鱼,2
589,酸辣土豆丝,4
589,蚝油生菜,5
589,干煸豆角,3
589,红烧肉,5
589,糖醋里脊,3
589,回锅肉,4
589,京酱肉丝,1
589,宫保鸡丁,2
589,辣子鸡,5
589,紫菜蛋花汤,4
589,麻婆豆腐,1
590,宫保鸡丁,5
590,青椒土豆丝,5
590,糖醋里脊,1
590,红烧肉,3
590,辣子鸡,2
590,木耳炒肉,3
590,酸辣土豆丝,2
590,韭菜炒鸡蛋,4
590,京酱肉丝,2
590,鱼香肉丝,2
590,地三鲜,4
590,紫菜蛋花汤,4
590,蒜蓉西兰花,4
590,烧茄子,2
590,水煮鱼,1
590,回锅肉,2
590,酸菜鱼,4
590,手撕包菜,5
591,烧茄子,2
591,土豆烧牛肉,3
591,冬瓜排骨汤,4
591,蚝油生菜,1
591,麻婆豆腐,4
591,红烧肉,1
591,干煸豆角,3
591,手撕包菜,4
591,蒜蓉西兰花,1
591,韭菜炒鸡蛋,2
591,木耳炒肉,3
591,香菇青菜,4
591,酸辣土豆丝,4
591,白切鸡,5
591,番茄炒蛋,2
591,水煮鱼,2
591,酸菜鱼,4
591,京酱肉丝,5
591,糖醋里脊,5
591,葱爆羊肉,4
591,红烧排骨,2
592,白切鸡,1
592,蒜蓉西兰花,4
592,辣子鸡,1
592,香菇青菜,5
592,手撕包菜,1
592,麻婆豆腐,2
592,葱爆羊肉,1
592,紫菜蛋花汤,3
593,京酱肉丝,3
593,回锅肉,3
593,干锅菜花,4
593,烧茄子,5
593,蚝油生菜,4
593,酸菜鱼,4
593,辣子鸡,5
593,土豆烧牛肉,5
593,白切鸡,5
594,干煸豆角,2
594,蚝油生菜,3
594,红烧排骨,3
594,红烧肉,2
594,香菇青菜,5
594,酸菜鱼,2
594,麻婆豆腐,3
594,韭菜炒鸡蛋,3
594,西红柿鸡蛋汤,2
594,手撕包菜,3
594,土豆烧牛肉,5
594,蒜蓉西兰花,4
594,酸辣土豆丝,3
594,回锅肉,3
594,冬瓜排骨汤,5
594,干锅菜花,4
594,木耳炒肉,2
594,葱爆羊肉,5
594,辣子鸡,2
594,紫菜蛋花汤,3
595,干煸豆角,2
595,紫菜蛋花汤,4
595,地三鲜,5
595,韭菜炒鸡蛋,5
595,土豆烧牛肉,2
595,蚝油生菜,1
595,酸菜鱼,3
596,青椒土豆丝,3
596,糖醋里脊,1
596,白切鸡,4
596,蚝油生菜,5
596,烧茄子,4
596,酸菜鱼,1
596,番茄炒蛋,1
596,木耳炒肉,2
596,香菇青菜,3
596,地三鲜,4
596,紫菜蛋花汤,4
596,京酱肉丝,5
596,干煸豆角,5
596,回锅肉,3
596,干锅菜花,5
596,蒜蓉西兰花,5
596,酸辣土豆丝,4
596,麻婆豆腐,2
596,红烧肉,3
596,辣子鸡,1
596,宫保鸡丁,4
597,香菇青菜,1
597,白切鸡,4
597,水煮鱼,2
597,紫菜蛋花汤,1
597,葱爆羊肉,5
597,京酱肉丝,1
597,酸菜鱼,1
597,冬瓜排骨汤,1
597,红烧肉,3
597,番茄炒蛋,5
597,韭菜炒鸡蛋,3
597,地三鲜,3
597,宫保鸡丁,4
597,土豆烧牛肉,2
597,麻婆豆腐,2
597,干煸豆角,2
597,蒜蓉西兰花,5
597,回锅肉,5
597,手撕包菜,5
597,干锅菜花,3
597,木耳炒肉,5
598,木耳炒肉,5
598,青椒土豆丝,1
598,红烧肉,2
598,鱼香肉丝,1
598,土豆烧牛肉,5
598,红烧排骨,5
598,酸菜鱼,3
598,西红柿鸡蛋汤,4
598,番茄炒蛋,1
598,京酱肉丝,1
598,糖醋里脊,2
598,蚝油生菜,4
599,青椒土豆丝,1
599,干锅菜花,2
599,白切鸡,3
599,番茄炒蛋,4
599,木耳炒肉,5
599,紫菜蛋花汤,5
599,回锅肉,4
599,水煮鱼,4
600,青椒土豆丝,4
600,水煮鱼,2
600,冬瓜排骨汤,4
600,麻婆豆腐,5
600,葱爆羊肉,4
600,韭菜炒鸡蛋,1
600,干锅菜花,5
601,回锅肉,3
601,糖醋里脊,3
601,干煸豆角,4
601,香菇青菜,3
601,葱爆羊肉,2
601,蒜蓉西兰花,3
601,酸菜鱼,2
601,酸辣土豆丝,4
601,鱼香肉丝,5
601,木耳炒肉,4
601,手撕包菜,1
601,京酱肉丝,5
601,干锅菜花,2
601,西红柿鸡蛋汤,1
601,地三鲜,4
601,麻婆豆腐,1
601,烧茄子,4
601,宫保鸡丁,5
601,辣子鸡,3
601,韭菜炒鸡蛋,3
601,白切鸡,4
601,土豆烧牛肉,1
601,蚝油生菜,4
601,红烧排骨,4
601,青椒土豆丝,4
602,麻婆豆腐,2
602,葱爆羊肉,1
602,回锅肉,4
602,地三鲜,3
602,青椒土豆丝,1
602,冬瓜排骨汤,2
602,木耳炒肉,1
602,手撕包菜,2
602,香菇青菜,1
602,番茄炒蛋,5
602,烧茄子,5
602,蚝油生菜,1
602,蒜蓉西兰花,3
602,土豆烧牛肉,1
603,紫菜蛋花汤,1
603,回锅肉,5
603,干锅菜花,1
603,红烧肉,5
603,辣子鸡,2
603,木耳炒肉,3
603,葱爆羊肉,5
603,西红柿鸡蛋汤,4
603,番茄炒蛋,4
603,青椒土豆丝,2
603,酸辣土豆丝,2
603,蚝油生菜,1
603,干煸豆角,2
603,蒜蓉西兰花,5
603,麻婆豆腐,1
603,水煮鱼,1
603,白切鸡,1
604,木耳炒肉,2
604,蚝油生菜,2
604,番茄炒蛋,5
604,土豆烧牛肉,2
604,水煮鱼,2
604,手撕包菜,1
604,干锅菜花,3
604,紫菜蛋花汤,2
604,地三鲜,3
605,木耳炒肉,4
605,鱼香肉丝,2
605,蒜蓉西兰花,1
605,冬瓜排骨汤,2
605,宫保鸡丁,2
605,京酱肉丝,5
605,红烧肉,1
605,番茄炒蛋,1
605,蚝油生菜,4
605,香菇青菜,2
605,酸辣土豆丝,1
605,白切鸡,3
605,青椒土豆丝,4
605,地三鲜,5
605,回锅肉,4
605,土豆烧牛肉,4
605,水煮鱼,5
606,酸辣土豆丝,2
606,京酱肉丝,1
606,蒜蓉西兰花,5
606,干锅菜花,3
606,烧茄子,3
606,冬瓜排骨汤,1
606,地三鲜,5
606,白切鸡,4
606,红烧排骨,4
606,西红柿鸡蛋汤,4
606,回锅肉,3
606,手撕包菜,3
606,葱爆羊肉,1
606,番茄炒蛋,3
606,香菇青菜,4
606,麻婆豆腐,2
606,蚝油生菜,1
606,鱼香肉丝,2
607,手撕包菜,2
607,烧茄子,4
607,紫菜蛋花汤,3
607,红烧肉,4
607,干锅菜花,4
607,红烧排骨,4
607,酸辣土豆丝,4
607,木耳炒肉,3
607,西红柿鸡蛋汤,2
607,辣子鸡,4
607,京酱肉丝,2
607,青椒土豆丝,4
607,韭菜炒鸡蛋,1
607,鱼香肉丝,2
608,西红柿鸡蛋汤,3
608,烧茄子,1
608,紫菜蛋花汤,3
608,水煮鱼,4
608,辣子鸡,4
609,烧茄子,1
609,冬瓜排骨汤,4
609,葱爆羊肉,4
609,麻婆豆腐,3
609,白切鸡,5
609,辣子鸡,4
609,地三鲜,3
609,蒜蓉西兰花,5
609,土豆烧牛肉,3
609,香菇青菜,3
609,宫保鸡丁,3
609,紫菜蛋花汤,1
609,木耳炒肉,5
609,酸辣土豆丝,5
609,酸菜鱼,1
609,水煮鱼,4
609,红烧肉,4
609,回锅肉,4
609,干煸豆角,5
609,鱼香肉丝,1
609,蚝油生菜,5
609,韭菜炒鸡蛋,5
609,西红柿鸡蛋汤,5
609,红烧排骨,1
609,糖醋里脊,2
609,青椒土豆丝,4
609,手撕包菜,3
609,京酱肉丝,4
609,干锅菜花,3
610,红烧肉,5
610,手撕包菜,4
610,紫菜蛋花汤,3
610,糖醋里脊,4
610,麻婆豆腐,2
611,宫保鸡丁,1
611,辣子鸡,2
612,葱爆羊肉,5
612,红烧排骨,5
612,糖醋里脊,3
612,紫菜蛋花汤,2
612,蚝油生菜,1
612,红烧肉,1
612,木耳炒肉,2
613,宫保鸡丁,2
613,回锅肉,2
613,酸辣土豆丝,1
613,香菇青菜,4
613,蚝油生菜,4
613,麻婆豆腐,3
613,青椒土豆丝,3
613,干锅菜花,5
613,番茄炒蛋,3
613,木耳炒肉,4
613,水煮鱼,4
613,手撕包菜,1
613,韭菜炒鸡蛋,5
613,酸菜鱼,3
613,地三鲜,3
613,葱爆羊肉,1
613,冬瓜排骨汤,2
613,红烧肉,5
613,辣子鸡,2
613,西红柿鸡蛋汤,2
613,蒜蓉西兰花,2
613,干煸豆角,4
613,烧茄子,2
613,京酱肉丝,1
613,紫菜蛋花汤,5
613,糖醋里脊,5
613,红烧排骨,3
613,白切鸡,4
614,京酱肉丝,3
614,葱爆羊肉,2
614,红烧排骨,4
614,酸菜鱼,4
614,辣子鸡,4
614,麻婆豆腐,5
614,青椒土豆丝,2
614,番茄炒蛋,4
614,白切鸡,4
614,香菇青菜,2
614,手撕包菜,3
614,木耳炒肉,2
614,宫保鸡丁,5
614,西红柿鸡蛋汤,2
614,紫菜蛋花汤,3
614,蒜蓉西兰花,2
614,糖醋里脊,5
614,干煸豆角,3
614,干锅菜花,5
614,酸辣土豆丝,4
614,鱼香肉丝,1
614,韭菜炒鸡蛋,1
614,回锅肉,1
614,蚝油生菜,1
615,酸辣土豆丝,1
615,鱼香肉丝,1
615,红烧肉,5
615,土豆烧牛肉,1
615,葱爆羊肉,1
615,香菇青菜,5
615,麻婆豆腐,1
615,韭菜炒鸡蛋,2
615,烧茄子,2
615,冬瓜排骨汤,4
615,宫保鸡丁,4
615,西红柿鸡蛋汤,1
615,手撕包菜,3
615,番茄炒蛋,5
615,白切鸡,3
615,紫菜蛋花汤,5
615,干煸豆角,5
615,蒜蓉西兰花,1
615,酸菜鱼,5
615,地三鲜,3
615,京酱肉丝,2
615,木耳炒肉,1
615,红烧排骨,4
615,回锅肉,5
615,干锅菜花,3
615,辣子鸡,2
616,手撕包菜,4
616,韭菜炒鸡蛋,2
616,蒜蓉西兰花,3
616,水煮鱼,3
616,香菇青菜,2
616,白切鸡,2
616,青椒土豆丝,4
616,西红柿鸡蛋汤,2
616,辣子鸡,2
616,宫保鸡丁,1
616,京酱肉丝,1
616,酸菜鱼,1
616,番茄炒蛋,5
616,蚝油生菜,1
616,干锅菜花,2
616,土豆烧牛肉,1
616,回锅肉,4
616,红烧肉,2
616,紫菜蛋花汤,2
616,红烧排骨,1
616,糖醋里脊,3
617,酸菜鱼,3
617,韭菜炒鸡蛋,4
617,紫菜蛋花汤,2
617,红烧排骨,4
617,青椒土豆丝,4
617,西红柿鸡蛋汤,4
617,香菇青菜,3
617,葱爆羊肉,4
617,手撕包菜,2
617,水煮鱼,3
617,土豆烧牛肉,4
617,木耳炒肉,3
617,辣子鸡,5
617,糖醋里脊,2
617,酸辣土豆丝,1
617,冬瓜排骨汤,2
617,鱼香肉丝,3
617,番茄炒蛋,4
617,麻婆豆腐,1
617,蒜蓉西兰花,4
617,烧茄子,3
617,京酱肉丝,2
617,宫保鸡丁,1
617,干煸豆角,2
617,干锅菜花,2
618,白切鸡,5
618,香菇青菜,2
618,回锅肉,2
618,糖醋里脊,2
618,酸辣土豆丝,3
618,番茄炒蛋,5
618,葱爆羊肉,3
618,宫保鸡丁,5
618,鱼香肉丝,4
618,烧茄子,5
618,地三鲜,5
618,酸菜鱼,5
618,紫菜蛋花汤,5
618,红烧排骨,2
618,干煸豆角,4
618,韭菜炒鸡蛋,1
618,青椒土豆丝,4
619,红烧排骨,3
619,土豆烧牛肉,1
619,辣子鸡,2
619,西红柿鸡蛋汤,5
619,手撕包菜,3
619,干锅菜花,4
619,宫保鸡丁,3
619,冬瓜排骨汤,1
619,酸菜鱼,5
619,鱼香肉丝,2
619,葱爆羊肉,1
619,紫菜蛋花汤,2
619,麻婆豆腐,4
619,香菇青菜,2
619,白切鸡,4
619,蚝油生菜,1
619,青椒土豆丝,4
619,韭菜炒鸡蛋,1
619,京酱肉丝,1
619,水煮鱼,3
619,番茄炒蛋,5
619,干煸豆角,5
619,蒜蓉西兰花,4
619,木耳炒肉,1
620,冬瓜排骨汤,4
620,酸辣土豆丝,5
620,蚝油生菜,3
620,手撕包菜,2
620,烧茄子,5
620,辣子鸡,2
620,白切鸡,1
620,干煸豆角,4
620,宫保鸡丁,1
620,香菇青菜,3
620,红烧排骨,2
620,糖醋里脊,4
620,土豆烧牛肉,1
620,木耳炒肉,1
620,水煮鱼,2
620,葱爆羊肉,3
620,紫菜蛋花汤,2
621,辣子鸡,2
621,干煸豆角,1
621,回锅肉,4
621,葱爆羊肉,3
621,番茄炒蛋,1
621,木耳炒肉,5
621,糖醋里脊,5
621,蚝油生菜,4
621,地三鲜,5
621,水煮鱼,1
621,紫菜蛋花汤,4
621,白切鸡,5
621,土豆烧牛肉,3
621,麻婆豆腐,1
621,蒜蓉西兰花,3
621,香菇青菜,1
621,手撕包菜,3
621,宫保鸡丁,2
621,鱼香肉丝,4
621,烧茄子,2
621,京酱肉丝,5
621,红烧肉,3
622,鱼香肉丝,5
622,白切鸡,4
622,蚝油生菜,2
622,冬瓜排骨汤,2
622,手撕包菜,2
622,麻婆豆腐,5
622,木耳炒肉,4
622,番茄炒蛋,5
622,红烧肉,1
622,酸菜鱼,2
622,韭菜炒鸡蛋,4
622,蒜蓉西兰花,5
622,土豆烧牛肉,4
622,糖醋里脊,4
622,香菇青菜,3
622,干锅菜花,3
622,京酱肉丝,2
622,烧茄子,1
622,西红柿鸡蛋汤,1
622,紫菜蛋花汤,4
622,地三鲜,2
622,红烧排骨,1
622,回锅肉,5
622,葱爆羊肉,3
623,干煸豆角,3
624,酸菜鱼,5
624,葱爆羊肉,1
624,酸辣土豆丝,3
624,木耳炒肉,2
624,鱼香肉丝,3
624,紫菜蛋花汤,5
624,干锅菜花,4
624,麻婆豆腐,3
624,红烧肉,1
624,水煮鱼,1
624,白切鸡,1
624,蒜蓉西兰花,3
624,土豆烧牛肉,2
624,烧茄子,3
624,干煸豆角,4
624,青椒土豆丝,2
624,冬瓜排骨汤,3
624,回锅肉,3
624,京酱肉丝,4
624,番茄炒蛋,1
624,宫保鸡丁,5
625,麻婆豆腐,2
625,香菇青菜,5
625,辣子鸡,5
625,酸辣土豆丝,5
625,冬瓜排骨汤,1
625,葱爆羊肉,3
625,鱼香肉丝,1
625,木耳炒肉,1
625,蚝油生菜,3
625,酸菜鱼,3
625,番茄炒蛋,3
625,紫菜蛋花汤,1
626,红烧排骨,1
626,糖醋里脊,3
626,紫菜蛋花汤,3
626,蚝油生菜,5
626,麻婆豆腐,5
626,青椒土豆丝,1
627,韭菜炒鸡蛋,4
627,土豆烧牛肉,1
627,红烧排骨,4
627,紫菜蛋花汤,3
627,西红柿鸡蛋汤,4
627,辣子鸡,5
627,蚝油生菜,1
627,干煸豆角,3
627,手撕包菜,2
627,水煮鱼,5
627,京酱肉丝,5
627,宫保鸡丁,2
627,木耳炒肉,1
627,葱爆羊肉,3
627,麻婆豆腐,2
627,酸菜鱼,2
627,番茄炒蛋,5
627,红烧肉,1
627,地三鲜,1
627,鱼香肉丝,4
627,香菇青菜,2
627,冬瓜排骨汤,2
627,回锅肉,2
627,白切鸡,5
627,干锅菜花,2
627,蒜蓉西兰花,4
628,干煸豆角,5
629,回锅肉,1
629,红烧排骨,1
629,蚝油生菜,4
629,酸辣土豆丝,5
629,手撕包菜,2
629,糖醋里脊,3
629,香菇青菜,2
629,土豆烧牛肉,5
629,青椒土豆丝,2
629,宫保鸡丁,5
629,葱爆羊肉,1
629,冬瓜排骨汤,2
629,京酱肉丝,2
629,西红柿鸡蛋汤,1
629,辣子鸡,2
629,番茄炒蛋,2
629,麻婆豆腐,1
629,蒜蓉西兰花,1
629,木耳炒肉,4
629,韭菜炒鸡蛋,2
629,地三鲜,2
629,红烧肉,3
629,紫菜蛋花汤,1
629,烧茄子,5
629,干煸豆角,1
629,鱼香肉丝,2
629,水煮鱼,1
629,酸菜鱼,1
629,白切鸡,4
630,酸菜鱼,2
630,糖醋里脊,1
630,干锅菜花,3
630,红烧肉,3
631,京酱肉丝,2
631,干煸豆角,4
631,蒜蓉西兰花,4
631,西红柿鸡蛋汤,3
631,回锅肉,4
631,干锅菜花,1
631,木耳炒肉,3
631,糖醋里脊,1
631,烧茄子,4
631,红烧肉,4
631,韭菜炒鸡蛋,2
631,紫菜蛋花汤,1
631,地三鲜,1
631,白切鸡,4
632,辣子鸡,2
632,糖醋里脊,4
632,葱爆羊肉,2
632,水煮鱼,3
632,紫菜蛋花汤,4
632,红烧肉,4
632,蚝油生菜,3
632,回锅肉,2
632,番茄炒蛋,4
632,冬瓜排骨汤,2
632,鱼香肉丝,4
632,香菇青菜,2
632,蒜蓉西兰花,1
632,麻婆豆腐,2
632,干锅菜花,4
632,干煸豆角,4
632,手撕包菜,2
633,蒜蓉西兰花,2
633,烧茄子,3
633,红烧肉,3
633,水煮鱼,2
633,回锅肉,5
633,酸辣土豆丝,5
633,地三鲜,5
633,紫菜蛋花汤,5
633,蚝油生菜,2
633,木耳炒肉,4
633,干煸豆角,5
633,韭菜炒鸡蛋,1
633,辣子鸡,2
633,京酱肉丝,1
633,鱼香肉丝,3
633,宫保鸡丁,5
633,土豆烧牛肉,4
633,干锅菜花,5
634,鱼香肉丝,2
634,香菇青菜,4
634,糖醋里脊,5
634,番茄炒蛋,5
634,水煮鱼,5
634,酸辣土豆丝,3
634,辣子鸡,1
634,葱爆羊肉,4
634,回锅肉,4
634,干煸豆角,5
634,红烧排骨,2
635,青椒土豆丝,2
635,酸菜鱼,2
635,宫保鸡丁,2
635,西红柿鸡蛋汤,2
635,地三鲜,3
635,香菇青菜,1
635,紫菜蛋花汤,1
635,土豆烧牛肉,3
635,木耳炒肉,1
635,手撕包菜,5
635,酸辣土豆丝,4
635,葱爆羊肉,1
635,韭菜炒鸡蛋,3
635,鱼香肉丝,5
635,麻婆豆腐,4
635,冬瓜排骨汤,2
635,辣子鸡,1
635,烧茄子,3
635,水煮鱼,2
635,糖醋里脊,5
635,蒜蓉西兰花,1
635,蚝油生菜,1
635,白切鸡,3
635,回锅肉,5
635,红烧肉,5
635,红烧排骨,2
635,番茄炒蛋,1
635,京酱肉丝,4
635,干锅菜花,3
636,番茄炒蛋,3
636,干煸豆角,3
636,手撕包菜,4
636,韭菜炒鸡蛋,5
636,酸辣土豆丝,2
636,鱼香肉丝,1
636,香菇青菜,1
636,糖醋里脊,5
636,葱爆羊肉,1
636,酸菜鱼,3
636,水煮鱼,2
636,麻婆豆腐,2
636,蒜蓉西兰花,2
636,青椒土豆丝,2
636,回锅肉,1
636,冬瓜排骨汤,2
636,木耳炒肉,2
636,地三鲜,2
637,红烧肉,5
637,辣子鸡,2
637,干锅菜花,1
637,宫保鸡丁,1
637,干煸豆角,2
637,冬瓜排骨汤,3
637,青椒土豆丝,3
638,干煸豆角,3
638,葱爆羊肉,5
638,红烧肉,5
638,韭菜炒鸡蛋,5
638,麻婆豆腐,5
638,番茄炒蛋,5
638,香菇青菜,3
638,京酱肉丝,4
638,鱼香肉丝,2
638,手撕包菜,5
638,地三鲜,5
638,宫保鸡丁,5
638,土豆烧牛肉,2
638,烧茄子,4
638,西红柿鸡蛋汤,4
638,红烧排骨,2
638,干锅菜花,5
638,木耳炒肉,4
638,蚝油生菜,3
638,水煮鱼,3
638,酸辣土豆丝,3
638,白切鸡,5
638,糖醋里脊,2
638,紫菜蛋花汤,1
638,酸菜鱼,2
638,辣子鸡,4
638,冬瓜排骨汤,3
639,手撕包菜,4
639,土豆烧牛肉,4
639,干锅菜花,5
639,麻婆豆腐,2
639,红烧排骨,1
639,水煮鱼,5
639,韭菜炒鸡蛋,2
639,红烧肉,5
639,宫保鸡丁,2
639,青椒土豆丝,2
639,西红柿鸡蛋汤,2
639,紫菜蛋花汤,1
639,白切鸡,5
640,白切鸡,4
640,土豆烧牛肉,1
640,麻婆豆腐,4
640,青椒土豆丝,5
640,西红柿鸡蛋汤,1
640,蚝油生菜,3
640,冬瓜排骨汤,4
640,酸菜鱼,2
640,蒜蓉西兰花,3
640,手撕包菜,3
640,酸辣土豆丝,1
640,回锅肉,1
640,红烧排骨,1
640,韭菜炒鸡蛋,1
640,红烧肉,1
640,葱爆羊肉,1
640,紫菜蛋花汤,1
640,鱼香肉丝,3
640,糖醋里脊,2
640,木耳炒肉,5
640,水煮鱼,1
640,干锅菜花,1
640,辣子鸡,2
640,番茄炒蛋,4
640,地三鲜,1
640,京酱肉丝,4
640,宫保鸡丁,5
640,烧茄子,3
641,蚝油生菜,5
641,烧茄子,1
642,红烧肉,4
642,地三鲜,4
642,酸菜鱼,1
642,京酱肉丝,5
642,干煸豆角,4
642,水煮鱼,4
642,蒜蓉西兰花,1
642,烧茄子,1
642,辣子鸡,5
642,蚝油生菜,1
642,回锅肉,1
642,番茄炒蛋,3
642,麻婆豆腐,2
642,紫菜蛋花汤,4
642,香菇青菜,3
642,酸辣土豆丝,3
642,青椒土豆丝,1
642,白切鸡,3
642,宫保鸡丁,5
642,土豆烧牛肉,3
642,冬瓜排骨汤,5
642,干锅菜花,2
642,鱼香肉丝,4
642,韭菜炒鸡蛋,4
643,水煮鱼,1
643,青椒土豆丝,4
643,葱爆羊肉,1
643,红烧肉,4
643,蚝油生菜,2
643,回锅肉,2
643,蒜蓉西兰花,4
643,西红柿鸡蛋汤,5
643,酸菜鱼,5
643,地三鲜,5
643,宫保鸡丁,4
643,烧茄子,5
643,辣子鸡,3
643,番茄炒蛋,1
643,京酱肉丝,5
643,红烧排骨,5
643,鱼香肉丝,2
643,手撕包菜,2
643,干锅菜花,1
644,回锅肉,1
644,蚝油生菜,1
645,京酱肉丝,1
645,回锅肉,2
645,木耳炒肉,4
645,蒜蓉西兰花,5
645,水煮鱼,3
645,土豆烧牛肉,2
645,冬瓜排骨汤,5
645,鱼香肉丝,5
645,西红柿鸡蛋汤,3
645,烧茄子,4
645,干煸豆角,3
645,番茄炒蛋,2
645,手撕包菜,1
645,香菇青菜,2
645,酸辣土豆丝,4
645,干锅菜花,2
645,蚝油生菜,3
645,白切鸡,5
645,葱爆羊肉,4
645,糖醋里脊,2
645,地三鲜,1
645,紫菜蛋花汤,3
645,宫保鸡丁,3
645,辣子鸡,1
645,麻婆豆腐,4
645,青椒土豆丝,1
645,红烧肉,4
645,红烧排骨,3
646,京酱肉丝,4
646,番茄炒蛋,4
646,地三鲜,3
646,手撕包菜,4
646,冬瓜排骨汤,3
646,木耳炒肉,3
646,辣子鸡,5
646,宫保鸡丁,5
646,西红柿鸡蛋汤,5
646,紫菜蛋花汤,5
646,青椒土豆丝,1
646,蚝油生菜,2
646,酸菜鱼,1
646,干煸豆角,3
646,酸辣土豆丝,2
646,水煮鱼,5
646,葱爆羊肉,5
646,红烧排骨,5
646,鱼香肉丝,2
646,土豆烧牛肉,3
646,韭菜炒鸡蛋,3
647,红烧肉,1
647,干锅菜花,4
647,白切鸡,2
647,木耳炒肉,2
647,韭菜炒鸡蛋,1
647,宫保鸡丁,1
647,干煸豆角,1
647,蚝油生菜,5
647,酸菜鱼,4
647,手撕包菜,5
647,辣子鸡,4
647,烧茄子,1
647,冬瓜排骨汤,5
647,青椒土豆丝,1
647,糖醋里脊,5
647,西红柿鸡蛋汤,2
647,水煮鱼,2
647,葱爆羊肉,5
647,番茄炒蛋,1
647,京酱肉丝,2
647,回锅肉,4
647,紫菜蛋花汤,2
647,地三鲜,2
647,蒜蓉西兰花,4
648,酸菜鱼,1
648,青椒土豆丝,2
648,宫保鸡丁,2
648,葱爆羊肉,1
648,冬瓜排骨汤,1
648,酸辣土豆丝,5
648,麻婆豆腐,1
648,手撕包菜,3
648,白切鸡,4
648,蒜蓉西兰花,1
648,香菇青菜,5
648,紫菜蛋花汤,2
648,京酱肉丝,5
648,水煮鱼,5
648,干锅菜花,1
648,回锅肉,2
648,木耳炒肉,4
648,糖醋里脊,3
648,干煸豆角,4
648,地三鲜,4
648,鱼香肉丝,3
649,辣子鸡,3
649,木耳炒肉,2
649,白切鸡,2
649,水煮鱼,4
649,酸辣土豆丝,5
649,葱爆羊肉,4
649,鱼香肉丝,3
649,冬瓜排骨汤,1
649,干煸豆角,5
649,糖醋里脊,2
649,京酱肉丝,4
649,地三鲜,2
649,红烧排骨,2
649,红烧肉,2
649,宫保鸡丁,2
649,香菇青菜,5
649,蒜蓉西兰花,5
649,紫菜蛋花汤,5
649,干锅菜花,2
649,土豆烧牛肉,1
649,回锅肉,2
649,手撕包菜,4
649,酸菜鱼,3
649,韭菜炒鸡蛋,3
650,葱爆羊肉,4
650,麻婆豆腐,1
650,西红柿鸡蛋汤,3
650,回锅肉,1
650,宫保鸡丁,3
650,韭菜炒鸡蛋,2
650,酸辣土豆丝,4
650,辣子鸡,4
650,红烧肉,4
650,蒜蓉西兰花,4
650,土豆烧牛肉,1
651,韭菜炒鸡蛋,1
651,水煮鱼,1
651,西红柿鸡蛋汤,4
651,酸辣土豆丝,2
651,红烧肉,4
651,葱爆羊肉,1
651,鱼香肉丝,3
651,宫保鸡丁,2
651,糖醋里脊,1
651,紫菜蛋花汤,2
651,蒜蓉西兰花,2
651,干煸豆角,3
651,地三鲜,3
651,京酱肉丝,3
651,白切鸡,1
651,干锅菜花,4
651,辣子鸡,5
652,番茄炒蛋,2
652,葱爆羊肉,3
652,红烧排骨,5
652,水煮鱼,1
652,香菇青菜,5
652,烧茄子,4
652,蚝油生菜,2
652,西红柿鸡蛋汤,3
652,土豆烧牛肉,3
652,手撕包菜,2
652,红烧肉,4
652,糖醋里脊,5
652,蒜蓉西兰花,5
652,回锅肉,2
652,辣子鸡,4
652,地三鲜,1
652,鱼香肉丝,2
652,宫保鸡丁,2
653,地三鲜,4
653,白切鸡,3
653,酸辣土豆丝,5
653,水煮鱼,2
653,宫保鸡丁,4
653,木耳炒肉,5
653,干煸豆角,5
653,紫菜蛋花汤,5
653,干锅菜花,4
653,鱼香肉丝,5
653,西红柿鸡蛋汤,5
653,蚝油生菜,4
653,蒜蓉西兰花,3
653,韭菜炒鸡蛋,5
653,麻婆豆腐,5
653,京酱肉丝,5
653,红烧肉,4
653,葱爆羊肉,1
653,辣子鸡,5
653,香菇青菜,3
653,烧茄子,2
654,蚝油生菜,2
654,地三鲜,2
654,红烧排骨,2
654,京酱肉丝,1
654,烧茄子,2
654,冬瓜排骨汤,2
654,青椒土豆丝,3
654,红烧肉,2
654,酸菜鱼,4
654,手撕包菜,4
654,水煮鱼,5
654,辣子鸡,5
654,鱼香肉丝,1
654,蒜蓉西兰花,4
654,紫菜蛋花汤,5
654,香菇青菜,1
654,干锅菜花,5
654,木耳炒肉,4
655,京酱肉丝,4
655,烧茄子,1
655,水煮鱼,4
655,干锅菜花,2
655,手撕包菜,2
656,土豆烧牛肉,3
656,酸辣土豆丝,2
656,青椒土豆丝,5
656,蒜蓉西兰花,2
656,白切鸡,5
656,冬瓜排骨汤,1
656,酸菜鱼,3
656,干煸豆角,1
656,韭菜炒鸡蛋,3
656,蚝油生菜,4
657,干煸豆角,4
657,水煮鱼,1
657,红烧肉,2
657,韭菜炒鸡蛋,2
657,红烧排骨,5
657,白切鸡,3
657,葱爆羊肉,5
657,酸菜鱼,3
657,鱼香肉丝,1
657,土豆烧牛肉,3
657,冬瓜排骨汤,2
657,京酱肉丝,3
657,地三鲜,4
657,手撕包菜,5
657,酸辣土豆丝,2
657,木耳炒肉,2
657,蒜蓉西兰花,5
657,宫保鸡丁,3
657,回锅肉,5
657,糖醋里脊,3
657,辣子鸡,1
657,干锅菜花,1
657,番茄炒蛋,2
657,西红柿鸡蛋汤,4
657,青椒土豆丝,2
657,紫菜蛋花汤,1
657,蚝油生菜,1
657,香菇青菜,5
657,烧茄子,4
658,京酱肉丝,3
658,西红柿鸡蛋汤,1
658,紫菜蛋花汤,3
658,麻婆豆腐,5
658,宫保鸡丁,1
658,水煮鱼,3
658,冬瓜排骨汤,1
658,蒜蓉西兰花,4
658,糖醋里脊,4
658,木耳炒肉,2
658,烧茄子,5
658,干煸豆角,2
658,酸菜鱼,5
658,鱼香肉丝,4
658,蚝油生菜,4
658,香菇青菜,2
658,红烧排骨,1
658,回锅肉,3
658,韭菜炒鸡蛋,2
658,辣子鸡,3
659,鱼香肉丝,1
659,西红柿鸡蛋汤,4
659,香菇青菜,2
659,干锅菜花,4
659,木耳炒肉,4
659,白切鸡,2
659,辣子鸡,5
659,京酱肉丝,2
659,番茄炒蛋,3
660,土豆烧牛肉,1
661,冬瓜排骨汤,3
661,香菇青菜,2
661,酸辣土豆丝,2
661,烧茄子,3
661,西红柿鸡蛋汤,4
661,京酱肉丝,1
661,宫保鸡丁,4
661,番茄炒蛋,5
661,红烧排骨,1
661,白切鸡,4
661,麻婆豆腐,1
661,回锅肉,2
661,鱼香肉丝,2
661,手撕包菜,1
661,干煸豆角,1
661,紫菜蛋花汤,5
661,水煮鱼,2
661,葱爆羊肉,1
661,蒜蓉西兰花,4
661,青椒土豆丝,1
661,地三鲜,2
661,干锅菜花,4
661,木耳炒肉,2
661,酸菜鱼,5
662,酸菜鱼,1
662,红烧肉,2
662,干锅菜花,4
662,香菇青菜,3
662,土豆烧牛肉,5
662,红烧排骨,1
662,地三鲜,1
662,京酱肉丝,4
662,水煮鱼,3
662,糖醋里脊,3
662,烧茄子,1
662,冬瓜排骨汤,2
662,麻婆豆腐,4
662,辣子鸡,2
662,蒜蓉西兰花,3
662,西红柿鸡蛋汤,1
662,木耳炒肉,4
662,鱼香肉丝,4
662,酸辣土豆丝,5
662,蚝油生菜,1
662,葱爆羊肉,2
662,番茄炒蛋,4
663,蚝油生菜,4
663,香菇青菜,5
663,干煸豆角,4
663,蒜蓉西兰花,2
663,番茄炒蛋,4
663,紫菜蛋花汤,2
663,麻婆豆腐,5
663,鱼香肉丝,2
663,手撕包菜,1
663,烧茄子,5
663,酸辣土豆丝,2
663,西红柿鸡蛋汤,5
663,土豆烧牛肉,3
663,冬瓜排骨汤,4
663,水煮鱼,1
663,酸菜鱼,3
663,红烧排骨,2
663,红烧肉,5
663,回锅肉,4
663,糖醋里脊,1
663,白切鸡,4
663,地三鲜,5
663,木耳炒肉,5
663,青椒土豆丝,4
664,干煸豆角,3
664,水煮鱼,1
664,干锅菜花,4
664,香菇青菜,5
664,韭菜炒鸡蛋,2
664,宫保鸡丁,1
664,京酱肉丝,2
664,木耳炒肉,2
664,青椒土豆丝,2
664,酸辣土豆丝,3
664,蒜蓉西兰花,3
664,红烧肉,2
664,鱼香肉丝,1
665,干煸豆角,1
665,冬瓜排骨汤,5
665,紫菜蛋花汤,2
665,地三鲜,1
665,鱼香肉丝,5
665,手撕包菜,2
665,酸菜鱼,3
665,土豆烧牛肉,5
665,干锅菜花,4
665,水煮鱼,4
665,回锅肉,5
665,京酱肉丝,1
665,红烧肉,5
666,土豆烧牛肉,5
666,手撕包菜,2
666,干煸豆角,5
666,回锅肉,4
666,青椒土豆丝,5
666,葱爆羊肉,3
666,白切鸡,5
666,酸辣土豆丝,3
666,紫菜蛋花汤,2
666,辣子鸡,3
666,冬瓜排骨汤,5
666,鱼香肉丝,3
666,番茄炒蛋,5
666,红烧肉,5
666,宫保鸡丁,5
666,西红柿鸡蛋汤,1
666,韭菜炒鸡蛋,1
666,京酱肉丝,3
666,红烧排骨,3
667,烧茄子,4
667,土豆烧牛肉,4
667,蒜蓉西兰花,4
667,干锅菜花,2
667,蚝油生菜,5
667,手撕包菜,2
667,宫保鸡丁,1
667,韭菜炒鸡蛋,5
667,紫菜蛋花汤,4
667,木耳炒肉,3
667,麻婆豆腐,4
667,地三鲜,1
667,番茄炒蛋,5
667,青椒土豆丝,1
667,京酱肉丝,4
668,白切鸡,1
668,土豆烧牛肉,5
668,香菇青菜,3
668,京酱肉丝,5
668,西红柿鸡蛋汤,1
668,红烧肉,4
668,紫菜蛋花汤,2
668,红烧排骨,2
668,葱爆羊肉,3
668,蒜蓉西兰花,1
668,冬瓜排骨汤,3
668,手撕包菜,1
668,韭菜炒鸡蛋,3
668,酸菜鱼,4
668,糖醋里脊,4
668,青椒土豆丝,5
669,干煸豆角,3
669,干锅菜花,3
669,红烧排骨,3
669,宫保鸡丁,3
669,鱼香肉丝,2
669,紫菜蛋花汤,5
669,水煮鱼,4
669,番茄炒蛋,4
669,回锅肉,5
669,土豆烧牛肉,4
669,韭菜炒鸡蛋,2
670,地三鲜,2
670,木耳炒肉,2
670,白切鸡,5
670,辣子鸡,5
670,番茄炒蛋,3
671,京酱肉丝,4
671,木耳炒肉,5
671,冬瓜排骨汤,2
671,青椒土豆丝,2
671,糖醋里脊,3
671,土豆烧牛肉,5
671,红烧排骨,5
671,水煮鱼,3
671,酸菜鱼,1
671,紫菜蛋花汤,2
671,番茄炒蛋,5
671,回锅肉,1
671,麻婆豆腐,5
671,干煸豆角,4
671,白切鸡,3
671,酸辣土豆丝,3
671,烧茄子,1
671,香菇青菜,4
671,地三鲜,5
671,西红柿鸡蛋汤,3
671,手撕包菜,4
671,葱爆羊肉,5
671,蚝油生菜,3
671,宫保鸡丁,1
671,红烧肉,5
671,蒜蓉西兰花,3
672,香菇青菜,3
672,手撕包菜,1
672,干煸豆角,1
672,辣子鸡,3
672,回锅肉,2
672,青椒土豆丝,4
672,鱼香肉丝,3
672,糖醋里脊,1
672,木耳炒肉,3
672,烧茄子,3
672,白切鸡,4
672,水煮鱼,1
672,蒜蓉西兰花,3
672,麻婆豆腐,3
672,红烧排骨,2
672,干锅菜花,1
672,西红柿鸡蛋汤,2
672,冬瓜排骨汤,2
672,葱爆羊肉,3
672,土豆烧牛肉,5
672,酸辣土豆丝,2
672,紫菜蛋花汤,4
672,番茄炒蛋,4
672,红烧肉,5
672,宫保鸡丁,1
673,蚝油生菜,2
673,葱爆羊肉,1
673,干锅菜花,3
673,酸菜鱼,1
673,宫保鸡丁,1
673,鱼香肉丝,3
673,白切鸡,2
673,回锅肉,4
674,白切鸡,3
674,蒜蓉西兰花,3
674,水煮鱼,2
674,韭菜炒鸡蛋,2
674,红烧排骨,5
674,西红柿鸡蛋汤,5
674,香菇青菜,5
674,土豆烧牛肉,3
674,宫保鸡丁,4
674,紫菜蛋花汤,2
674,红烧肉,2
674,酸辣土豆丝,3
674,鱼香肉丝,5
675,紫菜蛋花汤,5
675,蚝油生菜,4
675,手撕包菜,3
675,葱爆羊肉,3
675,木耳炒肉,5
675,宫保鸡丁,3
675,酸菜鱼,2
675,红烧排骨,5
675,蒜蓉西兰花,2
675,西红柿鸡蛋汤,3
675,干锅菜花,5
675,土豆烧牛肉,1
675,白切鸡,1
675,回锅肉,4
675,辣子鸡,3
675,烧茄子,1
675,麻婆豆腐,2
675,韭菜炒鸡蛋,1
675,青椒土豆丝,1
675,番茄炒蛋,1
675,干煸豆角,2
675,酸辣土豆丝,3
675,红烧肉,3
675,地三鲜,2
675,香菇青菜,5
675,京酱肉丝,2
676,青椒土豆丝,1
676,红烧肉,3
676,烧茄子,3
677,糖醋里脊,3
677,鱼香肉丝,4
677,酸菜鱼,1
678,糖醋里脊,5
678,烧茄子,4
678,西红柿鸡蛋汤,2
678,葱爆羊肉,4
678,土豆烧牛肉,2
678,酸辣土豆丝,4
678,番茄炒蛋,4
678,干煸豆角,4
678,水煮鱼,3
678,辣子鸡,4
678,冬瓜排骨汤,2
678,白切鸡,1
678,蒜蓉西兰花,2
678,蚝油生菜,3
678,京酱肉丝,5
678,紫菜蛋花汤,2
678,红烧排骨,3
679,糖醋里脊,2
679,麻婆豆腐,1
679,蒜蓉西兰花,2
679,紫菜蛋花汤,2
679,蚝油生菜,5
679,番茄炒蛋,2
679,韭菜炒鸡蛋,1
679,土豆烧牛肉,3
679,水煮鱼,5
679,红烧肉,1
680,京酱肉丝,1
680,酸辣土豆丝,1
681,青椒土豆丝,1
681,葱爆羊肉,4
681,回锅肉,2
681,香菇青菜,2
681,番茄炒蛋,3
681,糖醋里脊,4
681,韭菜炒鸡蛋,4
681,土豆烧牛肉,3
681,干锅菜花,3
681,地三鲜,3
681,鱼香肉丝,5
681,酸辣土豆丝,3
681,蚝油生菜,4
681,木耳炒肉,2
681,京酱肉丝,4
681,冬瓜排骨汤,2
681,烧茄子,5
682,酸菜鱼,5
682,红烧肉,1
683,木耳炒肉,4
683,手撕包菜,2
683,冬瓜排骨汤,1
683,干煸豆角,4
683,酸辣土豆丝,2
683,干锅菜花,2
683,京酱肉丝,4
683,紫菜蛋花汤,2
683,土豆烧牛肉,5
683,青椒土豆丝,5
683,水煮鱼,2
683,蚝油生菜,1
683,宫保鸡丁,3
683,番茄炒蛋,2
683,西红柿鸡蛋汤,2
683,韭菜炒鸡蛋,2
683,酸菜鱼,5
684,紫菜蛋花汤,3
684,白切鸡,2
684,糖醋里脊,5
684,酸辣土豆丝,5
684,葱爆羊肉,2
684,番茄炒蛋,3
684,水煮鱼,5
684,蚝油生菜,3
684,酸菜鱼,3
684,红烧排骨,4
684,麻婆豆腐,1
684,辣子鸡,4
684,青椒土豆丝,4
684,红烧肉,4
684,土豆烧牛肉,2
684,干锅菜花,2
684,西红柿鸡蛋汤,4
684,手撕包菜,3
684,干煸豆角,2
685,红烧排骨,3
686,冬瓜排骨汤,2
686,回锅肉,4
686,红烧排骨,5
686,蚝油生菜,5
686,手撕包菜,4
686,香菇青菜,1
686,白切鸡,2
686,韭菜炒鸡蛋,5
686,水煮鱼,2
687,麻婆豆腐,5
687,番茄炒蛋,5
687,宫保鸡丁,5
687,酸菜鱼,2
687,青椒土豆丝,2
687,干煸豆角,2
687,白切鸡,1
687,干锅菜花,1
687,蒜蓉西兰花,2
687,香菇青菜,3
687,水煮鱼,4
687,糖醋里脊,1
687,烧茄子,5
687,木耳炒肉,2
687,红烧肉,2
688,西红柿鸡蛋汤,3
688,宫保鸡丁,5
689,白切鸡,5
689,蚝油生菜,4
689,干煸豆角,1
689,干锅菜花,1
689,蒜蓉西兰花,2
689,西红柿鸡蛋汤,1
689,手撕包菜,3
689,红烧排骨,3
689,木耳炒肉,2
689,地三鲜,4
689,糖醋里脊,1
689,烧茄子,5
689,酸辣土豆丝,5
689,韭菜炒鸡蛋,3
689,番茄炒蛋,1
689,水煮鱼,4
690,地三鲜,2
690,木耳炒肉,2
690,冬瓜排骨汤,5
691,紫菜蛋花汤,5
691,冬瓜排骨汤,4
691,麻婆豆腐,1
691,鱼香肉丝,5
691,手撕包菜,1
691,红烧肉,2
691,烧茄子,4
691,红烧排骨,1
691,番茄炒蛋,2
691,韭菜炒鸡蛋,2
691,地三鲜,1
691,木耳炒肉,2
691,西红柿鸡蛋汤,2
691,辣子鸡,1
691,糖醋里脊,4
691,青椒土豆丝,4
691,蚝油生菜,4
691,酸菜鱼,2
691,白切鸡,1
691,回锅肉,1
691,水煮鱼,5
691,酸辣土豆丝,1
691,蒜蓉西兰花,1
691,京酱肉丝,1
691,葱爆羊肉,4
691,干锅菜花,4
691,干煸豆角,1
691,香菇青菜,2
691,土豆烧牛肉,2
692,水煮鱼,1
692,白切鸡,4
693,酸辣土豆丝,4
693,酸菜鱼,2
693,干煸豆角,2
693,紫菜蛋花汤,5
693,蒜蓉西兰花,2
694,辣子鸡,2
694,红烧排骨,4
695,酸菜鱼,3
695,糖醋里脊,2
695,土豆烧牛肉,1
695,鱼香肉丝,1
695,干煸豆角,3
695,番茄炒蛋,1
695,干锅菜花,5
695,烧茄子,4
695,蚝油生菜,5
695,辣子鸡,2
695,蒜蓉西兰花,3
695,水煮鱼,1
695,红烧肉,5
696,酸菜鱼,2
696,红烧肉,5
696,西红柿鸡蛋汤,4
696,白切鸡,1
696,辣子鸡,1
696,京酱肉丝,2
696,冬瓜排骨汤,4
696,鱼香肉丝,1
696,红烧排骨,2
696,糖醋里脊,3
696,地三鲜,2
696,木耳炒肉,4
696,手撕包菜,3
696,麻婆豆腐,5
696,韭菜炒鸡蛋,3
696,土豆烧牛肉,5
696,水煮鱼,3
696,干煸豆角,4
696,紫菜蛋花汤,3
696,蚝油生菜,2
696,干锅菜花,2
696,番茄炒蛋,1
697,麻婆豆腐,4
697,西红柿鸡蛋汤,1
697,酸辣土豆丝,3
697,手撕包菜,5
697,红烧肉,2
697,鱼香肉丝,4
697,蚝油生菜,2
697,香菇青菜,5
697,宫保鸡丁,4
698,宫保鸡丁,4
698,番茄炒蛋,5
698,白切鸡,1
698,冬瓜排骨汤,4
698,紫菜蛋花汤,2
698,干锅菜花,2
698,酸辣土豆丝,2
698,麻婆豆腐,3
698,葱爆羊肉,5
699,西红柿鸡蛋汤,5
699,水煮鱼,4
699,酸菜鱼,3
699,冬瓜排骨汤,4
699,回锅肉,3
699,番茄炒蛋,5
699,干煸豆角,1
699,烧茄子,3
699,韭菜炒鸡蛋,4
699,鱼香肉丝,5
699,青椒土豆丝,3
699,辣子鸡,3
699,宫保鸡丁,3
699,白切鸡,4
699,土豆烧牛肉,2
699,香菇青菜,2
699,酸辣土豆丝,3
699,红烧排骨,4
699,手撕包菜,1
699,糖醋里脊,2
699,蒜蓉西兰花,3
700,葱爆羊肉,4
700,鱼香肉丝,4
700,水煮鱼,3
700,宫保鸡丁,1
700,土豆烧牛肉,4
700,木耳炒肉,2
700,冬瓜排骨汤,4
700,蒜蓉西兰花,5
700,酸辣土豆丝,1
700,手撕包菜,5
700,糖醋里脊,1
700,西红柿鸡蛋汤,5
700,紫菜蛋花汤,1
700,青椒土豆丝,3
700,干煸豆角,4
701,红烧肉,1
701,红烧排骨,3
701,鱼香肉丝,1
701,冬瓜排骨汤,4
702,糖醋里脊,4
702,蒜蓉西兰花,4
702,宫保鸡丁,1
703,宫保鸡丁,3
703,干锅菜花,5
703,韭菜炒鸡蛋,3
703,青椒土豆丝,4
703,酸菜鱼,3
703,麻婆豆腐,2
703,紫菜蛋花汤,4
703,辣子鸡,2
704,韭菜炒鸡蛋,4
704,糖醋里脊,2
704,鱼香肉丝,3
704,红烧排骨,5
705,蒜蓉西兰花,1
705,干煸豆角,3
705,地三鲜,5
705,干锅菜花,1
705,葱爆羊肉,5
705,韭菜炒鸡蛋,2
705,蚝油生菜,2
705,白切鸡,4
705,回锅肉,1
705,香菇青菜,1
705,鱼香肉丝,1
705,糖醋里脊,3
705,水煮鱼,4
705,手撕包菜,4
705,酸菜鱼,4
705,土豆烧牛肉,1
705,烧茄子,3
705,京酱肉丝,3
705,木耳炒肉,5
705,辣子鸡,1
705,红烧排骨,1
705,麻婆豆腐,1
705,青椒土豆丝,1
705,西红柿鸡蛋汤,4
705,冬瓜排骨汤,5
705,番茄炒蛋,4
705,红烧肉,4
705,紫菜蛋花汤,1
706,宫保鸡丁,1
706,鱼香肉丝,5
706,酸辣土豆丝,3
706,烧茄子,5
706,回锅肉,1
706,红烧排骨,3
706,青椒土豆丝,2
706,土豆烧牛肉,1
706,韭菜炒鸡蛋,3
707,番茄炒蛋,5
707,宫保鸡丁,5
707,回锅肉,3
707,白切鸡,1
707,木耳炒肉,4
707,蒜蓉西兰花,4
707,西红柿鸡蛋汤,1
707,红烧排骨,2
707,辣子鸡,2
707,烧茄子,4
707,蚝油生菜,3
707,香菇青菜,1
707,京酱肉丝,4
707,手撕包菜,4
707,韭菜炒鸡蛋,5
707,酸菜鱼,3
707,水煮鱼,2
707,干锅菜花,2
707,酸辣土豆丝,2
707,葱爆羊肉,3
707,青椒土豆丝,4
707,干煸豆角,2
707,地三鲜,2
707,糖醋里脊,5
707,土豆烧牛肉,5
707,紫菜蛋花汤,5
708,红烧排骨,4
708,紫菜蛋花汤,2
708,水煮鱼,1
708,白切鸡,2
708,干锅菜花,4
708,鱼香肉丝,1
708,麻婆豆腐,5
708,韭菜炒鸡蛋,4
708,回锅肉,5
708,番茄炒蛋,2
709,麻婆豆腐,2
709,葱爆羊肉,1
709,宫保鸡丁,3
709,木耳炒肉,1
710,紫菜蛋花汤,3
710,西红柿鸡蛋汤,5
710,土豆烧牛肉,2
710,蚝油生菜,2
710,麻婆豆腐,1
710,青椒土豆丝,4
710,地三鲜,3
710,干煸豆角,5
710,白切鸡,5
710,红烧排骨,2
710,蒜蓉西兰花,5
710,韭菜炒鸡蛋,4
710,干锅菜花,5
710,红烧肉,3
710,水煮鱼,4
710,宫保鸡丁,1
710,手撕包菜,5
710,鱼香肉丝,2
710,酸辣土豆丝,1
710,回锅肉,1
710,酸菜鱼,3
710,烧茄子,5
710,京酱肉丝,1
710,糖醋里脊,4
710,葱爆羊肉,4
710,辣子鸡,3
710,香菇青菜,4
710,冬瓜排骨汤,1
711,木耳炒肉,1
711,番茄炒蛋,3
711,紫菜蛋花汤,1
711,糖醋里脊,5
711,京酱肉丝,3
711,红烧排骨,2
711,麻婆豆腐,1
711,辣子鸡,3
711,白切鸡,1
711,蚝油生菜,5
711,酸辣土豆丝,4
711,干煸豆角,1
711,西红柿鸡蛋汤,3
711,蒜蓉西兰花,4
711,香菇青菜,1
711,酸菜鱼,4
711,葱爆羊肉,5
711,韭菜炒鸡蛋,2
711,红烧肉,2
711,手撕包菜,4
711,烧茄子,3
711,冬瓜排骨汤,5
711,干锅菜花,5
711,水煮鱼,2
711,土豆烧牛肉,3
711,回锅肉,4
711,地三鲜,3
712,手撕包菜,4
712,紫菜蛋花汤,2
712,干锅菜花,3
712,红烧排骨,1
713,白切鸡,4
713,葱爆羊肉,3
713,韭菜炒鸡蛋,5
713,烧茄子,5
713,辣子鸡,2
713,紫菜蛋花汤,1
713,京酱肉丝,5
713,酸辣土豆丝,5
713,土豆烧牛肉,2
713,青椒土豆丝,3
713,回锅肉,5
713,西红柿鸡蛋汤,4
713,鱼香肉丝,5
713,手撕包菜,5
713,干锅菜花,2
713,蒜蓉西兰花,5
713,红烧肉,1
713,麻婆豆腐,4
713,宫保鸡丁,2
713,木耳炒肉,3
713,干煸豆角,4
713,冬瓜排骨汤,4
713,番茄炒蛋,2
713,蚝油生菜,5
713,水煮鱼,4
713,地三鲜,5
713,红烧排骨,5
713,酸菜鱼,1
713,糖醋里脊,4
714,白切鸡,1
715,辣子鸡,1
715,麻婆豆腐,5
715,糖醋里脊,2
716,干煸豆角,4
716,手撕包菜,1
716,白切鸡,3
716,烧茄子,2
716,番茄炒蛋,2
716,糖醋里脊,1
716,韭菜炒鸡蛋,3
716,葱爆羊肉,3
716,水煮鱼,5
716,青椒土豆丝,5
716,西红柿鸡蛋汤,1
716,香菇青菜,4
717,手撕包菜,1
717,木耳炒肉,5
717,韭菜炒鸡蛋,1
717,鱼香肉丝,4
717,番茄炒蛋,3
717,地三鲜,1
717,回锅肉,2
717,辣子鸡,3
717,香菇青菜,3
717,红烧肉,1
717,酸辣土豆丝,5
718,京酱肉丝,5
718,冬瓜排骨汤,5
718,麻婆豆腐,1
718,香菇青菜,4
718,手撕包菜,4
718,酸辣土豆丝,5
718,木耳炒肉,2
718,西红柿鸡蛋汤,1
718,蒜蓉西兰花,3
718,红烧肉,1
718,回锅肉,4
718,土豆烧牛肉,3
718,红烧排骨,4
718,宫保鸡丁,5
719,水煮鱼,3
719,蚝油生菜,3
719,青椒土豆丝,1
719,木耳炒肉,1
719,酸菜鱼,1
719,白切鸡,5
719,番茄炒蛋,2
719,京酱肉丝,5
719,烧茄子,2
719,韭菜炒鸡蛋,1
719,回锅肉,4
719,土豆烧牛肉,3
719,葱爆羊肉,2
719,冬瓜排骨汤,4
719,干煸豆角,1
719,地三鲜,3
719,辣子鸡,1
719,手撕包菜,1
719,蒜蓉西兰花,4
719,红烧肉,1
719,香菇青菜,4
719,糖醋里脊,1
719,西红柿鸡蛋汤,2
719,酸辣土豆丝,5
719,鱼香肉丝,5
719,麻婆豆腐,5
719,干锅菜花,4
719,紫菜蛋花汤,2
720,酸菜鱼,4
720,青椒土豆丝,1
720,葱爆羊肉,1
720,韭菜炒鸡蛋,1
720,烧茄子,5
720,红烧肉,5
720,水煮鱼,3
720,蒜蓉西兰花,2
720,红烧排骨,3
720,回锅肉,5
720,紫菜蛋花汤,5
720,地三鲜,3
720,宫保鸡丁,2
720,京酱肉丝,1
721,紫菜蛋花汤,4
721,京酱肉丝,4
721,西红柿鸡蛋汤,1
721,干煸豆角,3
721,回锅肉,4
721,酸辣土豆丝,3
721,土豆烧牛肉,2
721,白切鸡,1
721,葱爆羊肉,3
721,木耳炒肉,3
722,冬瓜排骨汤,5
722,地三鲜,5
722,香菇青菜,1
722,手撕包菜,4
722,干锅菜花,2
722,酸菜鱼,2
722,土豆烧牛肉,3
722,鱼香肉丝,3
722,红烧排骨,4
722,蚝油生菜,4
722,辣子鸡,2
722,木耳炒肉,2
722,青椒土豆丝,4
722,糖醋里脊,3
723,辣子鸡,4
723,宫保鸡丁,3
723,水煮鱼,4
723,京酱肉丝,2
723,烧茄子,3
723,酸菜鱼,5
723,白切鸡,1
723,酸辣土豆丝,4
723,地三鲜,1
723,青椒土豆丝,1
723,西红柿鸡蛋汤,1
723,鱼香肉丝,2
723,葱爆羊肉,3
723,番茄炒蛋,1
723,蒜蓉西兰花,1
723,韭菜炒鸡蛋,3
723,麻婆豆腐,5
723,土豆烧牛肉,3
723,红烧肉,5
723,木耳炒肉,5
723,蚝油生菜,4
723,糖醋里脊,1
723,紫菜蛋花汤,1
724,西红柿鸡蛋汤,3
724,土豆烧牛肉,2
724,鱼香肉丝,4
724,水煮鱼,1
724,香菇青菜,2
724,红烧排骨,1
724,蒜蓉西兰花,2
724,京酱肉丝,1
724,蚝油生菜,2
724,干煸豆角,5
724,紫菜蛋花汤,3
724,红烧肉,2
724,糖醋里脊,4
724,麻婆豆腐,3
724,番茄炒蛋,2
724,辣子鸡,4
724,干锅菜花,3
724,烧茄子,5
724,青椒土豆丝,4
724,冬瓜排骨汤,5
724,手撕包菜,1
724,地三鲜,4
724,酸辣土豆丝,5
724,韭菜炒鸡蛋,3
724,木耳炒肉,2
725,回锅肉,3
725,蒜蓉西兰花,3
725,番茄炒蛋,1
725,辣子鸡,1
725,红烧肉,4
725,水煮鱼,3
725,干煸豆角,3
725,土豆烧牛肉,3
725,青椒土豆丝,3
725,西红柿鸡蛋汤,4
725,酸菜鱼,3
725,紫菜蛋花汤,2
726,糖醋里脊,2
726,冬瓜排骨汤,1
726,麻婆豆腐,4
726,水煮鱼,3
726,红烧肉,1
726,紫菜蛋花汤,5
726,蚝油生菜,1
726,韭菜炒鸡蛋,1
726,干锅菜花,5
726,辣子鸡,4
726,土豆烧牛肉,2
726,香菇青菜,1
726,西红柿鸡蛋汤,3
726,干煸豆角,3
726,蒜蓉西兰花,2
726,红烧排骨,1
726,京酱肉丝,4
726,手撕包菜,5
726,木耳炒肉,2
726,地三鲜,3
726,酸辣土豆丝,5
726,白切鸡,5
726,青椒土豆丝,2
726,宫保鸡丁,3
726,鱼香肉丝,5
726,葱爆羊肉,2
726,酸菜鱼,3
726,回锅肉,2
727,辣子鸡,5
727,鱼香肉丝,2
727,宫保鸡丁,5
727,韭菜炒鸡蛋,3
727,蚝油生菜,1
727,烧茄子,4
727,酸辣土豆丝,5
727,水煮鱼,5
727,蒜蓉西兰花,2
727,麻婆豆腐,4
727,京酱肉丝,5
727,干锅菜花,1
727,香菇青菜,1
727,干煸豆角,3
727,紫菜蛋花汤,2
727,回锅肉,5
727,冬瓜排骨汤,1
727,糖醋里脊,2
727,番茄炒蛋,5
727,手撕包菜,4
727,红烧肉,5
727,土豆烧牛肉,5
727,红烧排骨,3
727,地三鲜,5
727,酸菜鱼,4
727,白切鸡,5
727,青椒土豆丝,5
727,葱爆羊肉,5
727,西红柿鸡蛋汤,4
728,蒜蓉西兰花,2
728,紫菜蛋花汤,3
728,手撕包菜,4
728,红烧肉,2
728,冬瓜排骨汤,1
728,韭菜炒鸡蛋,1
728,白切鸡,5
728,宫保鸡丁,5
728,辣子鸡,4
728,酸菜鱼,3
728,香菇青菜,2
728,红烧排骨,3
728,木耳炒肉,2
728,酸辣土豆丝,2
728,水煮鱼,5
728,土豆烧牛肉,2
728,葱爆羊肉,5
728,青椒土豆丝,4
728,烧茄子,2
729,青椒土豆丝,5
729,紫菜蛋花汤,1
729,红烧排骨,5
729,蚝油生菜,5
729,水煮鱼,2
729,红烧肉,2
729,木耳炒肉,2
729,烧茄子,1
729,干煸豆角,1
729,土豆烧牛肉,1
729,香菇青菜,1
729,鱼香肉丝,2
729,京酱肉丝,2
729,番茄炒蛋,2
729,糖醋里脊,1
729,麻婆豆腐,1
729,回锅肉,1
730,蒜蓉西兰花,3
730,京酱肉丝,1
730,干锅菜花,2
730,葱爆羊肉,5
730,西红柿鸡蛋汤,3
730,水煮鱼,3
730,宫保鸡丁,2
730,鱼香肉丝,1
730,紫菜蛋花汤,5
730,烧茄子,5
730,白切鸡,1
730,土豆烧牛肉,4
730,香菇青菜,3
730,蚝油生菜,4
730,手撕包菜,5
730,韭菜炒鸡蛋,2
730,回锅肉,2
730,酸辣土豆丝,3
730,红烧肉,3
730,红烧排骨,4
730,番茄炒蛋,5
730,糖醋里脊,3
730,干煸豆角,1
731,鱼香肉丝,1
731,糖醋里脊,4
732,手撕包菜,1
732,京酱肉丝,1
732,番茄炒蛋,2
732,鱼香肉丝,3
732,地三鲜,1
732,回锅肉,4
732,酸菜鱼,5
732,红烧排骨,3
732,西红柿鸡蛋汤,1
732,干锅菜花,4
732,麻婆豆腐,5
732,酸辣土豆丝,5
732,木耳炒肉,3
732,宫保鸡丁,5
732,葱爆羊肉,4
732,糖醋里脊,1
732,韭菜炒鸡蛋,5
732,烧茄子,5
732,干煸豆角,1
732,红烧肉,3
732,蒜蓉西兰花,5
732,辣子鸡,2
732,土豆烧牛肉,4
732,冬瓜排骨汤,4
732,水煮鱼,5
732,白切鸡,2
732,香菇青菜,3
733,红烧肉,5
733,京酱肉丝,5
733,土豆烧牛肉,5
733,酸辣土豆丝,1
733,红烧排骨,4
733,蚝油生菜,5
733,白切鸡,4
733,西红柿鸡蛋汤,5
733,番茄炒蛋,1
733,韭菜炒鸡蛋,3
733,木耳炒肉,1
733,干锅菜花,3
733,鱼香肉丝,5
733,蒜蓉西兰花,4
733,青椒土豆丝,2
733,回锅肉,3
733,糖醋里脊,4
733,手撕包菜,1
734,干锅菜花,5
734,西红柿鸡蛋汤,1
734,京酱肉丝,5
734,鱼香肉丝,3
734,韭菜炒鸡蛋,2
734,白切鸡,1
734,青椒土豆丝,4
734,红烧肉,3
734,木耳炒肉,3
734,麻婆豆腐,5
734,蚝油生菜,3
734,葱爆羊肉,1
734,地三鲜,4
734,紫菜蛋花汤,4
734,番茄炒蛋,4
734,糖醋里脊,3
734,干煸豆角,1
734,手撕包菜,2
734,宫保鸡丁,4
735,京酱肉丝,2
735,白切鸡,3
735,番茄炒蛋,1
735,蚝油生菜,5
735,麻婆豆腐,5
735,水煮鱼,4
735,土豆烧牛肉,2
735,干煸豆角,4
735,烧茄子,3
735,酸辣土豆丝,2
736,红烧肉,1
736,白切鸡,4
736,香菇青菜,1
736,酸菜鱼,3
736,蒜蓉西兰花,3
736,红烧排骨,3
737,水煮鱼,3
737,木耳炒肉,3
737,土豆烧牛肉,4
737,地三鲜,1
737,干煸豆角,3
738,手撕包菜,4
738,蒜蓉西兰花,2
738,红烧肉,3
738,鱼香肉丝,4
738,红烧排骨,3
738,冬瓜排骨汤,1
738,紫菜蛋花汤,4
738,地三鲜,2
738,香菇青菜,2
738,木耳炒肉,2
738,蚝油生菜,3
738,烧茄子,4
738,宫保鸡丁,2
738,麻婆豆腐,5
739,紫菜蛋花汤,1
739,土豆烧牛肉,1
739,白切鸡,1
739,酸菜鱼,4
739,酸辣土豆丝,5
739,回锅肉,5
740,番茄炒蛋,1
740,韭菜炒鸡蛋,2
740,回锅肉,4
740,西红柿鸡蛋汤,1
740,干锅菜花,4
740,青椒土豆丝,5
741,手撕包菜,3
741,地三鲜,2
741,鱼香肉丝,4
741,香菇青菜,1
741,麻婆豆腐,5
741,宫保鸡丁,2
741,西红柿鸡蛋汤,2
741,土豆烧牛肉,1
741,烧茄子,1
741,紫菜蛋花汤,4
741,蚝油生菜,1
741,水煮鱼,4
741,酸辣土豆丝,5
741,冬瓜排骨汤,3
741,番茄炒蛋,1
741,葱爆羊肉,1
741,青椒土豆丝,4
741,京酱肉丝,3
741,干煸豆角,1
741,酸菜鱼,5
741,韭菜炒鸡蛋,5
741,木耳炒肉,3
741,白切鸡,5
741,红烧排骨,3
741,蒜蓉西兰花,3
741,回锅肉,2
742,烧茄子,5
742,红烧肉,1
742,蚝油生菜,2
742,红烧排骨,1
742,蒜蓉西兰花,1
742,干锅菜花,3
742,葱爆羊肉,3
742,木耳炒肉,1
742,土豆烧牛肉,2
742,韭菜炒鸡蛋,3
742,糖醋里脊,5
742,酸辣土豆丝,5
742,地三鲜,4
742,西红柿鸡蛋汤,2
742,回锅肉,2
742,冬瓜排骨汤,1
742,青椒土豆丝,4
742,京酱肉丝,3
742,宫保鸡丁,2
742,白切鸡,3
742,干煸豆角,4
742,香菇青菜,3
742,麻婆豆腐,5
742,水煮鱼,2
742,辣子鸡,3
742,紫菜蛋花汤,2
743,蒜蓉西兰花,3
743,宫保鸡丁,5
743,京酱肉丝,5
743,回锅肉,2
743,土豆烧牛肉,5
743,葱爆羊肉,3
743,西红柿鸡蛋汤,2
743,手撕包菜,3
743,干锅菜花,2
743,糖醋里脊,4
743,红烧排骨,3
743,蚝油生菜,4
743,青椒土豆丝,2
743,木耳炒肉,5
744,酸菜鱼,4
744,宫保鸡丁,4
745,韭菜炒鸡蛋,3
745,宫保鸡丁,4
745,京酱肉丝,2
745,地三鲜,2
745,干锅菜花,5
745,白切鸡,2
745,酸菜鱼,1
745,木耳炒肉,5
745,麻婆豆腐,1
746,紫菜蛋花汤,5
746,酸菜鱼,4
746,手撕包菜,1
746,西红柿鸡蛋汤,5
746,水煮鱼,1
746,宫保鸡丁,2
746,香菇青菜,3
746,烧茄子,3
746,辣子鸡,4
746,鱼香肉丝,4
746,白切鸡,1
746,蚝油生菜,2
746,青椒土豆丝,2
746,红烧排骨,1
746,麻婆豆腐,4
746,冬瓜排骨汤,5
746,土豆烧牛肉,3
746,京酱肉丝,2
747,木耳炒肉,4
747,回锅肉,3
747,韭菜炒鸡蛋,5
747,麻婆豆腐,3
747,干煸豆角,1
747,番茄炒蛋,1
747,鱼香肉丝,2
747,紫菜蛋花汤,4
747,蚝油生菜,1
747,红烧肉,1
747,手撕包菜,3
748,酸菜鱼,2
748,糖醋里脊,3
748,冬瓜排骨汤,5
748,酸辣土豆丝,3
749,烧茄子,3
749,西红柿鸡蛋汤,5
749,白切鸡,3
749,酸菜鱼,1
749,宫保鸡丁,2
749,干锅菜花,1
749,辣子鸡,1
749,蚝油生菜,1
749,香菇青菜,4
749,水煮鱼,3
749,手撕包菜,5
749,糖醋里脊,2
749,红烧肉,3
749,冬瓜排骨汤,1
749,韭菜炒鸡蛋,2
750,西红柿鸡蛋汤,5
750,红烧排骨,3
750,水煮鱼,3
750,鱼香肉丝,2
750,回锅肉,3
750,地三鲜,5
750,红烧肉,3
750,宫保鸡丁,2
750,糖醋里脊,1
750,葱爆羊肉,3
750,韭菜炒鸡蛋,4
750,蒜蓉西兰花,1
750,辣子鸡,1
750,麻婆豆腐,1
750,紫菜蛋花汤,4
750,蚝油生菜,4
750,酸辣土豆丝,5
750,酸菜鱼,5
750,土豆烧牛肉,1
750,白切鸡,1
750,冬瓜排骨汤,4
750,番茄炒蛋,5
750,香菇青菜,4
751,土豆烧牛肉,4
751,宫保鸡丁,4
751,麻婆豆腐,4
751,紫菜蛋花汤,4
751,京酱肉丝,2
751,韭菜炒鸡蛋,3
751,干锅菜花,3
751,香菇青菜,1
751,回锅肉,2
751,西红柿鸡蛋汤,2
751,青椒土豆丝,3
751,手撕包菜,1
751,蒜蓉西兰花,1
751,干煸豆角,4
751,红烧肉,2
751,地三鲜,4
751,水煮鱼,3
751,酸菜鱼,3
751,葱爆羊肉,2
751,辣子鸡,4
751,红烧排骨,2
751,蚝油生菜,3
751,番茄炒蛋,1
751,糖醋里脊,4
751,烧茄子,5
751,鱼香肉丝,3
751,木耳炒肉,2
752,宫保鸡丁,1
752,烧茄子,3
752,番茄炒蛋,2
752,干煸豆角,1
752,红烧排骨,5
752,韭菜炒鸡蛋,5
752,红烧肉,4
752,青椒土豆丝,5
752,手撕包菜,3
752,辣子鸡,2
752,酸菜鱼,1
752,水煮鱼,2
752,麻婆豆腐,1
752,鱼香肉丝,1
752,紫菜蛋花汤,4
752,西红柿鸡蛋汤,4
752,蒜蓉西兰花,4
752,白切鸡,2
752,糖醋里脊,2
753,紫菜蛋花汤,2
753,鱼香肉丝,4
753,辣子鸡,1
753,干煸豆角,2
753,酸菜鱼,2
753,干锅菜花,4
753,蚝油生菜,2
753,红烧排骨,1
753,土豆烧牛肉,2
753,木耳炒肉,4
753,手撕包菜,3
753,酸辣土豆丝,3
753,番茄炒蛋,5
753,麻婆豆腐,2
753,烧茄子,1
753,冬瓜排骨汤,3
753,地三鲜,4
753,白切鸡,4
753,糖醋里脊,1
753,红烧肉,5
754,鱼香肉丝,3
754,紫菜蛋花汤,2
754,干锅菜花,2
754,水煮鱼,5
754,麻婆豆腐,1
755,糖醋里脊,5
755,葱爆羊肉,2
755,韭菜炒鸡蛋,1
755,番茄炒蛋,3
755,水煮鱼,5
755,烧茄子,1
756,红烧排骨,5
756,香菇青菜,1
756,酸辣土豆丝,5
756,鱼香肉丝,3
756,干煸豆角,5
756,地三鲜,4
756,紫菜蛋花汤,4
756,水煮鱼,2
756,葱爆羊肉,1
756,韭菜炒鸡蛋,4
756,烧茄子,5
756,蒜蓉西兰花,5
756,蚝油生菜,1
756,糖醋里脊,1
756,手撕包菜,3
756,番茄炒蛋,2
756,回锅肉,4
757,手撕包菜,1
757,蚝油生菜,5
757,韭菜炒鸡蛋,2
757,白切鸡,2
757,糖醋里脊,4
757,麻婆豆腐,2
757,土豆烧牛肉,1
757,京酱肉丝,1
757,木耳炒肉,2
757,红烧肉,5
757,蒜蓉西兰花,2
757,红烧排骨,5
757,香菇青菜,3
757,番茄炒蛋,5
757,回锅肉,2
757,干煸豆角,2
757,烧茄子,2
757,鱼香肉丝,2
758,回锅肉,3
758,麻婆豆腐,3
759,回锅肉,1
759,烧茄子,2
759,糖醋里脊,1
759,酸辣土豆丝,2
759,红烧肉,1
759,木耳炒肉,3
759,蒜蓉西兰花,2
759,水煮鱼,2
759,麻婆豆腐,2
759,葱爆羊肉,2
759,地三鲜,4
759,红烧排骨,4
759,冬瓜排骨汤,3
759,鱼香肉丝,2
759,蚝油生菜,1
759,白切鸡,2
760,韭菜炒鸡蛋,3
760,糖醋里脊,4
760,宫保鸡丁,2
760,手撕包菜,1
760,木耳炒肉,1
760,红烧肉,3
760,蒜蓉西兰花,5
760,麻婆豆腐,2
760,葱爆羊肉,4
760,酸菜鱼,4
760,冬瓜排骨汤,4
760,干煸豆角,3
761,西红柿鸡蛋汤,1
761,红烧排骨,4
761,水煮鱼,3
761,白切鸡,4
761,土豆烧牛肉,5
761,青椒土豆丝,1
761,红烧肉,2
761,麻婆豆腐,5
761,干煸豆角,5
761,鱼香肉丝,2
761,番茄炒蛋,1
761,韭菜炒鸡蛋,1
761,葱爆羊肉,3
762,木耳炒肉,4
762,酸辣土豆丝,2
762,土豆烧牛肉,2
762,紫菜蛋花汤,5
762,回锅肉,1
762,麻婆豆腐,2
762,白切鸡,1
762,京酱肉丝,4
763,鱼香肉丝,5
763,蒜蓉西兰花,5
763,宫保鸡丁,4
763,地三鲜,3
763,京酱肉丝,3
763,土豆烧牛肉,1
763,木耳炒肉,3
763,葱爆羊肉,5
763,蚝油生菜,3
763,干锅菜花,3
763,冬瓜排骨汤,3
763,干煸豆角,1
763,青椒土豆丝,4
763,红烧排骨,4
763,红烧肉,4
763,白切鸡,2
764,辣子鸡,1
764,白切鸡,3
764,手撕包菜,2
764,糖醋里脊,3
764,韭菜炒鸡蛋,2
764,青椒土豆丝,4
764,红烧排骨,2
764,葱爆羊肉,3
764,地三鲜,5
764,鱼香肉丝,3
764,紫菜蛋花汤,3
764,京酱肉丝,2
764,番茄炒蛋,1
764,干锅菜花,5
764,木耳炒肉,5
764,麻婆豆腐,1
764,蚝油生菜,5
764,蒜蓉西兰花,4
764,香菇青菜,5
764,酸辣土豆丝,5
764,干煸豆角,1
764,宫保鸡丁,5
765,红烧肉,5
765,烧茄子,3
765,青椒土豆丝,2
765,酸辣土豆丝,2
765,辣子鸡,3
765,韭菜炒鸡蛋,4
765,麻婆豆腐,2
765,干煸豆角,3
765,白切鸡,1
765,红烧排骨,3
765,京酱肉丝,5
765,回锅肉,2
765,冬瓜排骨汤,2
765,糖醋里脊,2
766,糖醋里脊,5
766,木耳炒肉,4
766,宫保鸡丁,4
766,蚝油生菜,1
766,韭菜炒鸡蛋,3
766,青椒土豆丝,3
766,麻婆豆腐,3
766,酸辣土豆丝,4
766,地三鲜,4
767,红烧排骨,1
767,干煸豆角,4
767,回锅肉,2
767,香菇青菜,3
767,酸菜鱼,2
767,干锅菜花,1
767,京酱肉丝,2
767,紫菜蛋花汤,3
767,冬瓜排骨汤,3
767,烧茄子,3
767,蚝油生菜,1
767,糖醋里脊,5
767,地三鲜,1
767,青椒土豆丝,5
767,葱爆羊肉,3
767,番茄炒蛋,5
767,辣子鸡,3
767,蒜蓉西兰花,5
767,红烧肉,1
767,韭菜炒鸡蛋,3
767,白切鸡,2
767,西红柿鸡蛋汤,4
767,木耳炒肉,5
768,酸菜鱼,4
768,蚝油生菜,3
768,地三鲜,4
768,红烧排骨,2
768,京酱肉丝,1
769,紫菜蛋花汤,3
769,青椒土豆丝,3
769,鱼香肉丝,2
769,干锅菜花,1
769,回锅肉,4
769,红烧肉,5
769,西红柿鸡蛋汤,4
769,地三鲜,2
769,红烧排骨,4
769,水煮鱼,2
769,蚝油生菜,1
769,番茄炒蛋,1
769,京酱肉丝,1
769,烧茄子,5
769,辣子鸡,1
769,冬瓜排骨汤,4
769,酸菜鱼,5
769,手撕包菜,3
769,葱爆羊肉,2
769,白切鸡,2
769,香菇青菜,1
769,蒜蓉西兰花,1
769,韭菜炒鸡蛋,3
769,糖醋里脊,5
769,宫保鸡丁,4
769,酸辣土豆丝,1
769,木耳炒肉,5
769,干煸豆角,3
770,番茄炒蛋,3
770,糖醋里脊,3
770,地三鲜,4
770,木耳炒肉,1
770,干煸豆角,1
770,回锅肉,4
770,酸辣土豆丝,2
770,紫菜蛋花汤,2
770,葱爆羊肉,1
770,蒜蓉西兰花,5
770,干锅菜花,4
771,酸菜鱼,2
771,西红柿鸡蛋汤,4
771,酸辣土豆丝,5
771,木耳炒肉,1
771,红烧肉,1
771,青椒土豆丝,3
771,干锅菜花,3
771,冬瓜排骨汤,5
771,韭菜炒鸡蛋,1
771,蚝油生菜,1
771,红烧排骨,1
771,葱爆羊肉,2
771,京酱肉丝,4
771,紫菜蛋花汤,2
771,白切鸡,2
771,水煮鱼,1
771,干煸豆角,3
771,手撕包菜,2
771,鱼香肉丝,3
771,宫保鸡丁,4
771,烧茄子,2
771,地三鲜,1
771,回锅肉,4
771,糖醋里脊,1
771,番茄炒蛋,5
771,麻婆豆腐,3
772,红烧排骨,1
772,韭菜炒鸡蛋,4
772,蚝油生菜,2
772,水煮鱼,1
772,手撕包菜,2
772,糖醋里脊,1
772,京酱肉丝,2
772,蒜蓉西兰花,4
773,地三鲜,2
773,紫菜蛋花汤,2
773,韭菜炒鸡蛋,2
773,红烧肉,2
773,蒜蓉西兰花,2
773,手撕包菜,4
773,京酱肉丝,2
773,番茄炒蛋,5
773,鱼香肉丝,2
773,白切鸡,5
773,冬瓜排骨汤,5
773,红烧排骨,5
773,香菇青菜,2
773,青椒土豆丝,1
773,西红柿鸡蛋汤,3
773,麻婆豆腐,3
773,土豆烧牛肉,4
773,烧茄子,2
773,辣子鸡,3
773,酸辣土豆丝,2
774,青椒土豆丝,1
774,葱爆羊肉,4
774,麻婆豆腐,4
774,蒜蓉西兰花,1
774,地三鲜,1
775,干锅菜花,4
775,宫保鸡丁,1
775,蒜蓉西兰花,3
775,番茄炒蛋,5
775,京酱肉丝,2
775,白切鸡,5
775,香菇青菜,5
775,水煮鱼,2
775,冬瓜排骨汤,1
775,木耳炒肉,4
775,糖醋里脊,4
775,蚝油生菜,3
775,西红柿鸡蛋汤,5
775,韭菜炒鸡蛋,3
775,鱼香肉丝,4
775,青椒土豆丝,4
775,土豆烧牛肉,2
775,麻婆豆腐,3
776,手撕包菜,2
776,回锅肉,3
776,红烧肉,5
776,冬瓜排骨汤,5
776,糖醋里脊,2
776,蚝油生菜,2
776,韭菜炒鸡蛋,2
776,木耳炒肉,3
776,酸辣土豆丝,4
776,番茄炒蛋,1
776,蒜蓉西兰花,4
776,鱼香肉丝,2
776,水煮鱼,5
776,辣子鸡,3
776,西红柿鸡蛋汤,2
777,烧茄子,1
777,宫保鸡丁,3
777,京酱肉丝,4
777,青椒土豆丝,4
777,紫菜蛋花汤,3
777,酸辣土豆丝,1
777,香菇青菜,2
777,木耳炒肉,1
777,麻婆豆腐,4
777,蚝油生菜,3
777,水煮鱼,2
777,土豆烧牛肉,5
778,手撕包菜,4
778,水煮鱼,2
778,烧茄子,4
778,土豆烧牛肉,1
778,酸菜鱼,5
778,红烧肉,3
778,鱼香肉丝,4
778,干煸豆角,2
778,麻婆豆腐,5
778,青椒土豆丝,4
779,地三鲜,5
779,京酱肉丝,3
779,麻婆豆腐,3
779,酸菜鱼,4
779,酸辣土豆丝,3
779,回锅肉,1
779,香菇青菜,5
779,宫保鸡丁,1
779,紫菜蛋花汤,5
779,木耳炒肉,4
779,手撕包菜,5
779,红烧排骨,2
779,冬瓜排骨汤,5
779,番茄炒蛋,3
779,土豆烧牛肉,4
779,蒜蓉西兰花,5
779,韭菜炒鸡蛋,4
779,糖醋里脊,3
779,干煸豆角,2
779,红烧肉,1
779,葱爆羊肉,4
779,辣子鸡,1
780,红烧肉,4
780,鱼香肉丝,1
780,回锅肉,5
780,番茄炒蛋,5
780,葱爆羊肉,4
780,木耳炒肉,2
780,干煸豆角,1
780,西红柿鸡蛋汤,2
780,麻婆豆腐,4
780,白切鸡,4
780,香菇青菜,4
780,水煮鱼,2
780,紫菜蛋花汤,1
780,酸辣土豆丝,5
780,土豆烧牛肉,2
780,烧茄子,2
780,宫保鸡丁,4
780,红烧排骨,4
780,辣子鸡,1
780,京酱肉丝,4
780,糖醋里脊,3
780,地三鲜,5
780,青椒土豆丝,5
780,干锅菜花,5
780,冬瓜排骨汤,5
780,酸菜鱼,4
781,土豆烧牛肉,3
781,葱爆羊肉,2
781,地三鲜,2
781,青椒土豆丝,1
781,烧茄子,2
781,糖醋里脊,1
781,蚝油生菜,2
781,干煸豆角,1
781,红烧排骨,5
781,辣子鸡,1
781,手撕包菜,3
781,水煮鱼,1
781,麻婆豆腐,3
781,京酱肉丝,4
781,酸菜鱼,4
781,红烧肉,3
781,韭菜炒鸡蛋,3
781,鱼香肉丝,5
781,回锅肉,4
781,香菇青菜,3
781,酸辣土豆丝,4
782,韭菜炒鸡蛋,1
783,红烧肉,4
784,干锅菜花,4
784,京酱肉丝,3
784,辣子鸡,4
784,冬瓜排骨汤,1
784,土豆烧牛肉,3
784,干煸豆角,3
784,葱爆羊肉,1
784,香菇青菜,1
784,西红柿鸡蛋汤,4
784,木耳炒肉,2
784,红烧排骨,3
784,紫菜蛋花汤,3
784,白切鸡,2
784,烧茄子,4
784,麻婆豆腐,2
784,糖醋里脊,1
784,酸辣土豆丝,5
784,水煮鱼,4
785,红烧排骨,5
785,葱爆羊肉,3
785,白切鸡,2
785,番茄炒蛋,5
785,干锅菜花,4
785,蚝油生菜,2
785,麻婆豆腐,3
785,水煮鱼,2
785,烧茄子,1
786,地三鲜,5
786,红烧排骨,4
786,干锅菜花,3
786,酸辣土豆丝,3
786,鱼香肉丝,4
786,番茄炒蛋,4
786,紫菜蛋花汤,2
786,木耳炒肉,3
786,水煮鱼,3
786,手撕包菜,3
786,蒜蓉西兰花,3
786,烧茄子,2
786,冬瓜排骨汤,3
786,葱爆羊肉,3
786,糖醋里脊,1
786,香菇青菜,3
786,红烧肉,5
786,干煸豆角,1
786,宫保鸡丁,4
786,西红柿鸡蛋汤,5
786,辣子鸡,5
786,白切鸡,5
786,酸菜鱼,2
787,白切鸡,3
787,青椒土豆丝,5
787,木耳炒肉,4
787,韭菜炒鸡蛋,2
787,回锅肉,5
787,蚝油生菜,4
787,红烧排骨,2
787,干锅菜花,5
787,辣子鸡,5
787,西红柿鸡蛋汤,5
787,酸辣土豆丝,5
787,手撕包菜,3
787,葱爆羊肉,1
787,紫菜蛋花汤,2
787,鱼香肉丝,2
787,蒜蓉西兰花,1
787,京酱肉丝,1
787,酸菜鱼,5
787,土豆烧牛肉,4
787,冬瓜排骨汤,2
787,麻婆豆腐,1
787,干煸豆角,2
787,水煮鱼,1
787,香菇青菜,4
787,红烧肉,1
788,酸菜鱼,1
788,辣子鸡,1
788,冬瓜排骨汤,3
788,蒜蓉西兰花,3
788,地三鲜,5
788,糖醋里脊,4
788,西红柿鸡蛋汤,3
788,烧茄子,4
788,葱爆羊肉,1
788,蚝油生菜,2
788,紫菜蛋花汤,5
788,香菇青菜,2
788,红烧肉,5
788,土豆烧牛肉,1
788,宫保鸡丁,1
788,水煮鱼,2
789,酸辣土豆丝,3
789,冬瓜排骨汤,5
789,地三鲜,3
789,水煮鱼,2
789,红烧肉,3
789,手撕包菜,3
789,木耳炒肉,4
789,糖醋里脊,4
789,干锅菜花,2
789,酸菜鱼,1
789,京酱肉丝,1
789,西红柿鸡蛋汤,2
789,蒜蓉西兰花,5
789,白切鸡,5
789,韭菜炒鸡蛋,3
789,番茄炒蛋,1
789,辣子鸡,2
789,干煸豆角,3
789,烧茄子,2
789,红烧排骨,2
789,青椒土豆丝,4
789,鱼香肉丝,2
789,香菇青菜,2
789,葱爆羊肉,1
789,回锅肉,2
789,蚝油生菜,2
789,宫保鸡丁,3
789,土豆烧牛肉,4
789,紫菜蛋花汤,3
790,回锅肉,3
790,葱爆羊肉,2
790,糖醋里脊,4
790,烧茄子,5
790,水煮鱼,4
790,鱼香肉丝,5
791,韭菜炒鸡蛋,4
791,干煸豆角,3
791,蚝油生菜,2
791,西红柿鸡蛋汤,1
791,京酱肉丝,3
791,土豆烧牛肉,2
791,鱼香肉丝,3
791,宫保鸡丁,1
791,手撕包菜,2
791,烧茄子,2
791,酸菜鱼,5
791,红烧肉,3
791,回锅肉,1
791,冬瓜排骨汤,2
791,紫菜蛋花汤,2
791,麻婆豆腐,5
791,蒜蓉西兰花,5
791,白切鸡,3
791,香菇青菜,4
791,葱爆羊肉,4
791,青椒土豆丝,3
791,辣子鸡,2
791,红烧排骨,4
791,酸辣土豆丝,3
792,冬瓜排骨汤,2
792,手撕包菜,2
792,西红柿鸡蛋汤,3
792,番茄炒蛋,4
792,糖醋里脊,4
792,蚝油生菜,4
792,红烧肉,1
792,蒜蓉西兰花,1
792,酸辣土豆丝,4
792,白切鸡,4
792,青椒土豆丝,3
792,鱼香肉丝,1
792,干煸豆角,4
792,红烧排骨,4
792,土豆烧牛肉,2
792,木耳炒肉,4
792,紫菜蛋花汤,5
792,辣子鸡,5
792,宫保鸡丁,3
792,水煮鱼,3
792,酸菜鱼,2
792,韭菜炒鸡蛋,1
792,京酱肉丝,2
792,回锅肉,3
793,地三鲜,5
793,糖醋里脊,3
793,宫保鸡丁,4
793,麻婆豆腐,1
793,番茄炒蛋,5
793,青椒土豆丝,1
793,酸辣土豆丝,1
793,红烧排骨,4
793,土豆烧牛肉,2
793,回锅肉,2
793,香菇青菜,2
793,蚝油生菜,3
793,手撕包菜,1
793,鱼香肉丝,3
793,西红柿鸡蛋汤,1
793,红烧肉,4
793,紫菜蛋花汤,4
793,京酱肉丝,3
793,木耳炒肉,5
793,蒜蓉西兰花,4
793,葱爆羊肉,1
794,紫菜蛋花汤,2
794,香菇青菜,2
794,烧茄子,3
794,冬瓜排骨汤,5
794,韭菜炒鸡蛋,1
794,西红柿鸡蛋汤,5
794,酸菜鱼,3
794,回锅肉,4
794,葱爆羊肉,4
794,水煮鱼,5
794,白切鸡,3
794,番茄炒蛋,3
794,蚝油生菜,5
794,宫保鸡丁,2
794,京酱肉丝,2
794,红烧排骨,4
794,酸辣土豆丝,2
794,土豆烧牛肉,2
794,木耳炒肉,4
794,手撕包菜,5
794,青椒土豆丝,1
794,麻婆豆腐,2
794,辣子鸡,1
794,干锅菜花,2
794,蒜蓉西兰花,1
794,干煸豆角,1
794,鱼香肉丝,1
795,蒜蓉西兰花,3
795,干锅菜花,5
795,宫保鸡丁,4
795,青椒土豆丝,5
796,干煸豆角,1
796,紫菜蛋花汤,4
797,宫保鸡丁,3
797,冬瓜排骨汤,2
797,木耳炒肉,2
797,香菇青菜,5
797,辣子鸡,4
797,韭菜炒鸡蛋,2
797,紫菜蛋花汤,2
797,烧茄子,1
797,青椒土豆丝,3
797,白切鸡,3
797,红烧肉,2
797,地三鲜,2
797,水煮鱼,1
797,回锅肉,4
797,红烧排骨,2
797,麻婆豆腐,4
797,蚝油生菜,3
797,番茄炒蛋,3
797,西红柿鸡蛋汤,5
797,酸辣土豆丝,4
797,干煸豆角,2
797,酸菜鱼,2
797,干锅菜花,1
797,蒜蓉西兰花,5
797,糖醋里脊,2
797,土豆烧牛肉,2
797,手撕包菜,3
797,葱爆羊肉,3
798,干锅菜花,5
798,西红柿鸡蛋汤,3
798,木耳炒肉,1
798,鱼香肉丝,3
798,辣子鸡,4
798,蒜蓉西兰花,1
798,手撕包菜,2
798,香菇青菜,1
798,酸辣土豆丝,3
798,白切鸡,5
799,京酱肉丝,2
799,手撕包菜,3
799,蒜蓉西兰花,2
799,干煸豆角,4
799,地三鲜,4
799,麻婆豆腐,4
799,白切鸡,3
799,酸菜鱼,2
799,糖醋里脊,2
799,干锅菜花,3
799,香菇青菜,5
799,回锅肉,2
799,番茄炒蛋,1
799,紫菜蛋花汤,4
799,葱爆羊肉,1
799,韭菜炒鸡蛋,4
799,烧茄子,3
799,水煮鱼,5
799,西红柿鸡蛋汤,1
799,辣子鸡,2
799,土豆烧牛肉,5
799,木耳炒肉,2
800,烧茄子,3
801,酸辣土豆丝,2
801,番茄炒蛋,4
801,红烧肉,2
801,红烧排骨,5
801,辣子鸡,3
801,水煮鱼,2
801,麻婆豆腐,1
801,酸菜鱼,4
801,葱爆羊肉,4
801,糖醋里脊,1
801,宫保鸡丁,3
801,冬瓜排骨汤,3
801,韭菜炒鸡蛋,5
801,土豆烧牛肉,5
801,京酱肉丝,1
801,手撕包菜,5
801,烧茄子,3
801,干锅菜花,1
801,青椒土豆丝,2
802,酸辣土豆丝,1
802,水煮鱼,3
802,青椒土豆丝,5
802,烧茄子,5
802,土豆烧牛肉,2
802,手撕包菜,2
802,宫保鸡丁,1
803,烧茄子,3
803,麻婆豆腐,5
803,番茄炒蛋,5
803,红烧肉,1
803,水煮鱼,4
803,冬瓜排骨汤,3
803,西红柿鸡蛋汤,3
803,地三鲜,2
803,辣子鸡,1
803,蒜蓉西兰花,1
803,蚝油生菜,4
803,韭菜炒鸡蛋,2
803,土豆烧牛肉,5
803,木耳炒肉,5
803,葱爆羊肉,4
803,回锅肉,4
803,糖醋里脊,5
803,干锅菜花,4
803,青椒土豆丝,2
803,香菇青菜,3
803,紫菜蛋花汤,5
803,鱼香肉丝,3
803,宫保鸡丁,4
803,酸菜鱼,4
803,干煸豆角,3
803,京酱肉丝,4
803,酸辣土豆丝,3
804,酸辣土豆丝,3
804,水煮鱼,5
804,白切鸡,2
804,葱爆羊肉,1
804,紫菜蛋花汤,3
804,红烧肉,4
804,糖醋里脊,5
804,辣子鸡,5
804,干煸豆角,1
804,番茄炒蛋,1
804,西红柿鸡蛋汤,4
804,手撕包菜,5
804,木耳炒肉,4
804,红烧排骨,2
804,烧茄子,4
804,宫保鸡丁,5
804,冬瓜排骨汤,5
804,麻婆豆腐,5
804,鱼香肉丝,5
804,蒜蓉西兰花,3
804,干锅菜花,5
804,地三鲜,5
804,酸菜鱼,1
804,韭菜炒鸡蛋,2
804,青椒土豆丝,5
805,糖醋里脊,2
805,水煮鱼,1
805,酸辣土豆丝,1
805,土豆烧牛肉,3
805,鱼香肉丝,1
805,宫保鸡丁,3
805,青椒土豆丝,2
805,葱爆羊肉,3
805,韭菜炒鸡蛋,2
805,干煸豆角,5
805,蚝油生菜,2
805,番茄炒蛋,5
805,白切鸡,1
805,手撕包菜,3
805,木耳炒肉,5
805,红烧排骨,2
805,西红柿鸡蛋汤,4
805,地三鲜,5
805,麻婆豆腐,2
805,回锅肉,5
805,干锅菜花,5
805,烧茄子,1
805,紫菜蛋花汤,1
806,京酱肉丝,2
806,土豆烧牛肉,4
806,韭菜炒鸡蛋,4
806,葱爆羊肉,1
806,番茄炒蛋,5
806,干锅菜花,3
806,木耳炒肉,1
806,青椒土豆丝,5
806,冬瓜排骨汤,4
806,蚝油生菜,2
806,西红柿鸡蛋汤,4
806,糖醋里脊,4
806,蒜蓉西兰花,1
806,紫菜蛋花汤,2
806,红烧排骨,4
807,辣子鸡,5
807,手撕包菜,1
807,水煮鱼,5
807,鱼香肉丝,4
807,麻婆豆腐,3
807,糖醋里脊,1
807,红烧肉,4
807,干煸豆角,4
807,蒜蓉西兰花,4
807,番茄炒蛋,4
807,西红柿鸡蛋汤,1
807,青椒土豆丝,1
807,酸辣土豆丝,4
807,冬瓜排骨汤,3
807,红烧排骨,5
807,烧茄子,2
807,蚝油生菜,1
807,香菇青菜,5
808,水煮鱼,1
808,冬瓜排骨汤,3
808,烧茄子,5
808,木耳炒肉,4
808,回锅肉,5
808,青椒土豆丝,5
808,麻婆豆腐,2
808,白切鸡,5
808,红烧肉,3
808,干锅菜花,3
808,韭菜炒鸡蛋,4
808,西红柿鸡蛋汤,2
808,葱爆羊肉,1
808,紫菜蛋花汤,2
808,红烧排骨,4
808,香菇青菜,4
808,蚝油生菜,3
809,木耳炒肉,5
809,京酱肉丝,3
809,土豆烧牛肉,4
809,西红柿鸡蛋汤,1
809,手撕包菜,4
809,番茄炒蛋,3
809,白切鸡,2
809,地三鲜,5
809,红烧排骨,5
809,水煮鱼,1
809,红烧肉,4
809,酸菜鱼,3
809,干锅菜花,4
809,糖醋里脊,2
809,辣子鸡,5
809,香菇青菜,4
809,回锅肉,4
809,冬瓜排骨汤,5
809,紫菜蛋花汤,3
809,麻婆豆腐,1
809,蚝油生菜,4
809,韭菜炒鸡蛋,5
809,烧茄子,5
810,香菇青菜,5
810,鱼香肉丝,5
810,土豆烧牛肉,3
810,西红柿鸡蛋汤,4
810,冬瓜排骨汤,3
810,白切鸡,1
810,干锅菜花,5
810,辣子鸡,2
810,干煸豆角,5
810,紫菜蛋花汤,5
810,回锅肉,3
810,蚝油生菜,1
810,地三鲜,4
811,青椒土豆丝,5
811,辣子鸡,5
811,木耳炒肉,1
811,干锅菜花,3
811,蒜蓉西兰花,3
811,烧茄子,3
811,酸菜鱼,1
811,糖醋里脊,5
811,京酱肉丝,2
811,红烧排骨,5
811,土豆烧牛肉,4
811,白切鸡,1
811,水煮鱼,3
811,干煸豆角,2
811,西红柿鸡蛋汤,1
812,西红柿鸡蛋汤,1
812,宫保鸡丁,3
812,番茄炒蛋,4
812,京酱肉丝,3
812,红烧肉,5
812,干锅菜花,5
812,紫菜蛋花汤,2
812,木耳炒肉,5
812,韭菜炒鸡蛋,5
812,辣子鸡,4
812,土豆烧牛肉,3
812,酸辣土豆丝,1
812,鱼香肉丝,5
812,冬瓜排骨汤,3
812,回锅肉,4
812,香菇青菜,2
812,葱爆羊肉,1
812,蚝油生菜,2
812,蒜蓉西兰花,4
812,手撕包菜,3
812,红烧排骨,1
812,水煮鱼,1
812,白切鸡,1
812,干煸豆角,2
812,糖醋里脊,1
812,地三鲜,3
812,烧茄子,4
813,干煸豆角,5
813,京酱肉丝,4
813,水煮鱼,1
813,红烧排骨,1
813,手撕包菜,5
813,白切鸡,4
813,地三鲜,2
813,烧茄子,4
813,糖醋里脊,1
813,鱼香肉丝,1
813,酸辣土豆丝,1
813,西红柿鸡蛋汤,2
813,辣子鸡,4
813,冬瓜排骨汤,3
813,回锅肉,1
813,木耳炒肉,1
813,土豆烧牛肉,2
813,蒜蓉西兰花,3
813,青椒土豆丝,3
813,香菇青菜,3
813,红烧肉,3
813,紫菜蛋花汤,2
813,蚝油生菜,5
813,葱爆羊肉,5
813,韭菜炒鸡蛋,1
814,香菇青菜,2
814,回锅肉,1
814,干煸豆角,3
814,酸菜鱼,3
814,葱爆羊肉,5
814,土豆烧牛肉,5
814,京酱肉丝,4
814,地三鲜,4
814,番茄炒蛋,2
814,辣子鸡,3
814,宫保鸡丁,4
814,酸辣土豆丝,2
814,红烧肉,2
815,番茄炒蛋,2
815,水煮鱼,5
815,白切鸡,2
815,鱼香肉丝,3
815,酸菜鱼,1
815,青椒土豆丝,4
815,糖醋里脊,1
815,烧茄子,2
815,韭菜炒鸡蛋,3
815,辣子鸡,3
815,干锅菜花,3
815,木耳炒肉,2
815,回锅肉,1
815,香菇青菜,2
815,干煸豆角,5
815,手撕包菜,1
815,酸辣土豆丝,1
815,红烧肉,2
815,土豆烧牛肉,4
815,京酱肉丝,2
815,紫菜蛋花汤,2
815,蒜蓉西兰花,1
815,西红柿鸡蛋汤,1
815,蚝油生菜,4
815,冬瓜排骨汤,2
815,麻婆豆腐,2
815,宫保鸡丁,4
815,红烧排骨,4
816,葱爆羊肉,2
816,手撕包菜,5
816,回锅肉,3
816,土豆烧牛肉,5
816,烧茄子,3
816,木耳炒肉,3
817,酸菜鱼,1
817,番茄炒蛋,4
817,西红柿鸡蛋汤,1
817,红烧排骨,1
817,干煸豆角,3
817,辣子鸡,1
817,冬瓜排骨汤,5
817,蚝油生菜,1
817,地三鲜,3
817,红烧肉,3
817,紫菜蛋花汤,5
817,水煮鱼,1
817,京酱肉丝,3
817,木耳炒肉,4
817,白切鸡,4
817,青椒土豆丝,3
817,酸辣土豆丝,3
817,手撕包菜,4
818,手撕包菜,4
818,地三鲜,5
818,烧茄子,3
818,糖醋里脊,1
818,西红柿鸡蛋汤,4
818,紫菜蛋花汤,1
818,红烧肉,3
818,辣子鸡,5
819,韭菜炒鸡蛋,3
819,蚝油生菜,2
819,红烧排骨,4
819,干锅菜花,5
819,糖醋里脊,5
819,回锅肉,1
819,辣子鸡,2
819,白切鸡,2
819,西红柿鸡蛋汤,1
819,宫保鸡丁,5
820,葱爆羊肉,2
820,麻婆豆腐,5
820,冬瓜排骨汤,5
820,蚝油生菜,2
820,西红柿鸡蛋汤,4
820,韭菜炒鸡蛋,1
820,糖醋里脊,5
821,蒜蓉西兰花,3
821,土豆烧牛肉,1
821,番茄炒蛋,3
821,蚝油生菜,2
821,西红柿鸡蛋汤,1
821,麻婆豆腐,4
821,地三鲜,3
821,冬瓜排骨汤,4
821,香菇青菜,3
821,木耳炒肉,2
821,干煸豆角,3
821,糖醋里脊,2
821,鱼香肉丝,4
821,辣子鸡,5
821,葱爆羊肉,1
821,手撕包菜,1
822,红烧排骨,2
822,冬瓜排骨汤,5
822,水煮鱼,4
822,地三鲜,5
822,葱爆羊肉,1
822,干煸豆角,3
822,香菇青菜,2
822,糖醋里脊,2
822,辣子鸡,4
822,回锅肉,2
822,京酱肉丝,5
822,酸辣土豆丝,5
822,麻婆豆腐,5
822,紫菜蛋花汤,3
822,干锅菜花,4
822,木耳炒肉,4
822,韭菜炒鸡蛋,3
823,酸菜鱼,3
823,宫保鸡丁,2
823,白切鸡,3
823,红烧排骨,4
823,木耳炒肉,3
823,蚝油生菜,5
823,鱼香肉丝,5
823,韭菜炒鸡蛋,3
823,西红柿鸡蛋汤,5
823,水煮鱼,5
823,干煸豆角,4
823,土豆烧牛肉,5
823,手撕包菜,3
823,紫菜蛋花汤,4
823,香菇青菜,2
823,烧茄子,5
823,辣子鸡,3
823,酸辣土豆丝,4
823,回锅肉,3
823,干锅菜花,5
823,番茄炒蛋,3
823,麻婆豆腐,5
823,冬瓜排骨汤,2
823,葱爆羊肉,5
823,京酱肉丝,1
823,红烧肉,5
823,蒜蓉西兰花,1
823,地三鲜,2
823,青椒土豆丝,2
824,干锅菜花,4
824,酸辣土豆丝,5
824,红烧排骨,5
825,西红柿鸡蛋汤,3
825,干煸豆角,1
825,冬瓜排骨汤,3
825,烧茄子,2
825,麻婆豆腐,4
825,红烧肉,4
825,辣子鸡,2
825,蒜蓉西兰花,5
825,土豆烧牛肉,4
825,糖醋里脊,5
825,白切鸡,1
825,干锅菜花,1
825,蚝油生菜,2
825,红烧排骨,2
825,鱼香肉丝,1
825,韭菜炒鸡蛋,2
825,番茄炒蛋,5
825,京酱肉丝,5
825,酸辣土豆丝,3
825,回锅肉,4
825,手撕包菜,5
825,地三鲜,1
826,麻婆豆腐,2
826,红烧排骨,2
826,青椒土豆丝,3
826,白切鸡,1
826,香菇青菜,3
826,土豆烧牛肉,5
826,紫菜蛋花汤,5
826,回锅肉,1
826,酸菜鱼,4
826,西红柿鸡蛋汤,1
826,鱼香肉丝,3
826,木耳炒肉,2
826,番茄炒蛋,2
826,水煮鱼,4
826,干锅菜花,1
826,冬瓜排骨汤,1
826,辣子鸡,1
826,烧茄子,5
826,手撕包菜,2
826,地三鲜,5
826,酸辣土豆丝,1
826,韭菜炒鸡蛋,1
826,糖醋里脊,2
826,蒜蓉西兰花,5
826,红烧肉,2
827,红烧排骨,4
827,香菇青菜,2
827,辣子鸡,4
827,红烧肉,1
827,烧茄子,3
827,酸菜鱼,5
827,地三鲜,4
827,水煮鱼,2
827,青椒土豆丝,4
827,葱爆羊肉,4
827,宫保鸡丁,2
827,紫菜蛋花汤,4
827,白切鸡,1
827,蒜蓉西兰花,2
827,手撕包菜,3
827,蚝油生菜,5
827,回锅肉,5
827,京酱肉丝,4
827,土豆烧牛肉,5
827,干锅菜花,2
827,酸辣土豆丝,2
827,鱼香肉丝,3
827,木耳炒肉,2
827,麻婆豆腐,5
827,西红柿鸡蛋汤,1
827,冬瓜排骨汤,1
827,糖醋里脊,3
827,番茄炒蛋,5
828,冬瓜排骨汤,3
828,手撕包菜,4
828,木耳炒肉,4
828,葱爆羊肉,2
828,麻婆豆腐,5
828,地三鲜,4
828,烧茄子,5
828,辣子鸡,2
828,干锅菜花,3
828,青椒土豆丝,3
828,蚝油生菜,1
829,京酱肉丝,5
829,辣子鸡,1
829,青椒土豆丝,2
829,干煸豆角,5
830,香菇青菜,4
830,紫菜蛋花汤,4
830,番茄炒蛋,4
830,干锅菜花,1
830,鱼香肉丝,3
830,冬瓜排骨汤,2
830,土豆烧牛肉,3
830,白切鸡,2
831,麻婆豆腐,3
831,京酱肉丝,4
831,蚝油生菜,3
831,回锅肉,1
831,木耳炒肉,3
831,紫菜蛋花汤,1
831,韭菜炒鸡蛋,1
831,干煸豆角,2
831,葱爆羊肉,5
831,手撕包菜,5
831,宫保鸡丁,1
831,水煮鱼,2
831,干锅菜花,4
831,酸菜鱼,2
831,糖醋里脊,1
831,番茄炒蛋,3
831,冬瓜排骨汤,2
832,葱爆羊肉,2
832,糖醋里脊,1
832,紫菜蛋花汤,5
832,红烧肉,4
832,蒜蓉西兰花,5
832,水煮鱼,1
832,回锅肉,4
832,烧茄子,4
832,酸辣土豆丝,4
832,干煸豆角,3
832,干锅菜花,5
832,手撕包菜,1
832,蚝油生菜,5
832,青椒土豆丝,2
832,酸菜鱼,2
832,京酱肉丝,5
833,手撕包菜,4
833,冬瓜排骨汤,3
833,回锅肉,2
833,白切鸡,1
833,蒜蓉西兰花,4
833,干锅菜花,5
833,西红柿鸡蛋汤,5
833,酸菜鱼,1
833,地三鲜,1
833,水煮鱼,4
833,青椒土豆丝,3
833,韭菜炒鸡蛋,1
833,土豆烧牛肉,2
833,紫菜蛋花汤,3
833,红烧肉,2
833,葱爆羊肉,5
833,木耳炒肉,5
833,宫保鸡丁,5
834,麻婆豆腐,5
834,蒜蓉西兰花,4
834,香菇青菜,1
834,糖醋里脊,2
834,土豆烧牛肉,5
834,冬瓜排骨汤,2
834,干锅菜花,4
834,烧茄子,2
834,地三鲜,3
834,西红柿鸡蛋汤,3
834,青椒土豆丝,2
834,白切鸡,1
834,木耳炒肉,3
834,京酱肉丝,1
834,辣子鸡,2
834,韭菜炒鸡蛋,2
834,红烧排骨,1
834,葱爆羊肉,5
834,鱼香肉丝,1
834,红烧肉,3
834,宫保鸡丁,4
834,水煮鱼,4
834,干煸豆角,2
834,酸菜鱼,1
834,酸辣土豆丝,3
834,蚝油生菜,3
834,番茄炒蛋,1
834,手撕包菜,1
834,回锅肉,1
835,韭菜炒鸡蛋,3
835,香菇青菜,5
835,紫菜蛋花汤,4
835,红烧排骨,1
835,冬瓜排骨汤,5
835,回锅肉,5
835,水煮鱼,4
835,木耳炒肉,2
835,糖醋里脊,4
835,番茄炒蛋,3
835,手撕包菜,5
835,地三鲜,4
835,青椒土豆丝,2
835,麻婆豆腐,2
835,宫保鸡丁,2
835,辣子鸡,3
835,土豆烧牛肉,1
835,蚝油生菜,4
835,干锅菜花,3
835,红烧肉,2
835,西红柿鸡蛋汤,2
835,蒜蓉西兰花,3
835,白切鸡,1
836,木耳炒肉,1
836,西红柿鸡蛋汤,5
836,韭菜炒鸡蛋,5
836,烧茄子,1
836,干煸豆角,1
836,糖醋里脊,2
836,番茄炒蛋,3
836,葱爆羊肉,4
836,水煮鱼,5
837,水煮鱼,1
837,韭菜炒鸡蛋,1
837,京酱肉丝,5
837,糖醋里脊,3
837,宫保鸡丁,2
837,香菇青菜,4
837,鱼香肉丝,4
837,红烧肉,2
837,土豆烧牛肉,1
837,冬瓜排骨汤,5
837,干锅菜花,3
837,番茄炒蛋,2
837,蚝油生菜,4
837,西红柿鸡蛋汤,5
838,鱼香肉丝,5
838,紫菜蛋花汤,4
838,酸菜鱼,1
838,干锅菜花,2
838,香菇青菜,1
838,白切鸡,4
838,冬瓜排骨汤,2
838,西红柿鸡蛋汤,2
838,宫保鸡丁,1
838,水煮鱼,1
838,蚝油生菜,2
838,青椒土豆丝,5
838,红烧肉,4
838,酸辣土豆丝,5
838,韭菜炒鸡蛋,1
838,手撕包菜,5
838,京酱肉丝,4
838,红烧排骨,1
838,烧茄子,4
839,红烧肉,1
839,番茄炒蛋,4
839,水煮鱼,3
839,鱼香肉丝,3
839,蚝油生菜,2
839,回锅肉,4
839,酸菜鱼,1
839,韭菜炒鸡蛋,2
839,手撕包菜,2
839,葱爆羊肉,3
839,冬瓜排骨汤,3
839,香菇青菜,2
839,白切鸡,2
839,西红柿鸡蛋汤,3
839,麻婆豆腐,2
839,青椒土豆丝,1
840,京酱肉丝,1
840,鱼香肉丝,2
840,红烧肉,2
840,酸菜鱼,4
840,番茄炒蛋,3
840,糖醋里脊,3
840,红烧排骨,1
840,回锅肉,2
840,麻婆豆腐,2
840,冬瓜排骨汤,4
840,西红柿鸡蛋汤,4
840,酸辣土豆丝,1
840,韭菜炒鸡蛋,4
840,辣子鸡,5
840,干锅菜花,3
840,紫菜蛋花汤,5
840,葱爆羊肉,1
840,青椒土豆丝,2
840,干煸豆角,3
840,手撕包菜,3
840,蒜蓉西兰花,3
841,土豆烧牛肉,3
841,地三鲜,5
841,水煮鱼,5
841,京酱肉丝,4
841,宫保鸡丁,3
841,红烧肉,4
841,冬瓜排骨汤,5
841,酸辣土豆丝,4
841,红烧排骨,5
841,韭菜炒鸡蛋,4
841,酸菜鱼,2
841,紫菜蛋花汤,2
841,麻婆豆腐,4
841,番茄炒蛋,4
841,葱爆羊肉,1
841,回锅肉,1
841,糖醋里脊,5
841,木耳炒肉,5
841,西红柿鸡蛋汤,3
842,干锅菜花,5
842,回锅肉,1
842,鱼香肉丝,5
842,蒜蓉西兰花,1
842,酸辣土豆丝,4
842,青椒土豆丝,3
842,紫菜蛋花汤,5
842,干煸豆角,5
842,土豆烧牛肉,2
842,麻婆豆腐,1
843,辣子鸡,2
843,宫保鸡丁,3
843,西红柿鸡蛋汤,5
843,京酱肉丝,3
843,红烧排骨,5
843,酸辣土豆丝,4
843,手撕包菜,3
843,蒜蓉西兰花,4
843,糖醋里脊,1
843,木耳炒肉,5
843,白切鸡,2
843,红烧肉,1
843,干煸豆角,2
843,酸菜鱼,5
844,葱爆羊肉,1
844,酸菜鱼,2
844,回锅肉,2
844,紫菜蛋花汤,1
844,番茄炒蛋,1
844,红烧肉,1
844,韭菜炒鸡蛋,1
844,鱼香肉丝,5
844,蚝油生菜,5
844,麻婆豆腐,4
844,干煸豆角,2
844,糖醋里脊,3
844,香菇青菜,4
844,手撕包菜,4
844,酸辣土豆丝,2
844,白切鸡,5
844,干锅菜花,1
845,鱼香肉丝,2
845,紫菜蛋花汤,2
845,蒜蓉西兰花,2
845,冬瓜排骨汤,4
845,红烧排骨,2
845,手撕包菜,4
845,蚝油生菜,5
845,麻婆豆腐,5
845,水煮鱼,5
845,回锅肉,4
845,干煸豆角,5
845,京酱肉丝,1
845,西红柿鸡蛋汤,4
845,土豆烧牛肉,1
845,韭菜炒鸡蛋,5
845,糖醋里脊,3
845,辣子鸡,3
845,酸辣土豆丝,5
845,地三鲜,1
845,酸菜鱼,5
846,香菇青菜,1
846,回锅肉,1
846,京酱肉丝,2
846,青椒土豆丝,4
846,宫保鸡丁,1
846,蚝油生菜,1
846,鱼香肉丝,5
846,白切鸡,1
846,红烧排骨,3
846,蒜蓉西兰花,1
846,西红柿鸡蛋汤,5
846,木耳炒肉,5
846,干煸豆角,3
846,葱爆羊肉,3
847,蒜蓉西兰花,1
847,红烧肉,1
847,手撕包菜,3
847,红烧排骨,2
847,蚝油生菜,3
847,辣子鸡,2
847,西红柿鸡蛋汤,3
847,鱼香肉丝,4
847,糖醋里脊,4
847,烧茄子,1
847,回锅肉,4
848,京酱肉丝,4
848,红烧排骨,2
848,白切鸡,1
848,冬瓜排骨汤,1
848,回锅肉,1
848,辣子鸡,5
848,西红柿鸡蛋汤,2
848,韭菜炒鸡蛋,3
848,蚝油生菜,1
848,紫菜蛋花汤,2
848,葱爆羊肉,5
849,韭菜炒鸡蛋,2
849,蒜蓉西兰花,2
849,红烧肉,5
850,白切鸡,2
850,手撕包菜,4
850,辣子鸡,2
850,鱼香肉丝,3
850,红烧肉,2
850,京酱肉丝,4
850,蚝油生菜,3
850,宫保鸡丁,2
850,蒜蓉西兰花,2
850,地三鲜,3
850,干煸豆角,4
850,麻婆豆腐,1
850,香菇青菜,1
850,回锅肉,3
850,酸菜鱼,1
851,白切鸡,3
851,水煮鱼,1
851,手撕包菜,5
851,土豆烧牛肉,1
851,红烧肉,4
851,木耳炒肉,1
852,番茄炒蛋,1
852,蚝油生菜,1
852,烧茄子,2
852,酸菜鱼,5
852,地三鲜,2
852,红烧排骨,5
852,鱼香肉丝,2
852,辣子鸡,4
852,干煸豆角,1
852,京酱肉丝,1
852,水煮鱼,1
852,宫保鸡丁,2
852,手撕包菜,2
852,干锅菜花,2
852,紫菜蛋花汤,5
852,白切鸡,4
852,酸辣土豆丝,1
852,红烧肉,3
852,糖醋里脊,1
852,西红柿鸡蛋汤,2
852,葱爆羊肉,1
853,西红柿鸡蛋汤,4
853,回锅肉,2
853,土豆烧牛肉,3
853,韭菜炒鸡蛋,4
853,地三鲜,1
853,鱼香肉丝,1
853,香菇青菜,5
853,葱爆羊肉,1
853,木耳炒肉,3
853,酸菜鱼,2
853,青椒土豆丝,1
853,紫菜蛋花汤,3
853,辣子鸡,4
853,京酱肉丝,2
853,宫保鸡丁,3
853,干锅菜花,4
853,红烧肉,2
853,烧茄子,3
853,麻婆豆腐,2
853,蚝油生菜,3
853,白切鸡,5
854,麻婆豆腐,1
854,香菇青菜,5
854,葱爆羊肉,4
854,土豆烧牛肉,4
854,番茄炒蛋,4
854,蚝油生菜,3
854,酸菜鱼,4
854,水煮鱼,2
854,干煸豆角,2
854,红烧肉,3
854,干锅菜花,1
854,手撕包菜,5
854,京酱肉丝,4
854,白切鸡,4
855,土豆烧牛肉,3
855,干锅菜花,2
855,蒜蓉西兰花,3
855,回锅肉,1
855,蚝油生菜,3
855,白切鸡,4
855,辣子鸡,4
855,香菇青菜,5
855,西红柿鸡蛋汤,2
855,麻婆豆腐,1
855,番茄炒蛋,2
855,红烧排骨,1
855,宫保鸡丁,3
855,糖醋里脊,4
855,地三鲜,3
855,鱼香肉丝,5
855,干煸豆角,3
855,冬瓜排骨汤,2
855,紫菜蛋花汤,3
855,木耳炒肉,3
855,红烧肉,5
855,酸菜鱼,2
855,青椒土豆丝,1
855,烧茄子,4
855,韭菜炒鸡蛋,3
855,手撕包菜,3
855,酸辣土豆丝,1
855,水煮鱼,1
856,干煸豆角,2
856,韭菜炒鸡蛋,5
856,白切鸡,5
856,香菇青菜,1
857,红烧肉,5
857,干锅菜花,5
857,青椒土豆丝,3
857,鱼香肉丝,5
857,干煸豆角,4
857,葱爆羊肉,5
857,冬瓜排骨汤,1
857,辣子鸡,4
857,酸辣土豆丝,4
857,酸菜鱼,3
857,红烧排骨,1
857,韭菜炒鸡蛋,3
857,蒜蓉西兰花,1
857,土豆烧牛肉,1
857,番茄炒蛋,1
857,地三鲜,2
857,宫保鸡丁,1
858,木耳炒肉,3
858,西红柿鸡蛋汤,1
858,地三鲜,2
858,辣子鸡,2
858,糖醋里脊,1
858,干煸豆角,1
859,京酱肉丝,1
859,宫保鸡丁,1
859,辣子鸡,3
859,白切鸡,1
859,酸辣土豆丝,1
859,蒜蓉西兰花,2
859,葱爆羊肉,3
859,鱼香肉丝,4
859,青椒土豆丝,1
859,香菇青菜,2
859,红烧肉,1
859,水煮鱼,4
859,手撕包菜,1
859,紫菜蛋花汤,5
859,西红柿鸡蛋汤,4
859,韭菜炒鸡蛋,5
859,红烧排骨,4
859,麻婆豆腐,1
859,干锅菜花,1
859,蚝油生菜,4
859,烧茄子,2
859,干煸豆角,3
859,地三鲜,5
860,宫保鸡丁,1
860,酸辣土豆丝,4
860,蒜蓉西兰花,2
860,回锅肉,5
860,水煮鱼,5
860,红烧排骨,4
860,烧茄子,5
860,辣子鸡,1
860,西红柿鸡蛋汤,4
860,干锅菜花,2
860,冬瓜排骨汤,4
860,酸菜鱼,5
860,地三鲜,1
860,鱼香肉丝,2
860,蚝油生菜,4
860,紫菜蛋花汤,1
860,香菇青菜,4
860,青椒土豆丝,1
860,番茄炒蛋,4
860,葱爆羊肉,1
860,土豆烧牛肉,5
860,木耳炒肉,5
860,麻婆豆腐,1
860,韭菜炒鸡蛋,5
860,白切鸡,4
861,红烧肉,5
861,紫菜蛋花汤,3
861,糖醋里脊,3
861,干煸豆角,4
861,白切鸡,5
861,手撕包菜,1
861,红烧排骨,1
861,烧茄子,2
861,京酱肉丝,3
861,回锅肉,3
861,香菇青菜,2
861,蚝油生菜,2
861,水煮鱼,2
861,冬瓜排骨汤,4
861,酸辣土豆丝,2
861,番茄炒蛋,2
861,葱爆羊肉,1
861,土豆烧牛肉,4
861,鱼香肉丝,5
861,青椒土豆丝,1
861,蒜蓉西兰花,4
861,韭菜炒鸡蛋,5
861,宫保鸡丁,4
861,地三鲜,5
861,酸菜鱼,3
861,麻婆豆腐,4
861,辣子鸡,3
862,干煸豆角,5
862,香菇青菜,3
862,鱼香肉丝,2
862,京酱肉丝,1
862,蚝油生菜,3
862,干锅菜花,1
862,紫菜蛋花汤,1
862,酸辣土豆丝,4
862,地三鲜,3
862,麻婆豆腐,2
862,葱爆羊肉,4
862,水煮鱼,1
862,青椒土豆丝,1
863,紫菜蛋花汤,5
863,鱼香肉丝,3
863,糖醋里脊,5
863,冬瓜排骨汤,1
863,地三鲜,2
863,宫保鸡丁,1
863,烧茄子,1
863,蒜蓉西兰花,3
863,回锅肉,1
863,番茄炒蛋,4
863,辣子鸡,5
863,木耳炒肉,1
863,水煮鱼,1
863,青椒土豆丝,3
863,红烧肉,2
863,香菇青菜,1
864,水煮鱼,4
864,地三鲜,3
864,紫菜蛋花汤,5
864,麻婆豆腐,4
864,京酱肉丝,3
865,韭菜炒鸡蛋,3
865,蚝油生菜,1
865,青椒土豆丝,1
865,冬瓜排骨汤,3
865,干煸豆角,4
865,白切鸡,4
865,酸菜鱼,3
865,木耳炒肉,2
865,辣子鸡,4
865,土豆烧牛肉,5
865,麻婆豆腐,5
865,手撕包菜,4
865,鱼香肉丝,1
866,香菇青菜,4
866,青椒土豆丝,3
866,土豆烧牛肉,1
866,酸菜鱼,2
866,木耳炒肉,2
866,酸辣土豆丝,5
866,水煮鱼,3
866,红烧肉,5
866,冬瓜排骨汤,4
866,麻婆豆腐,5
866,干锅菜花,1
867,地三鲜,4
867,回锅肉,1
867,红烧肉,2
867,京酱肉丝,3
867,烧茄子,3
867,宫保鸡丁,4
867,干煸豆角,3
867,白切鸡,3
867,干锅菜花,4
867,番茄炒蛋,4
867,青椒土豆丝,4
868,宫保鸡丁,1
868,地三鲜,4
868,麻婆豆腐,2
868,干锅菜花,1
868,水煮鱼,5
869,水煮鱼,4
869,地三鲜,3
869,京酱肉丝,3
869,蚝油生菜,2
869,回锅肉,5
869,手撕包菜,1
869,烧茄子,2
869,香菇青菜,4
869,土豆烧牛肉,3
869,酸辣土豆丝,1
869,青椒土豆丝,3
869,韭菜炒鸡蛋,5
869,宫保鸡丁,3
869,糖醋里脊,4
869,紫菜蛋花汤,2
870,宫保鸡丁,5
870,番茄炒蛋,5
870,红烧排骨,3
870,西红柿鸡蛋汤,1
870,酸菜鱼,4
870,回锅肉,4
870,京酱肉丝,4
870,干煸豆角,3
870,蒜蓉西兰花,2
870,酸辣土豆丝,1
870,红烧肉,4
870,干锅菜花,4
870,木耳炒肉,2
871,香菇青菜,2
871,麻婆豆腐,3
871,冬瓜排骨汤,2
871,木耳炒肉,5
871,韭菜炒鸡蛋,4
872,葱爆羊肉,5
872,韭菜炒鸡蛋,4
872,红烧肉,5
872,地三鲜,2
872,白切鸡,2
872,冬瓜排骨汤,1
872,糖醋里脊,3
872,蒜蓉西兰花,3
872,紫菜蛋花汤,2
872,西红柿鸡蛋汤,3
872,香菇青菜,1
872,宫保鸡丁,3
872,干煸豆角,1
872,鱼香肉丝,5
872,回锅肉,5
872,蚝油生菜,2
873,糖醋里脊,1
873,红烧排骨,4
873,葱爆羊肉,5
873,酸辣土豆丝,5
873,麻婆豆腐,4
873,酸菜鱼,4
873,白切鸡,3
873,干锅菜花,3
873,冬瓜排骨汤,3
873,回锅肉,2
873,鱼香肉丝,4
873,手撕包菜,1
873,紫菜蛋花汤,5
873,西红柿鸡蛋汤,1
873,干煸豆角,2
873,青椒土豆丝,5
874,红烧肉,2
874,冬瓜排骨汤,2
874,番茄炒蛋,1
874,香菇青菜,2
874,糖醋里脊,2
874,京酱肉丝,2
874,酸辣土豆丝,4
874,紫菜蛋花汤,1
874,干锅菜花,1
875,麻婆豆腐,4
875,木耳炒肉,5
875,干锅菜花,5
875,西红柿鸡蛋汤,2
875,地三鲜,1
875,烧茄子,3
875,香菇青菜,2
875,葱爆羊肉,1
875,白切鸡,4
875,水煮鱼,5
875,酸辣土豆丝,1
875,手撕包菜,2
875,韭菜炒鸡蛋,5
875,番茄炒蛋,2
875,宫保鸡丁,2
875,京酱肉丝,1
875,红烧肉,2
875,紫菜蛋花汤,4
875,辣子鸡,5
875,回锅肉,5
875,蒜蓉西兰花,1
875,干煸豆角,1
875,土豆烧牛肉,3
875,冬瓜排骨汤,2
875,青椒土豆丝,4
876,香菇青菜,4
876,木耳炒肉,1
876,麻婆豆腐,2
876,宫保鸡丁,1
876,葱爆羊肉,4
876,土豆烧牛肉,2
876,鱼香肉丝,4
876,冬瓜排骨汤,1
876,干锅菜花,3
877,鱼香肉丝,4
877,宫保鸡丁,2
877,辣子鸡,5
877,红烧排骨,1
877,糖醋里脊,5
877,蚝油生菜,2
877,番茄炒蛋,5
877,葱爆羊肉,1
877,干锅菜花,4
877,酸辣土豆丝,3
877,回锅肉,3
877,白切鸡,1
877,京酱肉丝,2
877,青椒土豆丝,3
877,水煮鱼,5
877,韭菜炒鸡蛋,5
877,土豆烧牛肉,5
877,蒜蓉西兰花,3
877,麻婆豆腐,1
877,冬瓜排骨汤,5
877,红烧肉,2
877,干煸豆角,5
878,红烧肉,1
878,干锅菜花,2
878,韭菜炒鸡蛋,5
878,番茄炒蛋,1
878,手撕包菜,4
878,香菇青菜,2
878,木耳炒肉,3
878,土豆烧牛肉,1
879,手撕包菜,4
879,红烧排骨,3
879,木耳炒肉,2
879,葱爆羊肉,4
879,宫保鸡丁,2
879,红烧肉,5
879,冬瓜排骨汤,3
879,韭菜炒鸡蛋,3
879,酸辣土豆丝,2
879,干锅菜花,5
880,回锅肉,4
880,白切鸡,3
880,酸辣土豆丝,4
880,烧茄子,1
880,红烧排骨,2
880,地三鲜,1
880,鱼香肉丝,5
880,干锅菜花,1
880,冬瓜排骨汤,1
880,蒜蓉西兰花,5
880,土豆烧牛肉,2
880,葱爆羊肉,5
880,辣子鸡,1
880,干煸豆角,2
880,蚝油生菜,2
880,手撕包菜,1
881,地三鲜,3
881,手撕包菜,1
881,木耳炒肉,1
881,辣子鸡,5
881,青椒土豆丝,2
881,白切鸡,3
881,宫保鸡丁,3
881,回锅肉,3
881,韭菜炒鸡蛋,1
881,土豆烧牛肉,2
881,红烧排骨,4
881,酸辣土豆丝,5
881,蚝油生菜,5
881,番茄炒蛋,5
881,蒜蓉西兰花,5
881,香菇青菜,3
881,水煮鱼,2
881,葱爆羊肉,5
881,京酱肉丝,2
881,麻婆豆腐,2
881,鱼香肉丝,2
881,酸菜鱼,2
881,紫菜蛋花汤,3
881,干煸豆角,2
881,冬瓜排骨汤,4
881,干锅菜花,2
881,西红柿鸡蛋汤,5
881,烧茄子,4
881,糖醋里脊,2
882,蚝油生菜,5
883,地三鲜,5
884,酸辣土豆丝,2
884,土豆烧牛肉,4
884,烧茄子,4
884,青椒土豆丝,2
884,水煮鱼,1
884,红烧肉,4
884,回锅肉,4
884,紫菜蛋花汤,3
884,麻婆豆腐,5
884,番茄炒蛋,3
884,红烧排骨,3
884,宫保鸡丁,2
884,干锅菜花,1
884,酸菜鱼,1
884,京酱肉丝,4
884,冬瓜排骨汤,2
884,葱爆羊肉,5
884,辣子鸡,3
884,香菇青菜,1
884,地三鲜,5
884,干煸豆角,2
884,鱼香肉丝,4
884,白切鸡,3
884,木耳炒肉,5
885,水煮鱼,2
885,红烧排骨,1
885,红烧肉,5
885,番茄炒蛋,4
885,京酱肉丝,1
885,干锅菜花,4
885,麻婆豆腐,2
885,韭菜炒鸡蛋,1
885,青椒土豆丝,1
885,紫菜蛋花汤,5
885,香菇青菜,5
885,地三鲜,2
885,干煸豆角,5
885,蚝油生菜,3
885,冬瓜排骨汤,3
885,糖醋里脊,2
885,葱爆羊肉,3
885,白切鸡,1
885,土豆烧牛肉,2
885,木耳炒肉,2
885,酸辣土豆丝,1
885,回锅肉,1
885,手撕包菜,3
885,辣子鸡,2
885,烧茄子,3
885,鱼香肉丝,3
886,酸菜鱼,1
887,糖醋里脊,2
887,酸辣土豆丝,1
887,手撕包菜,5
887,红烧肉,4
887,水煮鱼,4
887,红烧排骨,5
887,烧茄子,4
887,蚝油生菜,2
887,辣子鸡,3
888,白切鸡,5
888,红烧肉,2
888,地三鲜,1
888,韭菜炒鸡蛋,3
888,酸辣土豆丝,5
888,回锅肉,4
888,西红柿鸡蛋汤,4
888,蚝油生菜,1
888,麻婆豆腐,4
888,蒜蓉西兰花,4
888,土豆烧牛肉,4
888,青椒土豆丝,5
888,手撕包菜,2
888,酸菜鱼,2
888,水煮鱼,2
889,番茄炒蛋,5
889,红烧排骨,2
889,西红柿鸡蛋汤,3
889,土豆烧牛肉,4
889,葱爆羊肉,4
889,地三鲜,2
889,水煮鱼,4
889,手撕包菜,2
889,白切鸡,1
889,宫保鸡丁,5
889,紫菜蛋花汤,3
889,酸菜鱼,4
889,干锅菜花,4
889,辣子鸡,2
889,蚝油生菜,5
889,红烧肉,2
889,鱼香肉丝,3
889,回锅肉,3
889,干煸豆角,2
889,冬瓜排骨汤,3
889,京酱肉丝,3
889,韭菜炒鸡蛋,1
889,酸辣土豆丝,5
889,糖醋里脊,4
889,蒜蓉西兰花,2
890,番茄炒蛋,5
890,紫菜蛋花汤,3
890,西红柿鸡蛋汤,2
890,地三鲜,1
890,鱼香肉丝,1
890,手撕包菜,2
890,水煮鱼,2
890,土豆烧牛肉,2
890,冬瓜排骨汤,3
890,木耳炒肉,1
890,京酱肉丝,3
890,干煸豆角,5
890,辣子鸡,5
890,干锅菜花,2
890,红烧排骨,5
890,回锅肉,1
890,糖醋里脊,1
890,酸辣土豆丝,5
891,烧茄子,2
891,葱爆羊肉,5
891,京酱肉丝,1
891,番茄炒蛋,1
891,韭菜炒鸡蛋,1
891,干锅菜花,5
891,宫保鸡丁,2
891,红烧肉,2
891,西红柿鸡蛋汤,3
891,冬瓜排骨汤,2
891,鱼香肉丝,5
891,回锅肉,5
891,酸菜鱼,2
891,酸辣土豆丝,2
891,地三鲜,2
891,糖醋里脊,3
891,水煮鱼,4
891,麻婆豆腐,1
891,蒜蓉西兰花,1
891,青椒土豆丝,5
891,蚝油生菜,2
891,白切鸡,4
891,红烧排骨,1
892,宫保鸡丁,2
892,葱爆羊肉,5
892,鱼香肉丝,3
892,蒜蓉西兰花,1
892,红烧肉,1
892,干锅菜花,5
892,香菇青菜,3
892,干煸豆角,2
892,紫菜蛋花汤,4
892,酸菜鱼,2
892,京酱肉丝,2
892,回锅肉,3
892,白切鸡,4
892,水煮鱼,1
892,西红柿鸡蛋汤,4
892,酸辣土豆丝,4
892,手撕包菜,2
892,冬瓜排骨汤,2
892,青椒土豆丝,1
892,糖醋里脊,2
892,麻婆豆腐,2
892,烧茄子,4
892,蚝油生菜,1
893,烧茄子,5
894,辣子鸡,4
894,韭菜炒鸡蛋,3
894,麻婆豆腐,3
894,葱爆羊肉,3
894,紫菜蛋花汤,1
894,红烧肉,2
894,糖醋里脊,4
894,西红柿鸡蛋汤,2
894,水煮鱼,4
895,干煸豆角,4
895,西红柿鸡蛋汤,1
895,京酱肉丝,4
895,蒜蓉西兰花,3
895,地三鲜,3
895,香菇青菜,1
895,葱爆羊肉,5
895,宫保鸡丁,5
895,酸辣土豆丝,4
895,糖醋里脊,1
895,回锅肉,1
895,辣子鸡,4
895,番茄炒蛋,5
895,韭菜炒鸡蛋,5
895,白切鸡,5
895,干锅菜花,2
896,辣子鸡,5
896,韭菜炒鸡蛋,2
896,番茄炒蛋,4
896,宫保鸡丁,3
896,冬瓜排骨汤,3
896,紫菜蛋花汤,3
897,手撕包菜,2
897,香菇青菜,3
897,番茄炒蛋,3
898,手撕包菜,5
898,酸菜鱼,3
898,蚝油生菜,2
898,糖醋里脊,4
898,蒜蓉西兰花,2
898,京酱肉丝,4
898,红烧排骨,5
898,回锅肉,5
898,干锅菜花,1
898,酸辣土豆丝,3
898,鱼香肉丝,4
898,番茄炒蛋,2
898,地三鲜,2
898,辣子鸡,5
899,酸辣土豆丝,3
899,韭菜炒鸡蛋,2
899,回锅肉,1
899,麻婆豆腐,4
899,烧茄子,3
899,鱼香肉丝,2
899,手撕包菜,3
899,白切鸡,5
899,酸菜鱼,5
899,青椒土豆丝,1
899,蒜蓉西兰花,1
899,干煸豆角,5
899,红烧排骨,2
899,香菇青菜,4
900,麻婆豆腐,1
900,回锅肉,4
900,干煸豆角,4
900,葱爆羊肉,1
900,宫保鸡丁,5
900,辣子鸡,4
900,香菇青菜,3
900,烧茄子,4
900,韭菜炒鸡蛋,3
900,木耳炒肉,4
900,水煮鱼,4
900,手撕包菜,2
900,青椒土豆丝,4
900,干锅菜花,2
900,西红柿鸡蛋汤,4
900,红烧肉,5
900,白切鸡,1
900,土豆烧牛肉,3
901,辣子鸡,1
901,西红柿鸡蛋汤,4
901,韭菜炒鸡蛋,5
901,麻婆豆腐,4
901,蒜蓉西兰花,1
901,地三鲜,3
901,蚝油生菜,2
901,白切鸡,3
901,红烧排骨,4
901,宫保鸡丁,4
901,烧茄子,1
901,红烧肉,3
901,干锅菜花,1
901,香菇青菜,2
901,番茄炒蛋,2
901,紫菜蛋花汤,4
901,葱爆羊肉,3
901,冬瓜排骨汤,4
901,鱼香肉丝,5
901,回锅肉,5
901,干煸豆角,2
901,酸辣土豆丝,2
902,京酱肉丝,4
903,干锅菜花,1
903,干煸豆角,5
903,糖醋里脊,4
903,鱼香肉丝,5
903,京酱肉丝,5
903,香菇青菜,4
903,韭菜炒鸡蛋,3
903,水煮鱼,2
903,土豆烧牛肉,5
903,红烧肉,3
903,番茄炒蛋,5
903,白切鸡,1
903,葱爆羊肉,4
903,西红柿鸡蛋汤,4
903,手撕包菜,2
903,紫菜蛋花汤,5
903,辣子鸡,4
903,酸菜鱼,2
903,烧茄子,3
903,宫保鸡丁,2
903,蒜蓉西兰花,5
904,白切鸡,1
904,冬瓜排骨汤,5
904,西红柿鸡蛋汤,4
904,蒜蓉西兰花,4
904,手撕包菜,1
904,香菇青菜,4
904,京酱肉丝,4
904,鱼香肉丝,2
904,酸菜鱼,2
904,烧茄子,1
904,干煸豆角,1
904,韭菜炒鸡蛋,4
904,辣子鸡,2
904,红烧肉,5
904,木耳炒肉,1
904,葱爆羊肉,4
904,宫保鸡丁,2
904,地三鲜,5
904,青椒土豆丝,5
904,红烧排骨,2
904,蚝油生菜,5
904,回锅肉,5
904,糖醋里脊,1
905,红烧排骨,2
905,木耳炒肉,4
905,土豆烧牛肉,5
905,番茄炒蛋,3
905,香菇青菜,2
905,水煮鱼,1
905,冬瓜排骨汤,2
905,红烧肉,5
905,葱爆羊肉,5
905,酸菜鱼,2
905,糖醋里脊,1
905,青椒土豆丝,2
905,干锅菜花,3
905,麻婆豆腐,3
905,酸辣土豆丝,5
905,地三鲜,1
905,鱼香肉丝,1
905,回锅肉,3
905,白切鸡,3
905,韭菜炒鸡蛋,5
905,辣子鸡,5
905,烧茄子,4
906,鱼香肉丝,3
906,京酱肉丝,2
906,白切鸡,5
906,番茄炒蛋,5
906,麻婆豆腐,3
906,冬瓜排骨汤,2
906,酸菜鱼,1
906,土豆烧牛肉,2
906,干锅菜花,1
906,糖醋里脊,4
906,紫菜蛋花汤,5
906,地三鲜,1
906,回锅肉,4
906,蒜蓉西兰花,4
906,木耳炒肉,5
907,紫菜蛋花汤,1
907,鱼香肉丝,4
907,京酱肉丝,1
907,烧茄子,5
907,冬瓜排骨汤,2
907,木耳炒肉,4
907,回锅肉,3
907,干煸豆角,1
907,青椒土豆丝,4
907,水煮鱼,1
907,酸菜鱼,2
907,蒜蓉西兰花,1
907,宫保鸡丁,5
907,手撕包菜,5
907,蚝油生菜,1
907,白切鸡,5
907,葱爆羊肉,1
907,红烧肉,4
907,辣子鸡,2
907,干锅菜花,4
907,麻婆豆腐,2
907,酸辣土豆丝,5
907,土豆烧牛肉,2
907,地三鲜,5
907,西红柿鸡蛋汤,4
907,韭菜炒鸡蛋,5
907,红烧排骨,2
907,番茄炒蛋,3
908,辣子鸡,1
908,木耳炒肉,2
908,蒜蓉西兰花,4
908,酸菜鱼,4
908,手撕包菜,4
908,鱼香肉丝,2
908,干煸豆角,1
908,蚝油生菜,5
908,干锅菜花,1
908,红烧肉,5
908,冬瓜排骨汤,2
908,白切鸡,1
908,西红柿鸡蛋汤,2
908,番茄炒蛋,5
908,酸辣土豆丝,1
908,土豆烧牛肉,4
908,烧茄子,1
908,宫保鸡丁,2
908,京酱肉丝,4
908,糖醋里脊,2
908,回锅肉,3
908,韭菜炒鸡蛋,3
908,香菇青菜,3
908,葱爆羊肉,2
908,红烧排骨,3
908,紫菜蛋花汤,5
908,水煮鱼,4
909,烧茄子,1
909,番茄炒蛋,5
909,紫菜蛋花汤,1
909,回锅肉,2
909,酸菜鱼,2
909,蒜蓉西兰花,4
909,干煸豆角,3
909,香菇青菜,2
909,鱼香肉丝,1
909,麻婆豆腐,2
909,西红柿鸡蛋汤,5
909,酸辣土豆丝,3
909,辣子鸡,5
909,红烧肉,4
909,土豆烧牛肉,4
909,冬瓜排骨汤,1
909,蚝油生菜,2
909,白切鸡,5
909,水煮鱼,4
909,糖醋里脊,4
909,韭菜炒鸡蛋,1
910,紫菜蛋花汤,3
910,手撕包菜,2
910,辣子鸡,3
910,青椒土豆丝,1
910,京酱肉丝,3
911,青椒土豆丝,1
911,韭菜炒鸡蛋,2
911,手撕包菜,4
911,葱爆羊肉,3
911,回锅肉,5
911,蒜蓉西兰花,5
911,麻婆豆腐,2
911,西红柿鸡蛋汤,1
911,土豆烧牛肉,3
911,干锅菜花,5
911,地三鲜,4
911,蚝油生菜,4
912,蒜蓉西兰花,2
912,地三鲜,2
912,回锅肉,4
912,韭菜炒鸡蛋,1
912,京酱肉丝,4
912,葱爆羊肉,4
912,红烧肉,4
912,糖醋里脊,5
913,白切鸡,2
913,蒜蓉西兰花,1
913,葱爆羊肉,4
913,辣子鸡,4
913,红烧排骨,4
913,麻婆豆腐,1
913,红烧肉,4
913,地三鲜,5
913,蚝油生菜,5
913,木耳炒肉,4
913,干煸豆角,2
913,香菇青菜,2
913,番茄炒蛋,3
913,酸辣土豆丝,4
913,宫保鸡丁,5
913,西红柿鸡蛋汤,5
913,手撕包菜,5
913,烧茄子,2
913,回锅肉,5
913,糖醋里脊,5
913,冬瓜排骨汤,5
913,京酱肉丝,2
913,酸菜鱼,2
913,干锅菜花,3
913,青椒土豆丝,5
914,香菇青菜,2
914,冬瓜排骨汤,1
914,京酱肉丝,3
914,土豆烧牛肉,2
914,蒜蓉西兰花,5
914,干锅菜花,5
914,韭菜炒鸡蛋,2
914,紫菜蛋花汤,5
914,手撕包菜,1
914,白切鸡,2
914,番茄炒蛋,2
914,地三鲜,4
914,葱爆羊肉,1
914,鱼香肉丝,1
914,辣子鸡,1
914,宫保鸡丁,1
914,水煮鱼,3
914,红烧肉,3
914,回锅肉,1
914,麻婆豆腐,4
914,蚝油生菜,4
914,红烧排骨,2
914,西红柿鸡蛋汤,5
914,青椒土豆丝,1
915,辣子鸡,3
915,酸辣土豆丝,2
915,烧茄子,2
915,干煸豆角,3
915,青椒土豆丝,1
915,宫保鸡丁,3
915,紫菜蛋花汤,5
915,红烧排骨,2
915,麻婆豆腐,1
915,糖醋里脊,5
915,西红柿鸡蛋汤,2
915,水煮鱼,2
915,鱼香肉丝,3
915,冬瓜排骨汤,2
915,香菇青菜,1
915,番茄炒蛋,5
915,木耳炒肉,4
915,酸菜鱼,4
915,回锅肉,4
915,蚝油生菜,5
915,葱爆羊肉,1
915,土豆烧牛肉,5
915,蒜蓉西兰花,3
915,干锅菜花,5
915,白切鸡,5
915,韭菜炒鸡蛋,4
916,紫菜蛋花汤,1
916,红烧排骨,3
916,木耳炒肉,4
916,手撕包菜,5
916,土豆烧牛肉,2
917,鱼香肉丝,3
917,麻婆豆腐,2
917,香菇青菜,1
917,干煸豆角,2
917,地三鲜,4
917,青椒土豆丝,5
917,烧茄子,3
917,紫菜蛋花汤,4
917,干锅菜花,1
917,白切鸡,1
917,葱爆羊肉,1
917,酸辣土豆丝,4
917,水煮鱼,4
917,蒜蓉西兰花,4
917,红烧排骨,2
917,辣子鸡,2
917,番茄炒蛋,1
917,手撕包菜,4
917,西红柿鸡蛋汤,3
917,酸菜鱼,1
917,红烧肉,2
917,韭菜炒鸡蛋,4
917,木耳炒肉,1
917,宫保鸡丁,5
917,蚝油生菜,2
917,土豆烧牛肉,1
917,冬瓜排骨汤,2
917,回锅肉,3
917,京酱肉丝,5
918,木耳炒肉,5
918,红烧排骨,1
918,白切鸡,3
918,酸辣土豆丝,4
918,麻婆豆腐,4
918,西红柿鸡蛋汤,1
918,糖醋里脊,4
918,蒜蓉西兰花,5
918,香菇青菜,4
918,紫菜蛋花汤,2
918,烧茄子,2
918,干锅菜花,3
918,宫保鸡丁,1
918,冬瓜排骨汤,1
918,辣子鸡,4
918,地三鲜,4
918,蚝油生菜,3
918,京酱肉丝,1
918,红烧肉,5
918,手撕包菜,1
918,酸菜鱼,4
918,青椒土豆丝,1
918,干煸豆角,5
918,回锅肉,3
919,香菇青菜,2
919,韭菜炒鸡蛋,5
919,青椒土豆丝,5
920,麻婆豆腐,1
920,回锅肉,3
920,地三鲜,3
920,京酱肉丝,5
920,糖醋里脊,1
920,西红柿鸡蛋汤,1
920,宫保鸡丁,3
920,白切鸡,4
920,紫菜蛋花汤,3
920,土豆烧牛肉,3
920,冬瓜排骨汤,5
920,蒜蓉西兰花,4
921,地三鲜,1
921,青椒土豆丝,5
921,白切鸡,3
921,干煸豆角,1
921,水煮鱼,2
921,京酱肉丝,5
921,宫保鸡丁,5
921,烧茄子,2
921,香菇青菜,2
921,木耳炒肉,1
921,鱼香肉丝,5
921,酸辣土豆丝,1
921,辣子鸡,2
921,冬瓜排骨汤,5
921,西红柿鸡蛋汤,4
921,干锅菜花,4
921,葱爆羊肉,2
921,手撕包菜,1
921,蒜蓉西兰花,2
921,红烧肉,5
921,番茄炒蛋,3
921,酸菜鱼,5
922,京酱肉丝,3
922,干煸豆角,1
922,回锅肉,4
922,烧茄子,3
922,韭菜炒鸡蛋,4
922,酸辣土豆丝,5
922,鱼香肉丝,2
922,西红柿鸡蛋汤,2
922,干锅菜花,2
922,土豆烧牛肉,3
922,木耳炒肉,4
922,手撕包菜,2
922,红烧肉,2
922,紫菜蛋花汤,1
922,酸菜鱼,2
922,麻婆豆腐,5
922,辣子鸡,4
922,地三鲜,3
923,冬瓜排骨汤,5
923,鱼香肉丝,5
923,蒜蓉西兰花,5
923,紫菜蛋花汤,4
923,宫保鸡丁,1
923,手撕包菜,5
923,葱爆羊肉,2
923,香菇青菜,1
923,蚝油生菜,1
924,韭菜炒鸡蛋,5
924,白切鸡,3
924,麻婆豆腐,5
924,土豆烧牛肉,1
924,酸辣土豆丝,3
924,紫菜蛋花汤,2
924,烧茄子,4
924,辣子鸡,2
924,青椒土豆丝,2
924,冬瓜排骨汤,1
924,蚝油生菜,1
924,糖醋里脊,5
924,红烧肉,4
924,京酱肉丝,1
924,蒜蓉西兰花,3
924,宫保鸡丁,4
924,干锅菜花,2
924,番茄炒蛋,2
924,回锅肉,1
924,木耳炒肉,3
925,白切鸡,3
925,西红柿鸡蛋汤,3
925,香菇青菜,3
925,干煸豆角,4
925,鱼香肉丝,1
925,冬瓜排骨汤,5
925,手撕包菜,2
925,回锅肉,2
926,干锅菜花,3
926,手撕包菜,4
926,麻婆豆腐,1
927,白切鸡,5
927,红烧排骨,3
927,酸菜鱼,1
927,酸辣土豆丝,2
927,青椒土豆丝,3
927,西红柿鸡蛋汤,4
927,回锅肉,5
927,葱爆羊肉,4
927,香菇青菜,1
927,京酱肉丝,2
927,韭菜炒鸡蛋,4
927,红烧肉,5
927,紫菜蛋花汤,4
927,番茄炒蛋,1
927,蚝油生菜,3
927,蒜蓉西兰花,1
927,地三鲜,4
927,烧茄子,2
927,辣子鸡,1
927,糖醋里脊,4
927,鱼香肉丝,4
927,干锅菜花,2
927,水煮鱼,4
927,土豆烧牛肉,1
927,宫保鸡丁,3
927,干煸豆角,1
927,冬瓜排骨汤,2
928,蒜蓉西兰花,3
928,西红柿鸡蛋汤,2
928,烧茄子,1
928,麻婆豆腐,5
928,冬瓜排骨汤,3
928,蚝油生菜,3
928,葱爆羊肉,2
928,回锅肉,2
928,鱼香肉丝,4
928,白切鸡,3
928,土豆烧牛肉,5
928,红烧排骨,4
928,水煮鱼,5
928,干煸豆角,3
928,糖醋里脊,2
928,辣子鸡,1
928,紫菜蛋花汤,5
928,干锅菜花,2
928,宫保鸡丁,4
928,木耳炒肉,1
928,酸辣土豆丝,1
928,手撕包菜,5
928,京酱肉丝,5
928,地三鲜,4
929,红烧肉,4
929,冬瓜排骨汤,3
930,香菇青菜,3
930,辣子鸡,3
930,干煸豆角,5
930,酸菜鱼,2
930,回锅肉,3
930,蚝油生菜,3
930,烧茄子,3
930,红烧排骨,4
930,红烧肉,4
930,宫保鸡丁,2
930,木耳炒肉,2
930,西红柿鸡蛋汤,5
930,土豆烧牛肉,3
930,韭菜炒鸡蛋,2
930,蒜蓉西兰花,1
930,干锅菜花,4
930,番茄炒蛋,5
930,水煮鱼,4
930,手撕包菜,1
930,酸辣土豆丝,3
930,白切鸡,4
930,地三鲜,4
930,鱼香肉丝,1
930,葱爆羊肉,2
930,冬瓜排骨汤,4
930,青椒土豆丝,1
930,京酱肉丝,4
931,红烧肉,1
931,辣子鸡,4
931,土豆烧牛肉,2
931,葱爆羊肉,1
931,鱼香肉丝,4
931,干锅菜花,4
931,蚝油生菜,1
931,西红柿鸡蛋汤,3
931,手撕包菜,4
931,烧茄子,1
931,紫菜蛋花汤,3
931,木耳炒肉,5
931,京酱肉丝,4
931,酸辣土豆丝,5
931,白切鸡,1
931,水煮鱼,3
931,番茄炒蛋,2
931,冬瓜排骨汤,2
931,宫保鸡丁,3
931,红烧排骨,3
931,回锅肉,1
931,酸菜鱼,2
931,蒜蓉西兰花,2
931,青椒土豆丝,5
931,麻婆豆腐,3
931,地三鲜,3
931,糖醋里脊,4
932,回锅肉,5
932,宫保鸡丁,5
932,韭菜炒鸡蛋,5
932,京酱肉丝,4
932,紫菜蛋花汤,4
932,酸辣土豆丝,3
932,手撕包菜,4
932,地三鲜,5
932,糖醋里脊,2
932,水煮鱼,4
932,酸菜鱼,3
932,干锅菜花,4
932,西红柿鸡蛋汤,1
932,白切鸡,5
932,红烧排骨,2
932,土豆烧牛肉,2
932,辣子鸡,3
932,冬瓜排骨汤,5
932,香菇青菜,4
933,烧茄子,4
933,干煸豆角,1
933,土豆烧牛肉,2
933,干锅菜花,2
933,京酱肉丝,4
933,冬瓜排骨汤,4
933,鱼香肉丝,1
933,地三鲜,5
933,西红柿鸡蛋汤,3
934,冬瓜排骨汤,1
934,鱼香肉丝,5
934,蚝油生菜,3
934,烧茄子,4
934,水煮鱼,4
934,红烧排骨,2
934,番茄炒蛋,2
934,酸辣土豆丝,2
935,木耳炒肉,2
935,红烧肉,4
935,韭菜炒鸡蛋,4
935,冬瓜排骨汤,2
935,白切鸡,5
935,紫菜蛋花汤,2
935,香菇青菜,2
935,糖醋里脊,5
935,干煸豆角,3
935,西红柿鸡蛋汤,2
935,手撕包菜,1
935,红烧排骨,2
935,京酱肉丝,2
935,辣子鸡,2
935,回锅肉,1
935,鱼香肉丝,5
935,麻婆豆腐,1
935,酸辣土豆丝,3
935,葱爆羊肉,1
935,番茄炒蛋,1
935,水煮鱼,4
935,地三鲜,5
935,蚝油生菜,2
935,青椒土豆丝,2
935,蒜蓉西兰花,2
935,酸菜鱼,5
935,宫保鸡丁,3
935,烧茄子,3
936,糖醋里脊,5
936,辣子鸡,5
936,香菇青菜,5
936,干煸豆角,2
936,麻婆豆腐,5
937,蚝油生菜,4
938,木耳炒肉,4
938,酸菜鱼,3
938,冬瓜排骨汤,4
938,麻婆豆腐,5
938,西红柿鸡蛋汤,5
938,回锅肉,5
938,韭菜炒鸡蛋,1
938,蚝油生菜,2
938,红烧肉,5
938,京酱肉丝,2
938,宫保鸡丁,1
939,鱼香肉丝,4
940,辣子鸡,1
940,青椒土豆丝,4
940,糖醋里脊,1
940,干煸豆角,2
940,红烧肉,5
940,番茄炒蛋,3
940,葱爆羊肉,1
940,烧茄子,2
940,蚝油生菜,4
940,木耳炒肉,1
940,香菇青菜,3
940,干锅菜花,5
940,红烧排骨,3
940,土豆烧牛肉,2
940,冬瓜排骨汤,5
940,水煮鱼,5
940,宫保鸡丁,3
940,白切鸡,2
940,地三鲜,3
940,回锅肉,1
940,鱼香肉丝,1
940,京酱肉丝,4
940,酸菜鱼,3
940,麻婆豆腐,1
940,手撕包菜,2
940,蒜蓉西兰花,4
941,鱼香肉丝,4
941,干煸豆角,4
941,烧茄子,4
941,葱爆羊肉,2
941,香菇青菜,3
941,手撕包菜,5
941,地三鲜,1
941,蒜蓉西兰花,4
941,番茄炒蛋,2
942,木耳炒肉,1
943,韭菜炒鸡蛋,4
943,京酱肉丝,3
943,糖醋里脊,4
943,蚝油生菜,1
943,蒜蓉西兰花,3
943,干煸豆角,5
943,地三鲜,4
943,烧茄子,3
944,白切鸡,5
944,香菇青菜,5
944,烧茄子,3
944,红烧排骨,5
944,糖醋里脊,1
944,水煮鱼,3
944,蒜蓉西兰花,5
944,蚝油生菜,5
944,木耳炒肉,4
944,干煸豆角,1
944,西红柿鸡蛋汤,5
945,白切鸡,1
945,西红柿鸡蛋汤,2
945,酸菜鱼,5
945,木耳炒肉,5
945,冬瓜排骨汤,5
945,鱼香肉丝,1
945,辣子鸡,1
945,紫菜蛋花汤,3
945,干煸豆角,5
945,糖醋里脊,3
945,红烧肉,5
945,葱爆羊肉,3
945,红烧排骨,2
945,酸辣土豆丝,3
945,烧茄子,1
945,麻婆豆腐,1
945,干锅菜花,1
945,地三鲜,2
945,水煮鱼,4
945,蒜蓉西兰花,4
945,韭菜炒鸡蛋,2
945,香菇青菜,2
945,宫保鸡丁,2
945,青椒土豆丝,5
946,韭菜炒鸡蛋,2
946,辣子鸡,4
946,香菇青菜,5
946,西红柿鸡蛋汤,5
946,番茄炒蛋,4
946,烧茄子,1
946,蚝油生菜,3
946,酸菜鱼,5
946,京酱肉丝,3
946,干锅菜花,1
946,蒜蓉西兰花,4
946,冬瓜排骨汤,5
946,麻婆豆腐,1
946,白切鸡,4
946,红烧肉,1
946,手撕包菜,2
946,土豆烧牛肉,3
947,烧茄子,5
947,地三鲜,4
947,京酱肉丝,2
947,辣子鸡,5
947,干锅菜花,2
947,酸辣土豆丝,1
947,红烧排骨,5
947,白切鸡,4
947,土豆烧牛肉,2
947,回锅肉,2
947,冬瓜排骨汤,4
947,鱼香肉丝,1
947,酸菜鱼,1
947,蒜蓉西兰花,5
947,葱爆羊肉,1
947,干煸豆角,5
947,青椒土豆丝,2
947,木耳炒肉,4
947,红烧肉,1
948,京酱肉丝,4
948,红烧肉,5
948,鱼香肉丝,4
948,水煮鱼,3
948,葱爆羊肉,3
948,酸菜鱼,3
948,地三鲜,4
948,手撕包菜,3
948,干锅菜花,1
948,蒜蓉西兰花,2
948,蚝油生菜,3
948,回锅肉,4
948,韭菜炒鸡蛋,4
949,鱼香肉丝,5
949,紫菜蛋花汤,2
949,宫保鸡丁,3
949,京酱肉丝,1
949,蒜蓉西兰花,3
949,干锅菜花,1
949,酸菜鱼,4
949,蚝油生菜,4
949,葱爆羊肉,3
950,酸菜鱼,5
950,水煮鱼,5
950,红烧肉,4
950,番茄炒蛋,3
950,回锅肉,1
950,辣子鸡,2
950,蚝油生菜,2
950,麻婆豆腐,2
950,蒜蓉西兰花,5
951,紫菜蛋花汤,4
951,土豆烧牛肉,2
951,葱爆羊肉,1
951,鱼香肉丝,5
951,蒜蓉西兰花,3
951,手撕包菜,3
951,青椒土豆丝,2
951,酸菜鱼,2
951,香菇青菜,5
951,宫保鸡丁,4
951,麻婆豆腐,1
951,干锅菜花,2
951,木耳炒肉,1
951,酸辣土豆丝,3
952,宫保鸡丁,3
952,土豆烧牛肉,3
952,白切鸡,2
952,酸辣土豆丝,5
952,西红柿鸡蛋汤,3
952,青椒土豆丝,1
952,鱼香肉丝,2
952,冬瓜排骨汤,3
952,回锅肉,4
952,麻婆豆腐,5
952,糖醋里脊,3
952,干煸豆角,5
952,木耳炒肉,1
952,葱爆羊肉,3
952,烧茄子,3
952,蒜蓉西兰花,1
952,辣子鸡,4
952,手撕包菜,2
952,干锅菜花,3
952,京酱肉丝,4
952,地三鲜,4
952,酸菜鱼,3
952,香菇青菜,5
952,韭菜炒鸡蛋,1
953,酸菜鱼,3
953,香菇青菜,3
953,烧茄子,2
953,冬瓜排骨汤,1
953,青椒土豆丝,2
953,红烧排骨,1
953,回锅肉,3
953,干煸豆角,5
953,鱼香肉丝,5
953,紫菜蛋花汤,2
953,手撕包菜,3
953,土豆烧牛肉,5
953,宫保鸡丁,3
953,红烧肉,5
953,葱爆羊肉,1
953,韭菜炒鸡蛋,4
953,麻婆豆腐,2
953,地三鲜,3
953,辣子鸡,2
954,青椒土豆丝,5
954,水煮鱼,4
955,干锅菜花,5
955,香菇青菜,5
955,辣子鸡,2
955,土豆烧牛肉,5
955,葱爆羊肉,3
955,紫菜蛋花汤,5
955,地三鲜,4
955,白切鸡,5
955,酸辣土豆丝,3
955,水煮鱼,1
955,冬瓜排骨汤,5
955,麻婆豆腐,4
955,蒜蓉西兰花,2
955,蚝油生菜,2
955,回锅肉,2
955,手撕包菜,2
955,酸菜鱼,4
955,西红柿鸡蛋汤,1
955,干煸豆角,3
955,红烧排骨,5
955,烧茄子,4
955,鱼香肉丝,5
956,回锅肉,1
956,番茄炒蛋,4
956,干锅菜花,5
956,葱爆羊肉,5
956,香菇青菜,2
956,辣子鸡,3
956,蒜蓉西兰花,2
956,糖醋里脊,4
956,水煮鱼,3
956,冬瓜排骨汤,3
956,韭菜炒鸡蛋,5
956,鱼香肉丝,3
956,京酱肉丝,4
956,土豆烧牛肉,5
956,西红柿鸡蛋汤,5
956,木耳炒肉,5
956,手撕包菜,1
956,干煸豆角,4
956,酸菜鱼,2
956,地三鲜,2
956,宫保鸡丁,2
956,蚝油生菜,4
956,烧茄子,2
956,白切鸡,2
956,红烧肉,4
957,干锅菜花,1
957,白切鸡,2
957,蒜蓉西兰花,2
957,红烧排骨,2
958,干煸豆角,5
958,木耳炒肉,3
958,红烧排骨,3
958,宫保鸡丁,1
958,西红柿鸡蛋汤,4
958,韭菜炒鸡蛋,4
958,葱爆羊肉,4
958,酸菜鱼,3
958,回锅肉,3
958,土豆烧牛肉,2
958,干锅菜花,5
958,蚝油生菜,5
958,烧茄子,1
958,紫菜蛋花汤,5
958,白切鸡,5
958,青椒土豆丝,5
959,宫保鸡丁,4
959,木耳炒肉,5
959,干锅菜花,2
959,酸辣土豆丝,5
959,糖醋里脊,3
959,冬瓜排骨汤,5
959,蒜蓉西兰花,5
959,麻婆豆腐,4
959,地三鲜,4
959,红烧排骨,2
959,韭菜炒鸡蛋,5
959,酸菜鱼,1
959,香菇青菜,2
959,紫菜蛋花汤,1
959,辣子鸡,4
959,番茄炒蛋,4
959,回锅肉,1
959,土豆烧牛肉,2
959,干煸豆角,2
959,烧茄子,5
959,蚝油生菜,4
959,白切鸡,1
960,水煮鱼,3
960,烧茄子,1
960,蚝油生菜,5
960,干煸豆角,5
960,白切鸡,1
960,鱼香肉丝,2
961,烧茄子,1
961,蚝油生菜,1
961,土豆烧牛肉,4
961,蒜蓉西兰花,5
961,紫菜蛋花汤,2
961,京酱肉丝,2
961,西红柿鸡蛋汤,4
961,水煮鱼,2
961,木耳炒肉,5
961,红烧肉,5
961,鱼香肉丝,2
961,香菇青菜,4
961,白切鸡,5
961,手撕包菜,5
961,干煸豆角,2
961,地三鲜,2
961,红烧排骨,3
961,辣子鸡,5
961,冬瓜排骨汤,4
962,辣子鸡,4
962,白切鸡,2
962,干锅菜花,1
962,宫保鸡丁,2
962,青椒土豆丝,2
962,韭菜炒鸡蛋,1
962,酸菜鱼,3
962,木耳炒肉,3
962,葱爆羊肉,3
962,香菇青菜,1
962,酸辣土豆丝,3
962,冬瓜排骨汤,4
962,蒜蓉西兰花,1
962,干煸豆角,3
962,蚝油生菜,2
962,水煮鱼,1
962,番茄炒蛋,5
962,土豆烧牛肉,4
962,地三鲜,5
962,烧茄子,5
962,鱼香肉丝,2
962,西红柿鸡蛋汤,5
963,韭菜炒鸡蛋,2
963,木耳炒肉,1
963,回锅肉,1
963,冬瓜排骨汤,3
963,宫保鸡丁,1
963,辣子鸡,3
963,地三鲜,4
963,蒜蓉西兰花,1
963,土豆烧牛肉,1
964,红烧肉,2
964,青椒土豆丝,3
964,烧茄子,3
964,蚝油生菜,3
964,酸菜鱼,4
964,宫保鸡丁,5
964,糖醋里脊,3
964,京酱肉丝,3
964,土豆烧牛肉,4
964,干锅菜花,4
964,水煮鱼,5
964,木耳炒肉,3
964,韭菜炒鸡蛋,1
964,麻婆豆腐,2
964,手撕包菜,4
964,辣子鸡,4
964,红烧排骨,3
964,西红柿鸡蛋汤,1
964,干煸豆角,1
964,冬瓜排骨汤,4
964,地三鲜,2
964,回锅肉,2
964,鱼香肉丝,5
964,酸辣土豆丝,3
964,香菇青菜,4
965,手撕包菜,5
965,香菇青菜,4
965,蒜蓉西兰花,3
965,干煸豆角,4
965,糖醋里脊,2
965,水煮鱼,5
965,地三鲜,2
966,干锅菜花,4
966,青椒土豆丝,3
966,水煮鱼,1
966,蒜蓉西兰花,5
966,京酱肉丝,3
966,土豆烧牛肉,3
966,酸辣土豆丝,5
966,糖醋里脊,2
966,宫保鸡丁,5
966,红烧肉,4
966,红烧排骨,4
966,麻婆豆腐,1
966,酸菜鱼,4
966,地三鲜,2
966,辣子鸡,3
966,手撕包菜,3
966,白切鸡,4
966,冬瓜排骨汤,4
966,蚝油生菜,3
966,葱爆羊肉,4
966,烧茄子,2
966,干煸豆角,1
967,酸辣土豆丝,4
967,烧茄子,1
967,红烧排骨,4
967,地三鲜,1
967,土豆烧牛肉,3
967,辣子鸡,1
967,西红柿鸡蛋汤,2
967,麻婆豆腐,2
967,紫菜蛋花汤,1
967,香菇青菜,5
967,回锅肉,1
967,水煮鱼,4
968,土豆烧牛肉,2
968,麻婆豆腐,5
968,烧茄子,2
968,木耳炒肉,5
968,辣子鸡,4
968,水煮鱼,3
968,青椒土豆丝,2
968,蚝油生菜,2
968,回锅肉,1
968,香菇青菜,2
968,京酱肉丝,4
968,宫保鸡丁,3
968,干煸豆角,1
968,糖醋里脊,5
968,冬瓜排骨汤,5
968,白切鸡,4
968,酸辣土豆丝,2
968,红烧肉,1
968,鱼香肉丝,5
969,糖醋里脊,1
969,葱爆羊肉,2
969,京酱肉丝,4
969,干锅菜花,4
969,木耳炒肉,5
969,水煮鱼,2
969,白切鸡,4
969,冬瓜排骨汤,4
969,西红柿鸡蛋汤,3
969,干煸豆角,5
969,烧茄子,1
969,麻婆豆腐,1
969,鱼香肉丝,4
969,红烧肉,4
969,酸菜鱼,5
969,地三鲜,1
969,紫菜蛋花汤,3
969,手撕包菜,2
969,蒜蓉西兰花,3
969,红烧排骨,3
969,土豆烧牛肉,4
969,香菇青菜,1
969,回锅肉,3
969,宫保鸡丁,3
969,番茄炒蛋,1
969,酸辣土豆丝,5
969,青椒土豆丝,2
969,韭菜炒鸡蛋,2
969,辣子鸡,2
970,冬瓜排骨汤,3
970,地三鲜,3
970,麻婆豆腐,5
970,干锅菜花,2
970,辣子鸡,2
970,京酱肉丝,4
970,西红柿鸡蛋汤,4
970,葱爆羊肉,4
970,蚝油生菜,3
970,红烧肉,1
970,手撕包菜,3
970,宫保鸡丁,5
970,水煮鱼,1
970,白切鸡,1
970,青椒土豆丝,2
970,香菇青菜,5
970,蒜蓉西兰花,3
970,紫菜蛋花汤,1
970,糖醋里脊,2
970,土豆烧牛肉,3
970,红烧排骨,3
970,番茄炒蛋,1
970,酸辣土豆丝,2
970,烧茄子,3
970,回锅肉,3
971,回锅肉,3
971,西红柿鸡蛋汤,4
971,土豆烧牛肉,3
971,京酱肉丝,5
971,香菇青菜,2
971,红烧肉,2
971,番茄炒蛋,3
971,冬瓜排骨汤,1
971,韭菜炒鸡蛋,1
971,青椒土豆丝,3
971,红烧排骨,5
971,鱼香肉丝,4
971,辣子鸡,5
971,蚝油生菜,5
971,烧茄子,4
971,水煮鱼,5
971,宫保鸡丁,3
971,手撕包菜,2
971,酸辣土豆丝,1
971,木耳炒肉,2
971,糖醋里脊,1
971,葱爆羊肉,3
972,红烧排骨,3
973,青椒土豆丝,5
973,干锅菜花,3
973,香菇青菜,5
973,烧茄子,1
973,葱爆羊肉,1
973,蚝油生菜,1
973,水煮鱼,5
973,蒜蓉西兰花,4
973,糖醋里脊,2
973,宫保鸡丁,1
974,糖醋里脊,5
974,红烧排骨,4
974,麻婆豆腐,2
974,酸菜鱼,1
974,冬瓜排骨汤,1
974,蚝油生菜,4
974,回锅肉,5
974,青椒土豆丝,1
974,葱爆羊肉,5
974,香菇青菜,4
975,宫保鸡丁,5
975,白切鸡,3
975,干煸豆角,4
975,京酱肉丝,3
976,酸菜鱼,4
976,手撕包菜,5
976,干锅菜花,1
976,木耳炒肉,2
976,宫保鸡丁,4
977,红烧排骨,2
977,干煸豆角,3
977,糖醋里脊,1
977,青椒土豆丝,1
977,蚝油生菜,3
977,酸辣土豆丝,2
977,麻婆豆腐,1
977,地三鲜,4
977,回锅肉,4
977,番茄炒蛋,4
977,冬瓜排骨汤,1
977,鱼香肉丝,1
977,京酱肉丝,3
977,宫保鸡丁,1
977,蒜蓉西兰花,3
977,手撕包菜,3
977,水煮鱼,5
977,紫菜蛋花汤,5
977,干锅菜花,2
977,西红柿鸡蛋汤,1
977,白切鸡,1
977,烧茄子,4
977,酸菜鱼,4
977,木耳炒肉,2
977,土豆烧牛肉,2
977,韭菜炒鸡蛋,5
977,香菇青菜,2
978,红烧肉,2
978,冬瓜排骨汤,5
978,回锅肉,2
978,宫保鸡丁,2
978,酸菜鱼,2
979,地三鲜,2
979,京酱肉丝,1
980,干煸豆角,1
980,酸辣土豆丝,1
980,白切鸡,1
980,手撕包菜,2
981,土豆烧牛肉,2
981,辣子鸡,3
981,糖醋里脊,2
981,青椒土豆丝,5
981,红烧排骨,4
981,水煮鱼,1
981,冬瓜排骨汤,2
981,木耳炒肉,2
981,烧茄子,2
982,白切鸡,5
982,回锅肉,5
982,酸菜鱼,4
982,木耳炒肉,4
982,葱爆羊肉,2
982,干煸豆角,3
982,辣子鸡,2
982,冬瓜排骨汤,1
982,红烧肉,5
982,糖醋里脊,3
982,酸辣土豆丝,2
982,番茄炒蛋,4
982,蒜蓉西兰花,4
982,京酱肉丝,4
982,紫菜蛋花汤,2
982,土豆烧牛肉,3
982,干锅菜花,5
982,手撕包菜,5
982,香菇青菜,3
982,青椒土豆丝,2
982,烧茄子,5
982,鱼香肉丝,4
982,麻婆豆腐,2
982,韭菜炒鸡蛋,3
983,木耳炒肉,4
983,手撕包菜,4
983,麻婆豆腐,2
983,酸菜鱼,3
983,韭菜炒鸡蛋,2
983,番茄炒蛋,5
983,京酱肉丝,1
983,酸辣土豆丝,5
983,地三鲜,4
983,紫菜蛋花汤,4
983,红烧排骨,3
983,冬瓜排骨汤,1
983,回锅肉,3
984,蚝油生菜,2
984,地三鲜,3
984,青椒土豆丝,2
984,冬瓜排骨汤,5
984,京酱肉丝,5
984,红烧排骨,4
984,韭菜炒鸡蛋,2
984,西红柿鸡蛋汤,5
984,番茄炒蛋,5
984,辣子鸡,3
984,干锅菜花,2
984,回锅肉,2
984,紫菜蛋花汤,3
984,葱爆羊肉,2
984,酸菜鱼,4
984,香菇青菜,4
985,红烧肉,4
985,辣子鸡,5
985,水煮鱼,3
985,酸菜鱼,5
985,香菇青菜,4
985,麻婆豆腐,2
985,番茄炒蛋,5
985,烧茄子,1
985,干锅菜花,4
985,韭菜炒鸡蛋,1
985,葱爆羊肉,4
985,糖醋里脊,5
985,土豆烧牛肉,2
985,青椒土豆丝,3
985,木耳炒肉,5
985,紫菜蛋花汤,4
985,冬瓜排骨汤,5
985,蚝油生菜,2
985,干煸豆角,5
986,手撕包菜,4
986,西红柿鸡蛋汤,1
986,紫菜蛋花汤,1
986,土豆烧牛肉,2
986,蚝油生菜,1
986,干煸豆角,4
986,麻婆豆腐,2
986,葱爆羊肉,4
986,水煮鱼,2
986,地三鲜,4
986,青椒土豆丝,1
986,蒜蓉西兰花,4
986,酸辣土豆丝,2
986,冬瓜排骨汤,1
986,京酱肉丝,1
986,干锅菜花,3
986,香菇青菜,5
986,回锅肉,5
986,酸菜鱼,4
986,红烧排骨,4
987,西红柿鸡蛋汤,3
987,韭菜炒鸡蛋,4
987,鱼香肉丝,4
987,土豆烧牛肉,2
987,红烧肉,3
987,京酱肉丝,3
987,酸辣土豆丝,2
987,回锅肉,5
987,红烧排骨,2
987,糖醋里脊,4
987,水煮鱼,3
987,蚝油生菜,3
987,白切鸡,4
987,辣子鸡,2
987,手撕包菜,2
987,香菇青菜,5
987,木耳炒肉,1
987,蒜蓉西兰花,4
988,酸辣土豆丝,5
988,紫菜蛋花汤,3
988,红烧排骨,1
988,冬瓜排骨汤,2
988,蚝油生菜,4
989,红烧排骨,1
989,回锅肉,1
989,蒜蓉西兰花,4
989,干煸豆角,1
989,麻婆豆腐,2
989,木耳炒肉,3
989,水煮鱼,5
989,番茄炒蛋,1
989,烧茄子,1
989,葱爆羊肉,4
989,京酱肉丝,2
989,辣子鸡,5
989,干锅菜花,5
989,蚝油生菜,3
989,手撕包菜,5
989,青椒土豆丝,1
989,酸菜鱼,1
989,鱼香肉丝,2
989,糖醋里脊,2
989,香菇青菜,2
989,西红柿鸡蛋汤,3
989,酸辣土豆丝,3
989,紫菜蛋花汤,2
989,冬瓜排骨汤,4
989,宫保鸡丁,4
989,红烧肉,4
989,白切鸡,2
990,回锅肉,1
990,土豆烧牛肉,3
990,蚝油生菜,5
990,水煮鱼,5
990,辣子鸡,1
990,宫保鸡丁,1
990,红烧排骨,1
990,西红柿鸡蛋汤,3
990,紫菜蛋花汤,2
990,麻婆豆腐,1
990,手撕包菜,2
990,烧茄子,5
990,葱爆羊肉,5
990,香菇青菜,4
990,糖醋里脊,4
990,鱼香肉丝,1
990,白切鸡,4
990,红烧肉,5
990,干煸豆角,1
990,韭菜炒鸡蛋,1
990,酸菜鱼,5
990,蒜蓉西兰花,5
991,青椒土豆丝,2
991,辣子鸡,1
992,手撕包菜,3
992,糖醋里脊,4
992,回锅肉,1
992,蒜蓉西兰花,1
992,酸辣土豆丝,4
992,酸菜鱼,1
992,辣子鸡,2
992,土豆烧牛肉,2
992,冬瓜排骨汤,1
992,红烧肉,5
992,宫保鸡丁,3
992,西红柿鸡蛋汤,1
992,紫菜蛋花汤,2
992,红烧排骨,3
992,麻婆豆腐,4
992,木耳炒肉,1
992,鱼香肉丝,2
992,地三鲜,5
992,青椒土豆丝,5
992,蚝油生菜,1
992,白切鸡,3
992,京酱肉丝,1
992,韭菜炒鸡蛋,1
992,干煸豆角,2
992,烧茄子,5
992,水煮鱼,4
992,葱爆羊肉,3
992,番茄炒蛋,3
993,紫菜蛋花汤,5
993,香菇青菜,2
993,韭菜炒鸡蛋,4
993,麻婆豆腐,4
993,手撕包菜,5
994,香菇青菜,3
994,京酱肉丝,5
994,辣子鸡,1
994,葱爆羊肉,4
994,糖醋里脊,1
994,白切鸡,5
994,麻婆豆腐,3
994,青椒土豆丝,2
994,土豆烧牛肉,2
994,酸辣土豆丝,2
994,宫保鸡丁,1
994,紫菜蛋花汤,3
995,西红柿鸡蛋汤,4
995,宫保鸡丁,5
995,麻婆豆腐,4
995,韭菜炒鸡蛋,2
995,青椒土豆丝,4
995,冬瓜排骨汤,1
995,酸菜鱼,4
995,糖醋里脊,5
995,酸辣土豆丝,3
995,紫菜蛋花汤,3
996,番茄炒蛋,3
996,酸菜鱼,3
996,紫菜蛋花汤,4
996,手撕包菜,1
996,烧茄子,4
996,香菇青菜,5
996,酸辣土豆丝,5
996,辣子鸡,5
996,麻婆豆腐,5
996,鱼香肉丝,3
996,红烧肉,5
997,紫菜蛋花汤,3
997,地三鲜,4
997,葱爆羊肉,2
997,京酱肉丝,3
997,白切鸡,3
997,辣子鸡,5
997,蒜蓉西兰花,3
997,红烧排骨,2
997,蚝油生菜,2
997,青椒土豆丝,4
997,宫保鸡丁,1
997,鱼香肉丝,4
997,西红柿鸡蛋汤,2
997,水煮鱼,4
997,酸菜鱼,4
997,糖醋里脊,2
997,烧茄子,3
998,地三鲜,2
998,鱼香肉丝,1
998,回锅肉,4
998,京酱肉丝,5
998,西红柿鸡蛋汤,4
998,香菇青菜,2
998,蚝油生菜,3
998,干煸豆角,1
998,宫保鸡丁,5
998,麻婆豆腐,4
998,辣子鸡,1
998,冬瓜排骨汤,1
998,水煮鱼,1
999,木耳炒肉,3
999,葱爆羊肉,2
999,西红柿鸡蛋汤,2
999,土豆烧牛肉,2
999,白切鸡,2
999,宫保鸡丁,5
999,干煸豆角,2
999,回锅肉,2
999,水煮鱼,2
999,香菇青菜,5
999,红烧肉,2
999,紫菜蛋花汤,3
999,蚝油生菜,1
999,鱼香肉丝,5
999,烧茄子,3
999,糖醋里脊,4
999,麻婆豆腐,3
999,酸辣土豆丝,2
999,韭菜炒鸡蛋,5
999,手撕包菜,2
999,酸菜鱼,3
1000,红烧排骨,1
1000,白切鸡,3
1000,辣子鸡,2
1000,宫保鸡丁,3
1000,鱼香肉丝,4
1000,回锅肉,2
1000,麻婆豆腐,2
1000,木耳炒肉,5
1000,土豆烧牛肉,5
1000,手撕包菜,2
1000,干锅菜花,1
1000,水煮鱼,4
1000,青椒土豆丝,3
1000,地三鲜,1
1000,紫菜蛋花汤,3
1000,蒜蓉西兰花,4
1000,韭菜炒鸡蛋,5
1000,香菇青菜,1
1000,番茄炒蛋,5
1000,酸菜鱼,4
1001,青椒土豆丝,2
1001,鱼香肉丝,5
1001,红烧肉,1
1001,土豆烧牛肉,3
1001,西红柿鸡蛋汤,3
1001,麻婆豆腐,4
1001,蚝油生菜,5
1001,辣子鸡,4
1001,水煮鱼,4
1001,白切鸡,3
1001,韭菜炒鸡蛋,2
1001,酸菜鱼,5
1001,紫菜蛋花汤,1
1001,烧茄子,2
1001,手撕包菜,1
1001,蒜蓉西兰花,5
1001,番茄炒蛋,5
1002,青椒土豆丝,3
1002,鱼香肉丝,2
1002,京酱肉丝,4
1002,紫菜蛋花汤,5
1002,手撕包菜,5
1002,地三鲜,1
1002,香菇青菜,3
1002,土豆烧牛肉,3
1002,烧茄子,5
1002,西红柿鸡蛋汤,3
1002,木耳炒肉,3
1002,干锅菜花,4
1002,韭菜炒鸡蛋,3
1002,水煮鱼,5
1002,红烧肉,5
1002,宫保鸡丁,3
1002,蒜蓉西兰花,1
1002,酸菜鱼,5
1002,辣子鸡,3
1002,白切鸡,2
1003,西红柿鸡蛋汤,1
1003,酸辣土豆丝,4
1003,鱼香肉丝,3
1003,木耳炒肉,4
1003,葱爆羊肉,4
1003,白切鸡,2
1003,蚝油生菜,2
1003,红烧排骨,4
1003,烧茄子,3
1003,宫保鸡丁,3
1003,辣子鸡,4
1003,地三鲜,1
1003,红烧肉,1
1003,蒜蓉西兰花,4
1003,紫菜蛋花汤,3
1003,冬瓜排骨汤,2
1003,糖醋里脊,4
1003,干煸豆角,4
1003,韭菜炒鸡蛋,1
1004,葱爆羊肉,2
1004,干煸豆角,3
1004,土豆烧牛肉,2
1004,麻婆豆腐,1
1004,辣子鸡,5
1004,红烧排骨,3
1004,冬瓜排骨汤,2
1004,宫保鸡丁,4
1005,京酱肉丝,3
1005,白切鸡,5
1005,西红柿鸡蛋汤,1
1005,番茄炒蛋,1
1005,烧茄子,3
1005,冬瓜排骨汤,1
1005,紫菜蛋花汤,4
1005,辣子鸡,2
1005,回锅肉,3
1005,韭菜炒鸡蛋,1
1005,干锅菜花,3
1005,香菇青菜,3
1005,木耳炒肉,2
1005,酸菜鱼,4
1005,鱼香肉丝,5
1005,干煸豆角,1
1005,红烧肉,3
1005,蒜蓉西兰花,5
1005,麻婆豆腐,3
1005,水煮鱼,3
1005,地三鲜,4
1005,葱爆羊肉,3
1005,蚝油生菜,5
1005,宫保鸡丁,1
1006,番茄炒蛋,2
1006,木耳炒肉,2
1006,香菇青菜,2
1006,红烧排骨,2
1006,蚝油生菜,5
1006,京酱肉丝,3
1006,鱼香肉丝,5
1006,紫菜蛋花汤,3
1006,回锅肉,3
1006,韭菜炒鸡蛋,2
1006,地三鲜,2
1006,干锅菜花,1
1006,宫保鸡丁,3
1007,土豆烧牛肉,5
1007,蚝油生菜,2
1007,红烧肉,2
1007,蒜蓉西兰花,1
1007,京酱肉丝,3
1007,青椒土豆丝,1
1007,宫保鸡丁,4
1007,回锅肉,4
1007,鱼香肉丝,5
1007,冬瓜排骨汤,2
1007,白切鸡,1
1007,葱爆羊肉,3
1007,西红柿鸡蛋汤,2
1007,番茄炒蛋,5
1007,麻婆豆腐,2
1007,手撕包菜,4
1007,香菇青菜,4
1007,酸辣土豆丝,5
1007,干锅菜花,2
1007,烧茄子,4
1007,红烧排骨,1
1008,青椒土豆丝,3
1008,红烧肉,5
1008,木耳炒肉,3
1008,地三鲜,1
1008,手撕包菜,2
1008,宫保鸡丁,2
1008,糖醋里脊,1
1008,水煮鱼,4
1008,紫菜蛋花汤,1
1008,红烧排骨,5
1008,番茄炒蛋,1
1008,蒜蓉西兰花,1
1008,蚝油生菜,5
1009,烧茄子,4
1009,青椒土豆丝,1
1009,糖醋里脊,5
1009,地三鲜,1
1009,白切鸡,1
1009,西红柿鸡蛋汤,1
1009,香菇青菜,1
1009,蚝油生菜,2
1010,红烧排骨,1
1010,烧茄子,3
1010,酸菜鱼,3
1010,葱爆羊肉,2
1010,水煮鱼,2
1010,京酱肉丝,2
1010,红烧肉,1
1010,番茄炒蛋,4
1010,冬瓜排骨汤,4
1010,手撕包菜,4
1010,回锅肉,5
1010,香菇青菜,1
1010,麻婆豆腐,3
1010,蒜蓉西兰花,3
1010,地三鲜,4
1010,韭菜炒鸡蛋,3
1010,辣子鸡,4
1010,酸辣土豆丝,3
1010,鱼香肉丝,2
1010,青椒土豆丝,4
1010,木耳炒肉,1
1010,土豆烧牛肉,1
1010,蚝油生菜,5
1011,手撕包菜,4
1011,地三鲜,4
1011,糖醋里脊,4
1011,干煸豆角,4
1011,白切鸡,3
1011,韭菜炒鸡蛋,1
1011,水煮鱼,3
1011,麻婆豆腐,2
1011,木耳炒肉,4
1011,干锅菜花,4
1012,红烧肉,5
1012,鱼香肉丝,2
1012,蚝油生菜,5
1013,木耳炒肉,3
1013,韭菜炒鸡蛋,4
1013,烧茄子,5
1014,葱爆羊肉,1
1014,干煸豆角,5
1015,红烧肉,1
1015,青椒土豆丝,1
1016,香菇青菜,2
1016,烧茄子,2
1016,土豆烧牛肉,2
1016,干煸豆角,2
1016,干锅菜花,4
1016,鱼香肉丝,1
1016,京酱肉丝,5
1016,西红柿鸡蛋汤,3
1016,紫菜蛋花汤,5
1016,韭菜炒鸡蛋,2
1016,葱爆羊肉,1
1016,糖醋里脊,2
1016,酸菜鱼,4
1017,烧茄子,2
1017,蒜蓉西兰花,1
1017,酸辣土豆丝,2
1017,辣子鸡,2
1017,紫菜蛋花汤,3
1017,西红柿鸡蛋汤,4
1017,地三鲜,3
1017,葱爆羊肉,5
1017,青椒土豆丝,5
1017,香菇青菜,4
1017,麻婆豆腐,4
1017,白切鸡,5
1017,木耳炒肉,2
1017,红烧肉,2
1017,土豆烧牛肉,4
1017,水煮鱼,5
1017,鱼香肉丝,3
1017,韭菜炒鸡蛋,1
1017,京酱肉丝,4
1017,干锅菜花,5
1017,干煸豆角,2
1017,番茄炒蛋,4
1017,酸菜鱼,4
1017,手撕包菜,3
1017,糖醋里脊,5
1017,回锅肉,1
1017,宫保鸡丁,3
1018,糖醋里脊,4
1018,蒜蓉西兰花,3
1018,红烧肉,4
1018,宫保鸡丁,3
1018,水煮鱼,4
1018,蚝油生菜,5
1018,回锅肉,4
1018,干煸豆角,4
1018,鱼香肉丝,3
1018,京酱肉丝,5
1018,地三鲜,4
1018,番茄炒蛋,5
1018,葱爆羊肉,3
1018,烧茄子,5
1018,辣子鸡,4
1018,麻婆豆腐,2
1018,紫菜蛋花汤,2
1018,青椒土豆丝,3
1018,手撕包菜,5
1018,红烧排骨,3
1018,木耳炒肉,3
1018,干锅菜花,1
1018,西红柿鸡蛋汤,1
1018,香菇青菜,3
1018,酸辣土豆丝,4
1018,酸菜鱼,2
1018,冬瓜排骨汤,3
1018,韭菜炒鸡蛋,1
1018,白切鸡,4
1019,红烧肉,3
1019,红烧排骨,1
1019,葱爆羊肉,5
1019,酸菜鱼,4
1019,京酱肉丝,5
1019,土豆烧牛肉,2
1019,木耳炒肉,3
1019,水煮鱼,3
1019,紫菜蛋花汤,2
1019,宫保鸡丁,1
1019,冬瓜排骨汤,2
1019,干煸豆角,5
1019,干锅菜花,1
1019,白切鸡,3
1019,香菇青菜,4
1019,麻婆豆腐,3
1019,辣子鸡,1
1019,韭菜炒鸡蛋,2
1019,地三鲜,2
1020,糖醋里脊,5
1020,辣子鸡,2
1020,香菇青菜,1
1020,干锅菜花,3
1020,土豆烧牛肉,4
1020,韭菜炒鸡蛋,5
1020,手撕包菜,2
1020,干煸豆角,2
1020,鱼香肉丝,2
1020,西红柿鸡蛋汤,4
1020,地三鲜,2
1020,冬瓜排骨汤,1
1020,木耳炒肉,5
1020,红烧肉,3
1020,白切鸡,3
1020,宫保鸡丁,1
1020,葱爆羊肉,4
1020,回锅肉,4
1020,蒜蓉西兰花,4
1020,酸菜鱼,4
1020,酸辣土豆丝,1
1020,青椒土豆丝,4
1020,烧茄子,2
1020,蚝油生菜,4
1020,紫菜蛋花汤,2
1020,红烧排骨,2
1021,冬瓜排骨汤,5
1021,蚝油生菜,4
1021,西红柿鸡蛋汤,1
1021,蒜蓉西兰花,5
1021,葱爆羊肉,2
1021,糖醋里脊,5
1021,鱼香肉丝,5
1021,水煮鱼,4
1021,麻婆豆腐,4
1021,红烧肉,1
1021,烧茄子,2
1021,酸辣土豆丝,4
1021,宫保鸡丁,1
1021,木耳炒肉,3
1021,辣子鸡,3
1021,回锅肉,5
1021,白切鸡,3
1021,干煸豆角,4
1021,手撕包菜,5
1021,紫菜蛋花汤,2
1021,干锅菜花,1
1021,韭菜炒鸡蛋,5
1021,香菇青菜,3
1021,地三鲜,4
1021,土豆烧牛肉,3
1021,青椒土豆丝,5
1021,酸菜鱼,1
1021,京酱肉丝,1
1022,糖醋里脊,3
1022,红烧肉,1
1022,回锅肉,1
1022,白切鸡,3
1022,地三鲜,1
1022,手撕包菜,3
1022,麻婆豆腐,2
1022,红烧排骨,1
1022,紫菜蛋花汤,3
1022,蚝油生菜,4
1022,宫保鸡丁,4
1022,鱼香肉丝,5
1022,酸辣土豆丝,3
1022,水煮鱼,1
1022,酸菜鱼,2
1022,西红柿鸡蛋汤,3
1022,干煸豆角,2
1022,木耳炒肉,5
1022,青椒土豆丝,1
1022,番茄炒蛋,3
1022,冬瓜排骨汤,5
1022,韭菜炒鸡蛋,2
1022,辣子鸡,4
1022,京酱肉丝,3
1022,干锅菜花,4
1022,香菇青菜,3
1022,烧茄子,3
1022,葱爆羊肉,5
1023,糖醋里脊,5
1023,宫保鸡丁,1
1024,紫菜蛋花汤,4
1024,京酱肉丝,3
1024,蒜蓉西兰花,4
1024,酸菜鱼,1
1025,木耳炒肉,1
1025,紫菜蛋花汤,4
1025,干锅菜花,1
1025,土豆烧牛肉,1
1025,回锅肉,3
1025,宫保鸡丁,5
1025,麻婆豆腐,4
1025,白切鸡,4
1025,手撕包菜,5
1025,红烧肉,4
1025,冬瓜排骨汤,1
1025,水煮鱼,1
1025,京酱肉丝,5
1025,蒜蓉西兰花,5
1025,糖醋里脊,4
1025,青椒土豆丝,4
1026,地三鲜,3
1026,红烧排骨,5
1026,酸辣土豆丝,2
1026,韭菜炒鸡蛋,3
1026,蒜蓉西兰花,2
1026,糖醋里脊,3
1026,干煸豆角,3
1026,手撕包菜,5
1026,番茄炒蛋,1
1026,葱爆羊肉,5
1026,麻婆豆腐,3
1026,香菇青菜,4
1026,宫保鸡丁,3
1026,酸菜鱼,4
1026,鱼香肉丝,2
1027,地三鲜,4
1027,青椒土豆丝,3
1027,紫菜蛋花汤,5
1027,西红柿鸡蛋汤,1
1027,木耳炒肉,1
1027,红烧排骨,3
1027,烧茄子,5
1027,手撕包菜,3
1027,蒜蓉西兰花,4
1027,番茄炒蛋,4
1027,辣子鸡,5
1027,酸辣土豆丝,4
1027,京酱肉丝,5
1027,土豆烧牛肉,2
1027,红烧肉,1
1027,宫保鸡丁,2
1027,蚝油生菜,1
1027,干煸豆角,2
1028,蒜蓉西兰花,3
1028,酸菜鱼,4
1028,糖醋里脊,1
1028,番茄炒蛋,2
1028,干锅菜花,1
1028,木耳炒肉,5
1028,香菇青菜,4
1028,京酱肉丝,2
1028,葱爆羊肉,1
1028,红烧排骨,5
1028,土豆烧牛肉,5
1028,青椒土豆丝,4
1028,回锅肉,2
1028,西红柿鸡蛋汤,1
1028,麻婆豆腐,4
1028,紫菜蛋花汤,2
1028,手撕包菜,5
1028,韭菜炒鸡蛋,2
1028,地三鲜,4
1028,鱼香肉丝,4
1028,酸辣土豆丝,4
1028,干煸豆角,4
1028,辣子鸡,1
1028,冬瓜排骨汤,1
1028,红烧肉,5
1028,烧茄子,3
1029,酸菜鱼,5
1029,红烧肉,4
1029,韭菜炒鸡蛋,2
1029,酸辣土豆丝,1
1029,香菇青菜,5
1030,鱼香肉丝,1
1030,干锅菜花,2
1031,宫保鸡丁,3
1031,木耳炒肉,2
1031,红烧肉,2
1032,干煸豆角,4
1032,辣子鸡,1
1032,香菇青菜,5
1032,糖醋里脊,4
1032,紫菜蛋花汤,1
1032,宫保鸡丁,5
1032,地三鲜,5
1032,蚝油生菜,4
1032,冬瓜排骨汤,1
1032,干锅菜花,4
1033,韭菜炒鸡蛋,5
1033,白切鸡,2
1033,葱爆羊肉,2
1033,地三鲜,3
1033,手撕包菜,3
1033,京酱肉丝,1
1033,蚝油生菜,1
1033,干锅菜花,5
1033,冬瓜排骨汤,3
1033,辣子鸡,2
1033,宫保鸡丁,2
1033,酸辣土豆丝,3
1034,干煸豆角,4
1034,京酱肉丝,5
1034,韭菜炒鸡蛋,2
1034,地三鲜,2
1034,糖醋里脊,2
1035,麻婆豆腐,1
1035,红烧排骨,4
1035,紫菜蛋花汤,2
1035,手撕包菜,4
1035,回锅肉,1
1035,青椒土豆丝,1
1035,白切鸡,5
1035,韭菜炒鸡蛋,1
1035,鱼香肉丝,2
1035,干锅菜花,4
1035,干煸豆角,3
1035,地三鲜,5
1035,辣子鸡,5
1035,香菇青菜,2
1035,木耳炒肉,3
1035,糖醋里脊,4
1035,酸辣土豆丝,3
1035,京酱肉丝,5
1035,宫保鸡丁,4
1035,番茄炒蛋,5
1035,蒜蓉西兰花,2
1035,西红柿鸡蛋汤,2
1035,蚝油生菜,3
1035,冬瓜排骨汤,3
1035,葱爆羊肉,5
1035,酸菜鱼,5
1035,红烧肉,2
1036,香菇青菜,3
1036,西红柿鸡蛋汤,4
1036,麻婆豆腐,2
1036,白切鸡,5
1036,番茄炒蛋,4
1036,水煮鱼,4
1036,辣子鸡,3
1036,红烧排骨,2
1036,京酱肉丝,2
1036,紫菜蛋花汤,1
1036,韭菜炒鸡蛋,2
1036,冬瓜排骨汤,1
1037,韭菜炒鸡蛋,5
1037,红烧肉,2
1037,木耳炒肉,4
1037,干煸豆角,2
1037,葱爆羊肉,3
1037,蚝油生菜,1
1037,地三鲜,1
1037,西红柿鸡蛋汤,1
1037,蒜蓉西兰花,2
1037,紫菜蛋花汤,1
1037,辣子鸡,5
1037,京酱肉丝,4
1037,土豆烧牛肉,1
1037,酸菜鱼,1
1037,回锅肉,3
1037,手撕包菜,4
1038,鱼香肉丝,4
1038,酸菜鱼,5
1038,麻婆豆腐,2
1038,红烧排骨,1
1038,紫菜蛋花汤,1
1038,土豆烧牛肉,1
1038,西红柿鸡蛋汤,1
1038,回锅肉,1
1038,糖醋里脊,5
1038,红烧肉,1
1038,香菇青菜,5
1038,水煮鱼,5
1038,京酱肉丝,5
1038,干煸豆角,2
1038,宫保鸡丁,1
1038,干锅菜花,5
1038,酸辣土豆丝,4
1038,地三鲜,5
1038,手撕包菜,1
1038,木耳炒肉,1
1038,葱爆羊肉,3
1038,番茄炒蛋,5
1038,蒜蓉西兰花,1
1038,青椒土豆丝,2
1038,韭菜炒鸡蛋,5
1038,白切鸡,2
1039,韭菜炒鸡蛋,2
1039,回锅肉,1
1039,麻婆豆腐,3
1039,酸菜鱼,2
1039,土豆烧牛肉,4
1039,白切鸡,4
1039,番茄炒蛋,4
1039,手撕包菜,1
1039,干煸豆角,2
1039,宫保鸡丁,4
1039,紫菜蛋花汤,4
1040,土豆烧牛肉,2
1040,烧茄子,2
1040,鱼香肉丝,4
1040,蒜蓉西兰花,5
1040,蚝油生菜,1
1040,麻婆豆腐,3
1041,冬瓜排骨汤,5
1041,手撕包菜,3
1041,红烧排骨,2
1041,辣子鸡,1
1041,西红柿鸡蛋汤,5
1041,干锅菜花,5
1041,韭菜炒鸡蛋,1
1041,回锅肉,3
1041,蚝油生菜,2
1041,鱼香肉丝,4
1041,地三鲜,5
1041,青椒土豆丝,2
1041,麻婆豆腐,4
1041,土豆烧牛肉,4
1041,宫保鸡丁,3
1041,番茄炒蛋,1
1041,酸菜鱼,1
1041,酸辣土豆丝,4
1041,水煮鱼,4
1041,葱爆羊肉,4
1041,白切鸡,4
1041,烧茄子,1
1041,糖醋里脊,5
1041,木耳炒肉,4
1041,香菇青菜,4
1041,红烧肉,4
1041,紫菜蛋花汤,2
1041,蒜蓉西兰花,5
1042,蚝油生菜,5
1042,糖醋里脊,2
1042,葱爆羊肉,2
1042,青椒土豆丝,4
1042,冬瓜排骨汤,4
1042,土豆烧牛肉,4
1042,蒜蓉西兰花,4
1042,干煸豆角,5
1042,韭菜炒鸡蛋,5
1042,地三鲜,1
1042,鱼香肉丝,5
1042,麻婆豆腐,2
1042,京酱肉丝,4
1042,番茄炒蛋,4
1042,干锅菜花,1
1042,香菇青菜,4
1042,西红柿鸡蛋汤,3
1042,红烧排骨,2
1043,土豆烧牛肉,5
1043,烧茄子,1
1043,白切鸡,4
1043,干煸豆角,3
1043,韭菜炒鸡蛋,5
1043,紫菜蛋花汤,5
1044,蚝油生菜,5
1044,酸菜鱼,4
1044,红烧排骨,4
1044,土豆烧牛肉,4
1044,水煮鱼,2
1044,红烧肉,4
1044,西红柿鸡蛋汤,3
1044,酸辣土豆丝,5
1045,香菇青菜,4
1045,京酱肉丝,3
1045,辣子鸡,1
1045,鱼香肉丝,5
1045,土豆烧牛肉,5
1045,糖醋里脊,4
1045,蚝油生菜,1
1045,地三鲜,1
1045,酸辣土豆丝,3
1045,木耳炒肉,5
1045,酸菜鱼,4
1045,烧茄子,1
1045,麻婆豆腐,1
1045,冬瓜排骨汤,3
1045,水煮鱼,1
1045,西红柿鸡蛋汤,1
1045,青椒土豆丝,5
1045,宫保鸡丁,2
1045,手撕包菜,3
1045,番茄炒蛋,3
1045,葱爆羊肉,5
1045,回锅肉,2
1045,紫菜蛋花汤,5
1045,红烧肉,4
1045,红烧排骨,5
1045,干锅菜花,4
1045,干煸豆角,3
1046,干锅菜花,4
1046,宫保鸡丁,3
1046,烧茄子,2
1046,青椒土豆丝,5
1046,冬瓜排骨汤,1
1046,鱼香肉丝,4
1046,红烧肉,5
1046,红烧排骨,3
1046,糖醋里脊,2
1046,手撕包菜,2
1046,水煮鱼,2
1046,白切鸡,2
1046,酸辣土豆丝,2
1046,酸菜鱼,4
1046,蚝油生菜,5
1046,西红柿鸡蛋汤,2
1046,蒜蓉西兰花,1
1046,回锅肉,5
1046,干煸豆角,1
1046,葱爆羊肉,4
1046,香菇青菜,2
1047,宫保鸡丁,5
1047,鱼香肉丝,3
1047,蚝油生菜,4
1047,香菇青菜,4
1047,烧茄子,3
1047,糖醋里脊,1
1047,西红柿鸡蛋汤,4
1047,红烧肉,5
1047,回锅肉,4
1047,番茄炒蛋,2
1047,京酱肉丝,3
1047,葱爆羊肉,3
1047,韭菜炒鸡蛋,3
1047,干煸豆角,3
1047,干锅菜花,2
1047,冬瓜排骨汤,3
1047,水煮鱼,3
1047,青椒土豆丝,1
1047,地三鲜,3
1047,酸菜鱼,4
1047,土豆烧牛肉,4
1047,酸辣土豆丝,5
1047,木耳炒肉,5
1047,红烧排骨,4
1047,白切鸡,3
1047,蒜蓉西兰花,5
1047,麻婆豆腐,2
1047,紫菜蛋花汤,3
1047,手撕包菜,5
1048,蚝油生菜,5
1048,辣子鸡,4
1048,土豆烧牛肉,2
1048,酸辣土豆丝,4
1048,青椒土豆丝,4
1048,干煸豆角,2
1048,地三鲜,4
1049,木耳炒肉,1
1049,辣子鸡,5
1049,蒜蓉西兰花,5
1049,酸菜鱼,3
1049,青椒土豆丝,2
1049,红烧肉,2
1049,鱼香肉丝,4
1049,干煸豆角,5
1049,干锅菜花,5
1049,香菇青菜,2
1049,地三鲜,3
1049,冬瓜排骨汤,3
1049,烧茄子,2
1050,酸辣土豆丝,1
1050,葱爆羊肉,4
1050,白切鸡,4
1050,韭菜炒鸡蛋,2
1050,酸菜鱼,4
1050,土豆烧牛肉,2
1050,宫保鸡丁,5
1050,地三鲜,3
1050,鱼香肉丝,3
1050,辣子鸡,3
1050,蚝油生菜,1
1050,紫菜蛋花汤,2
1050,木耳炒肉,5
1050,红烧排骨,1
1050,番茄炒蛋,1
1050,回锅肉,4
1050,红烧肉,2
1050,糖醋里脊,3
1050,青椒土豆丝,5
1050,麻婆豆腐,3
1050,干煸豆角,1
1050,烧茄子,3
1050,手撕包菜,1
1050,蒜蓉西兰花,2
1050,冬瓜排骨汤,1
1050,京酱肉丝,3
1050,西红柿鸡蛋汤,3
1050,香菇青菜,1
1051,番茄炒蛋,1
1051,土豆烧牛肉,2
1051,水煮鱼,2
1051,辣子鸡,3
1051,糖醋里脊,5
1051,酸菜鱼,1
1051,青椒土豆丝,3
1051,麻婆豆腐,2
1051,红烧肉,4
1051,干锅菜花,3
1051,白切鸡,2
1051,回锅肉,4
1051,酸辣土豆丝,3
1051,西红柿鸡蛋汤,2
1051,香菇青菜,5
1051,木耳炒肉,4
1051,葱爆羊肉,4
1051,京酱肉丝,2
1051,紫菜蛋花汤,3
1051,冬瓜排骨汤,1
1051,宫保鸡丁,1
1051,烧茄子,5
1052,香菇青菜,3
1052,青椒土豆丝,4
1052,蒜蓉西兰花,1
1052,糖醋里脊,5
1052,土豆烧牛肉,1
1052,韭菜炒鸡蛋,5
1052,干煸豆角,2
1052,地三鲜,3
1052,手撕包菜,1
1052,辣子鸡,1
1052,酸菜鱼,4
1052,麻婆豆腐,3
1053,木耳炒肉,2
1053,地三鲜,5
1053,酸菜鱼,1
1053,手撕包菜,4
1053,干煸豆角,4
1053,青椒土豆丝,2
1053,韭菜炒鸡蛋,2
1053,干锅菜花,4
1053,宫保鸡丁,3
1053,葱爆羊肉,4
1053,红烧肉,1
1053,香菇青菜,2
1054,麻婆豆腐,2
1054,干煸豆角,1
1054,酸菜鱼,5
1054,木耳炒肉,4
1054,香菇青菜,2
1054,地三鲜,1
1054,葱爆羊肉,2
1054,番茄炒蛋,5
1054,酸辣土豆丝,5
1054,回锅肉,3
1054,水煮鱼,1
1054,韭菜炒鸡蛋,4
1054,西红柿鸡蛋汤,4
1054,鱼香肉丝,1
1054,烧茄子,3
1054,蚝油生菜,3
1054,宫保鸡丁,1
1054,干锅菜花,3
1054,冬瓜排骨汤,5
1054,青椒土豆丝,5
1054,糖醋里脊,5
1054,紫菜蛋花汤,2
1054,蒜蓉西兰花,2
1054,红烧肉,4
1054,辣子鸡,4
1054,手撕包菜,2
1054,白切鸡,1
1054,京酱肉丝,2
1055,糖醋里脊,2
1055,回锅肉,5
1055,蚝油生菜,2
1055,青椒土豆丝,2
1055,手撕包菜,1
1055,蒜蓉西兰花,2
1055,土豆烧牛肉,3
1055,冬瓜排骨汤,2
1055,宫保鸡丁,4
1055,辣子鸡,3
1055,韭菜炒鸡蛋,3
1055,地三鲜,4
1055,麻婆豆腐,4
1055,烧茄子,4
1055,红烧肉,2
1055,鱼香肉丝,5
1055,酸辣土豆丝,5
1055,番茄炒蛋,1
1055,白切鸡,1
1055,水煮鱼,3
1055,紫菜蛋花汤,3
1055,香菇青菜,5
1055,京酱肉丝,1
1055,干锅菜花,3
1055,木耳炒肉,3
1056,西红柿鸡蛋汤,2
1056,麻婆豆腐,4
1056,蒜蓉西兰花,5
1056,韭菜炒鸡蛋,3
1056,糖醋里脊,2
1056,烧茄子,1
1056,辣子鸡,1
1057,烧茄子,4
1057,冬瓜排骨汤,3
1057,番茄炒蛋,1
1057,干煸豆角,4
1057,红烧排骨,2
1057,香菇青菜,2
1057,手撕包菜,5
1057,水煮鱼,1
1057,木耳炒肉,4
1057,紫菜蛋花汤,2
1057,韭菜炒鸡蛋,5
1057,酸菜鱼,1
1057,鱼香肉丝,1
1057,葱爆羊肉,5
1057,红烧肉,4
1057,蚝油生菜,2
1057,辣子鸡,5
1057,宫保鸡丁,2
1057,干锅菜花,2
1057,青椒土豆丝,1
1057,蒜蓉西兰花,5
1057,麻婆豆腐,5
1058,京酱肉丝,4
1058,红烧排骨,4
1058,麻婆豆腐,4
1058,蚝油生菜,1
1058,酸菜鱼,1
1058,干锅菜花,3
1058,糖醋里脊,2
1058,干煸豆角,5
1059,干煸豆角,1
1059,干锅菜花,1
1059,香菇青菜,2
1059,鱼香肉丝,1
1059,西红柿鸡蛋汤,2
1059,烧茄子,4
1059,辣子鸡,5
1059,地三鲜,2
1059,白切鸡,5
1059,紫菜蛋花汤,4
1059,麻婆豆腐,5
1059,韭菜炒鸡蛋,5
1059,糖醋里脊,1
1059,宫保鸡丁,2
1059,回锅肉,3
1059,红烧肉,3
1059,番茄炒蛋,1
1060,白切鸡,4
1060,酸菜鱼,1
1060,蒜蓉西兰花,2
1060,京酱肉丝,1
1060,干锅菜花,3
1060,手撕包菜,1
1061,手撕包菜,1
1061,酸辣土豆丝,1
1061,蚝油生菜,2
1061,糖醋里脊,5
1061,回锅肉,2
1061,葱爆羊肉,4
1061,干煸豆角,2
1061,韭菜炒鸡蛋,1
1061,干锅菜花,1
1061,地三鲜,3
1061,辣子鸡,1
1061,麻婆豆腐,2
1061,土豆烧牛肉,2
1061,红烧肉,3
1061,青椒土豆丝,4
1061,京酱肉丝,1
1061,木耳炒肉,1
1061,冬瓜排骨汤,5
1061,西红柿鸡蛋汤,3
1061,宫保鸡丁,2
1062,鱼香肉丝,5
1062,水煮鱼,2
1062,青椒土豆丝,3
1062,土豆烧牛肉,2
1062,干煸豆角,2
1063,手撕包菜,2
1063,土豆烧牛肉,1
1064,手撕包菜,1
1064,干煸豆角,1
1064,京酱肉丝,3
1064,蒜蓉西兰花,2
1064,水煮鱼,1
1064,酸辣土豆丝,3
1064,烧茄子,1
1064,葱爆羊肉,1
1064,青椒土豆丝,4
1064,韭菜炒鸡蛋,1
1064,鱼香肉丝,4
1064,西红柿鸡蛋汤,1
1064,土豆烧牛肉,4
1064,麻婆豆腐,2
1064,香菇青菜,3
1064,蚝油生菜,5
1064,地三鲜,3
1064,糖醋里脊,1
1064,辣子鸡,5
1064,白切鸡,5
1064,红烧排骨,3
1064,回锅肉,1
1064,红烧肉,2
1064,番茄炒蛋,2
1064,干锅菜花,4
1064,冬瓜排骨汤,1
1064,紫菜蛋花汤,5
1064,酸菜鱼,3
1064,木耳炒肉,1
1065,水煮鱼,4
1065,西红柿鸡蛋汤,1
1065,手撕包菜,2
1065,红烧排骨,4
1065,冬瓜排骨汤,4
1065,麻婆豆腐,1
1065,白切鸡,5
1065,回锅肉,5
1065,烧茄子,4
1065,辣子鸡,2
1065,地三鲜,4
1065,韭菜炒鸡蛋,2
1065,酸辣土豆丝,5
1065,葱爆羊肉,3
1065,香菇青菜,4
1065,蚝油生菜,1
1065,干煸豆角,2
1065,糖醋里脊,4
1065,番茄炒蛋,4
1065,土豆烧牛肉,4
1065,京酱肉丝,5
1065,宫保鸡丁,2
1065,干锅菜花,1
1065,紫菜蛋花汤,3
1065,蒜蓉西兰花,3
1066,糖醋里脊,3
1066,干锅菜花,4
1066,水煮鱼,4
1066,紫菜蛋花汤,2
1066,土豆烧牛肉,4
1066,蒜蓉西兰花,4
1066,香菇青菜,2
1066,辣子鸡,2
1066,宫保鸡丁,1
1066,番茄炒蛋,3
1066,红烧肉,1
1066,木耳炒肉,1
1066,韭菜炒鸡蛋,4
1066,京酱肉丝,4
1066,麻婆豆腐,1
1066,白切鸡,3
1067,烧茄子,5
1067,干煸豆角,2
1067,水煮鱼,1
1067,地三鲜,5
1067,番茄炒蛋,4
1067,辣子鸡,5
1068,葱爆羊肉,3
1068,糖醋里脊,5
1068,紫菜蛋花汤,2
1068,回锅肉,4
1068,香菇青菜,5
1068,鱼香肉丝,2
1068,木耳炒肉,4
1068,京酱肉丝,2
1068,酸菜鱼,1
1068,韭菜炒鸡蛋,3
1068,土豆烧牛肉,5
1068,红烧排骨,2
1068,烧茄子,2
1068,蒜蓉西兰花,5
1068,蚝油生菜,1
1068,干锅菜花,2
1068,手撕包菜,4
1068,水煮鱼,1
1068,西红柿鸡蛋汤,4
1068,酸辣土豆丝,3
1068,干煸豆角,5
1068,白切鸡,2
1068,冬瓜排骨汤,3
1068,青椒土豆丝,1
1069,紫菜蛋花汤,1
1069,回锅肉,4
1070,紫菜蛋花汤,1
1070,干煸豆角,4
1070,红烧肉,3
1070,红烧排骨,4
1070,水煮鱼,5
1070,麻婆豆腐,5
1070,土豆烧牛肉,5
1070,干锅菜花,3
1070,番茄炒蛋,5
1070,冬瓜排骨汤,4
1070,蒜蓉西兰花,3
1070,西红柿鸡蛋汤,5
1070,回锅肉,5
1070,香菇青菜,4
1070,蚝油生菜,5
1070,酸辣土豆丝,5
1070,白切鸡,1
1070,鱼香肉丝,3
1070,宫保鸡丁,2
1070,韭菜炒鸡蛋,2
1070,地三鲜,1
1070,青椒土豆丝,4
1070,糖醋里脊,1
1070,木耳炒肉,1
1071,土豆烧牛肉,5
1071,冬瓜排骨汤,5
1071,葱爆羊肉,5
1071,蚝油生菜,1
1071,酸菜鱼,1
1071,西红柿鸡蛋汤,4
1071,地三鲜,1
1071,蒜蓉西兰花,4
1071,水煮鱼,2
1072,蚝油生菜,4
1072,干煸豆角,5
1072,冬瓜排骨汤,3
1072,韭菜炒鸡蛋,5
1072,酸菜鱼,4
1072,葱爆羊肉,2
1072,青椒土豆丝,4
1072,水煮鱼,5
1072,手撕包菜,5
1072,糖醋里脊,1
1072,木耳炒肉,1
1072,番茄炒蛋,5
1072,干锅菜花,2
1072,地三鲜,5
1072,蒜蓉西兰花,5
1072,酸辣土豆丝,5
1072,西红柿鸡蛋汤,5
1072,麻婆豆腐,1
1072,香菇青菜,4
1072,烧茄子,5
1072,宫保鸡丁,2
1073,宫保鸡丁,4
1073,水煮鱼,5
1073,手撕包菜,5
1073,糖醋里脊,3
1073,烧茄子,3
1073,鱼香肉丝,5
1073,香菇青菜,1
1073,麻婆豆腐,1
1073,葱爆羊肉,3
1073,酸辣土豆丝,5
1073,地三鲜,1
1073,木耳炒肉,2
1073,番茄炒蛋,4
1073,西红柿鸡蛋汤,2
1073,京酱肉丝,5
1073,蒜蓉西兰花,3
1073,蚝油生菜,3
1073,白切鸡,3
1073,干锅菜花,5
1073,红烧排骨,3
1073,紫菜蛋花汤,5
1073,干煸豆角,2
1073,辣子鸡,3
1074,葱爆羊肉,5
1074,西红柿鸡蛋汤,2
1074,木耳炒肉,3
1074,青椒土豆丝,5
1074,干煸豆角,1
1074,白切鸡,3
1074,红烧排骨,4
1074,土豆烧牛肉,4
1074,水煮鱼,2
1074,红烧肉,1
1074,香菇青菜,2
1074,回锅肉,2
1074,糖醋里脊,4
1074,烧茄子,1
1074,蒜蓉西兰花,1
1074,干锅菜花,5
1074,番茄炒蛋,4
1074,京酱肉丝,2
1074,紫菜蛋花汤,5
1074,宫保鸡丁,5
1074,冬瓜排骨汤,3
1074,手撕包菜,3
1074,酸菜鱼,3
1075,木耳炒肉,5
1075,糖醋里脊,3
1075,酸辣土豆丝,3
1075,手撕包菜,2
1076,酸菜鱼,1
1076,京酱肉丝,5
1076,糖醋里脊,2
1076,手撕包菜,1
1077,手撕包菜,4
1077,蚝油生菜,4
1077,香菇青菜,5
1077,白切鸡,1
1077,京酱肉丝,1
1077,蒜蓉西兰花,2
1077,干煸豆角,2
1077,酸菜鱼,5
1077,木耳炒肉,4
1077,宫保鸡丁,2
1077,红烧排骨,4
1077,葱爆羊肉,4
1077,辣子鸡,1
1077,地三鲜,4
1077,干锅菜花,2
1077,麻婆豆腐,1
1077,韭菜炒鸡蛋,4
1077,红烧肉,2
1077,紫菜蛋花汤,3
1077,鱼香肉丝,1
1077,回锅肉,2
1077,冬瓜排骨汤,3
1077,烧茄子,2
1077,水煮鱼,2
1077,糖醋里脊,2
1077,青椒土豆丝,3
1077,土豆烧牛肉,1
1077,番茄炒蛋,5
1077,酸辣土豆丝,5
1078,蚝油生菜,2
1078,木耳炒肉,3
1078,酸辣土豆丝,2
1078,青椒土豆丝,3
1078,紫菜蛋花汤,1
1078,宫保鸡丁,5
1078,葱爆羊肉,3
1078,干煸豆角,4
1078,西红柿鸡蛋汤,4
1078,番茄炒蛋,3
1078,韭菜炒鸡蛋,1
1078,冬瓜排骨汤,1
1078,酸菜鱼,5
1078,辣子鸡,4
1078,鱼香肉丝,1
1078,手撕包菜,3
1078,回锅肉,4
1078,干锅菜花,3
1078,土豆烧牛肉,1
1078,红烧肉,5
1078,地三鲜,5
1078,蒜蓉西兰花,3
1078,麻婆豆腐,1
1078,白切鸡,3
1078,红烧排骨,4
1078,糖醋里脊,3
1078,京酱肉丝,2
1078,烧茄子,5
1078,香菇青菜,5
1079,韭菜炒鸡蛋,1
1079,麻婆豆腐,2
1079,糖醋里脊,3
1079,干锅菜花,4
1079,宫保鸡丁,3
1079,酸菜鱼,5
1079,辣子鸡,3
1079,烧茄子,2
1079,红烧肉,5
1079,酸辣土豆丝,5
1079,手撕包菜,2
1079,西红柿鸡蛋汤,1
1079,蚝油生菜,2
1079,蒜蓉西兰花,2
1079,番茄炒蛋,4
1079,冬瓜排骨汤,4
1079,葱爆羊肉,4
1079,土豆烧牛肉,4
1079,白切鸡,5
1079,京酱肉丝,4
1080,番茄炒蛋,3
1080,手撕包菜,2
1080,紫菜蛋花汤,3
1080,红烧排骨,2
1080,地三鲜,3
1080,青椒土豆丝,1
1080,西红柿鸡蛋汤,4
1080,土豆烧牛肉,4
1080,京酱肉丝,2
1080,麻婆豆腐,5
1080,木耳炒肉,2
1080,回锅肉,3
1080,烧茄子,4
1080,韭菜炒鸡蛋,2
1080,糖醋里脊,2
1080,辣子鸡,3
1080,酸菜鱼,5
1080,鱼香肉丝,5
1080,干锅菜花,5
1080,水煮鱼,2
1081,回锅肉,4
1081,糖醋里脊,5
1081,香菇青菜,3
1081,地三鲜,1
1081,水煮鱼,5
1081,酸辣土豆丝,4
1081,蒜蓉西兰花,3
1081,京酱肉丝,3
1082,辣子鸡,5
1082,青椒土豆丝,2
1082,酸辣土豆丝,5
1082,土豆烧牛肉,3
1082,番茄炒蛋,3
1082,京酱肉丝,1
1083,回锅肉,2
1083,糖醋里脊,5
1083,酸菜鱼,4
1083,木耳炒肉,5
1083,鱼香肉丝,4
1083,红烧排骨,3
1083,地三鲜,3
1083,番茄炒蛋,2
1083,土豆烧牛肉,3
1083,烧茄子,5
1083,蒜蓉西兰花,1
1083,酸辣土豆丝,4
1083,紫菜蛋花汤,4
1083,香菇青菜,3
1083,蚝油生菜,1
1084,干锅菜花,5
1084,水煮鱼,3
1084,蚝油生菜,3
1084,土豆烧牛肉,2
1084,蒜蓉西兰花,5
1084,糖醋里脊,5
1084,鱼香肉丝,4
1084,宫保鸡丁,2
1084,红烧排骨,3
1085,酸辣土豆丝,4
1085,紫菜蛋花汤,5
1085,白切鸡,5
1085,烧茄子,5
1085,京酱肉丝,5
1085,干煸豆角,3
1085,蚝油生菜,4
1085,蒜蓉西兰花,1
1085,葱爆羊肉,4
1085,手撕包菜,1
1086,韭菜炒鸡蛋,2
1086,冬瓜排骨汤,5
1086,西红柿鸡蛋汤,3
1086,烧茄子,4
1086,鱼香肉丝,1
1086,葱爆羊肉,3
1086,红烧排骨,4
1086,宫保鸡丁,4
1086,麻婆豆腐,3
1086,回锅肉,4
1086,白切鸡,4
1086,干锅菜花,3
1086,干煸豆角,1
1086,土豆烧牛肉,3
1086,蚝油生菜,1
1087,酸辣土豆丝,5
1087,蒜蓉西兰花,4
1087,葱爆羊肉,5
1087,鱼香肉丝,5
1087,干煸豆角,3
1087,水煮鱼,1
1087,京酱肉丝,3
1087,香菇青菜,3
1087,蚝油生菜,1
1087,辣子鸡,3
1087,回锅肉,4
1087,红烧排骨,4
1087,番茄炒蛋,5
1087,糖醋里脊,2
1087,烧茄子,4
1087,地三鲜,3
1087,手撕包菜,3
1087,土豆烧牛肉,1
1088,木耳炒肉,2
1088,韭菜炒鸡蛋,5
1088,酸辣土豆丝,4
1088,西红柿鸡蛋汤,1
1088,回锅肉,4
1089,韭菜炒鸡蛋,5
1089,土豆烧牛肉,2
1089,红烧排骨,4
1089,番茄炒蛋,5
1089,酸菜鱼,1
1089,干锅菜花,4
1089,水煮鱼,2
1089,辣子鸡,3
1089,宫保鸡丁,5
1089,红烧肉,3
1089,蚝油生菜,2
1089,干煸豆角,1
1089,青椒土豆丝,1
1089,白切鸡,1
1089,香菇青菜,1
1089,糖醋里脊,2
1089,地三鲜,4
1089,麻婆豆腐,5
1089,手撕包菜,5
1089,烧茄子,4
1089,回锅肉,5
1089,冬瓜排骨汤,3
1089,葱爆羊肉,1
1089,西红柿鸡蛋汤,5
1089,紫菜蛋花汤,2
1089,蒜蓉西兰花,1
1089,京酱肉丝,3
1090,紫菜蛋花汤,2
1090,蒜蓉西兰花,3
1090,冬瓜排骨汤,3
1090,地三鲜,3
1090,红烧肉,2
1090,韭菜炒鸡蛋,5
1090,香菇青菜,3
1090,干锅菜花,4
1090,木耳炒肉,5
1090,西红柿鸡蛋汤,5
1090,京酱肉丝,4
1090,酸辣土豆丝,2
1090,宫保鸡丁,2
1090,糖醋里脊,1
1090,白切鸡,5
1090,番茄炒蛋,1
1090,烧茄子,2
1090,麻婆豆腐,2
1090,鱼香肉丝,2
1090,水煮鱼,3
1090,葱爆羊肉,4
1091,葱爆羊肉,2
1091,麻婆豆腐,4
1091,香菇青菜,4
1091,韭菜炒鸡蛋,5
1091,酸辣土豆丝,3
1091,宫保鸡丁,1
1091,干锅菜花,5
1091,青椒土豆丝,5
1091,水煮鱼,5
1091,蚝油生菜,5
1091,辣子鸡,4
1091,回锅肉,4
1091,地三鲜,3
1091,烧茄子,4
1091,蒜蓉西兰花,3
1091,冬瓜排骨汤,5
1091,糖醋里脊,3
1091,西红柿鸡蛋汤,3
1091,酸菜鱼,2
1091,紫菜蛋花汤,3
1091,京酱肉丝,5
1091,土豆烧牛肉,3
1092,红烧排骨,4
1092,地三鲜,3
1092,冬瓜排骨汤,1
1092,糖醋里脊,2
1092,干锅菜花,4
1093,干锅菜花,1
1093,葱爆羊肉,3
1093,土豆烧牛肉,5
1093,香菇青菜,4
1093,辣子鸡,3
1093,鱼香肉丝,2
1093,回锅肉,3
1093,红烧肉,1
1093,手撕包菜,1
1093,木耳炒肉,3
1093,西红柿鸡蛋汤,4
1093,紫菜蛋花汤,2
1093,地三鲜,2
1094,白切鸡,1
1094,红烧排骨,1
1095,韭菜炒鸡蛋,3
1095,宫保鸡丁,2
1095,红烧排骨,3
1095,回锅肉,2
1095,酸辣土豆丝,2
1095,西红柿鸡蛋汤,2
1095,葱爆羊肉,4
1095,地三鲜,4
1095,京酱肉丝,1
1095,紫菜蛋花汤,1
1095,蒜蓉西兰花,1
1095,红烧肉,3
1095,青椒土豆丝,4
1095,辣子鸡,1
1095,木耳炒肉,5
1095,番茄炒蛋,1
1095,水煮鱼,1
1095,香菇青菜,1
1095,干锅菜花,2
1095,酸菜鱼,3
1095,糖醋里脊,5
1096,干煸豆角,4
1096,地三鲜,4
1096,木耳炒肉,1
1096,葱爆羊肉,3
1096,麻婆豆腐,3
1096,蚝油生菜,4
1096,白切鸡,4
1096,韭菜炒鸡蛋,4
1096,酸辣土豆丝,1
1096,蒜蓉西兰花,5
1096,红烧排骨,4
1096,紫菜蛋花汤,5
1096,京酱肉丝,4
1096,酸菜鱼,1
1096,手撕包菜,3
1096,宫保鸡丁,4
1096,回锅肉,5
1096,干锅菜花,4
1096,烧茄子,4
1096,番茄炒蛋,4
1096,冬瓜排骨汤,5
1096,水煮鱼,2
1096,青椒土豆丝,5
1096,糖醋里脊,1
1096,香菇青菜,3
1097,红烧肉,4
1097,地三鲜,3
1097,京酱肉丝,1
1097,酸菜鱼,3
1097,白切鸡,3
1097,红烧排骨,4
1097,西红柿鸡蛋汤,2
1097,鱼香肉丝,5
1097,蒜蓉西兰花,5
1097,烧茄子,4
1097,蚝油生菜,2
1097,麻婆豆腐,2
1097,回锅肉,1
1097,番茄炒蛋,3
1097,青椒土豆丝,1
1097,酸辣土豆丝,3
1097,水煮鱼,1
1097,韭菜炒鸡蛋,2
1097,干锅菜花,1
1097,手撕包菜,5
1097,辣子鸡,4
1097,木耳炒肉,4
1097,香菇青菜,1
1098,香菇青菜,5
1098,辣子鸡,3
1098,干锅菜花,2
1098,青椒土豆丝,3
1098,糖醋里脊,4
1098,土豆烧牛肉,3
1098,红烧排骨,3
1098,麻婆豆腐,2
1098,回锅肉,1
1098,冬瓜排骨汤,2
1099,白切鸡,2
1099,回锅肉,3
1099,辣子鸡,1
1099,水煮鱼,5
1099,鱼香肉丝,4
1099,酸辣土豆丝,4
1099,干煸豆角,3
1099,番茄炒蛋,4
1099,青椒土豆丝,4
1099,蒜蓉西兰花,3
1099,香菇青菜,1
1100,麻婆豆腐,1
1100,糖醋里脊,2
1100,地三鲜,3
1100,紫菜蛋花汤,5
1100,蒜蓉西兰花,3
1100,干煸豆角,2
1100,西红柿鸡蛋汤,3
1101,葱爆羊肉,3
1101,手撕包菜,3
1101,酸菜鱼,5
1101,土豆烧牛肉,1
1101,麻婆豆腐,4
1101,地三鲜,4
1101,糖醋里脊,3
1101,白切鸡,5
1101,蒜蓉西兰花,2
1101,木耳炒肉,2
1101,西红柿鸡蛋汤,5
1101,番茄炒蛋,2
1101,水煮鱼,1
1101,香菇青菜,5
1101,冬瓜排骨汤,2
1101,红烧排骨,3
1101,辣子鸡,5
1101,京酱肉丝,5
1101,紫菜蛋花汤,1
1101,鱼香肉丝,5
1101,韭菜炒鸡蛋,1
1101,回锅肉,1
1101,红烧肉,2
1101,干锅菜花,5
1101,酸辣土豆丝,1
1101,干煸豆角,3
1101,宫保鸡丁,4
1101,蚝油生菜,2
1101,烧茄子,3
1102,韭菜炒鸡蛋,2
1102,白切鸡,1
1102,木耳炒肉,5
1102,番茄炒蛋,3
1102,辣子鸡,5
1103,酸辣土豆丝,3
1103,木耳炒肉,1
1103,青椒土豆丝,1
1103,手撕包菜,3
1103,宫保鸡丁,4
1103,红烧排骨,1
1103,紫菜蛋花汤,2
1103,水煮鱼,2
1103,番茄炒蛋,1
1103,麻婆豆腐,3
1103,蒜蓉西兰花,3
1103,酸菜鱼,3
1103,红烧肉,2
1103,香菇青菜,1
1103,糖醋里脊,1
1104,青椒土豆丝,1
1104,宫保鸡丁,1
1104,糖醋里脊,1
1104,西红柿鸡蛋汤,5
1104,蚝油生菜,4
1104,辣子鸡,3
1104,手撕包菜,5
1104,鱼香肉丝,5
1104,干锅菜花,3
1104,干煸豆角,3
1104,土豆烧牛肉,3
1105,葱爆羊肉,4
1105,酸辣土豆丝,5
1105,木耳炒肉,5
1105,韭菜炒鸡蛋,3
1105,紫菜蛋花汤,3
1105,青椒土豆丝,2
1105,西红柿鸡蛋汤,1
1105,辣子鸡,4
1105,酸菜鱼,3
1105,冬瓜排骨汤,1
1105,水煮鱼,5
1105,土豆烧牛肉,1
1105,番茄炒蛋,1
1105,白切鸡,4
1105,红烧肉,1
1106,酸辣土豆丝,4
1106,京酱肉丝,3
1106,烧茄子,4
1106,西红柿鸡蛋汤,2
1106,韭菜炒鸡蛋,4
1106,白切鸡,5
1106,麻婆豆腐,5
1106,鱼香肉丝,4
1106,宫保鸡丁,2
1106,蒜蓉西兰花,1
1106,红烧肉,5
1106,番茄炒蛋,2
1106,回锅肉,3
1106,手撕包菜,4
1106,水煮鱼,5
1106,糖醋里脊,1
1106,土豆烧牛肉,1
1106,紫菜蛋花汤,1
1106,干锅菜花,3
1106,葱爆羊肉,5
1106,木耳炒肉,2
1106,辣子鸡,2
1106,干煸豆角,3
1107,红烧肉,3
1107,手撕包菜,5
1107,紫菜蛋花汤,4
1107,土豆烧牛肉,2
1107,烧茄子,3
1107,干锅菜花,2
1107,宫保鸡丁,5
1107,韭菜炒鸡蛋,4
1107,糖醋里脊,1
1107,番茄炒蛋,2
1107,冬瓜排骨汤,5
1107,鱼香肉丝,3
1107,酸辣土豆丝,1
1107,西红柿鸡蛋汤,3
1107,回锅肉,3
1107,香菇青菜,2
1108,韭菜炒鸡蛋,4
1108,蚝油生菜,5
1108,宫保鸡丁,3
1108,酸菜鱼,1
1108,干煸豆角,5
1108,蒜蓉西兰花,1
1108,烧茄子,3
1108,鱼香肉丝,1
1108,红烧肉,5
1108,酸辣土豆丝,5
1108,手撕包菜,5
1108,京酱肉丝,3
1108,紫菜蛋花汤,4
1108,红烧排骨,4
1108,冬瓜排骨汤,3
1108,西红柿鸡蛋汤,2
1108,回锅肉,1
1108,土豆烧牛肉,1
1108,麻婆豆腐,4
1108,地三鲜,3
1108,干锅菜花,3
1108,白切鸡,4
1108,糖醋里脊,2
1108,青椒土豆丝,2
1108,木耳炒肉,5
1108,番茄炒蛋,5
1108,水煮鱼,4
1108,香菇青菜,5
1108,辣子鸡,5
1109,干锅菜花,5
1109,酸辣土豆丝,1
1109,京酱肉丝,1
1109,地三鲜,1
1109,葱爆羊肉,2
1109,韭菜炒鸡蛋,5
1109,白切鸡,4
1109,西红柿鸡蛋汤,1
1109,青椒土豆丝,3
1109,麻婆豆腐,4
1109,糖醋里脊,5
1109,冬瓜排骨汤,3
1109,宫保鸡丁,4
1109,蚝油生菜,1
1109,红烧肉,5
1109,紫菜蛋花汤,5
1109,烧茄子,1
1110,蒜蓉西兰花,3
1110,鱼香肉丝,5
1110,糖醋里脊,5
1110,酸菜鱼,3
1110,水煮鱼,2
1110,手撕包菜,5
1110,酸辣土豆丝,2
1111,红烧排骨,2
1111,辣子鸡,1
1111,西红柿鸡蛋汤,5
1111,麻婆豆腐,3
1111,紫菜蛋花汤,2
1111,韭菜炒鸡蛋,2
1111,水煮鱼,4
1111,回锅肉,4
1111,干锅菜花,1
1111,蚝油生菜,5
1111,宫保鸡丁,3
1111,地三鲜,5
1111,青椒土豆丝,5
1111,冬瓜排骨汤,4
1111,干煸豆角,5
1111,木耳炒肉,4
1111,手撕包菜,3
1111,酸辣土豆丝,4
1111,蒜蓉西兰花,2
1111,番茄炒蛋,5
1111,白切鸡,2
1111,糖醋里脊,3
1111,土豆烧牛肉,5
1112,番茄炒蛋,3
1112,冬瓜排骨汤,4
1112,紫菜蛋花汤,4
1112,蒜蓉西兰花,4
1112,西红柿鸡蛋汤,4
1112,韭菜炒鸡蛋,5
1112,土豆烧牛肉,1
1112,鱼香肉丝,5
1112,水煮鱼,4
1112,木耳炒肉,3
1112,糖醋里脊,3
1112,红烧肉,5
1112,青椒土豆丝,2
1112,地三鲜,4
1112,白切鸡,3
1112,手撕包菜,3
1112,香菇青菜,5
1112,回锅肉,3
1112,京酱肉丝,5
1112,蚝油生菜,4
1112,葱爆羊肉,3
1112,烧茄子,2
1113,青椒土豆丝,2
1113,地三鲜,1
1113,烧茄子,4
1114,西红柿鸡蛋汤,4
1114,地三鲜,3
1114,干煸豆角,5
1114,蚝油生菜,4
1114,韭菜炒鸡蛋,3
1114,酸菜鱼,1
1114,白切鸡,1
1114,烧茄子,3
1114,番茄炒蛋,5
1114,蒜蓉西兰花,4
1114,酸辣土豆丝,2
1115,干锅菜花,3
1115,酸菜鱼,5
1115,手撕包菜,4
1115,水煮鱼,3
1115,酸辣土豆丝,3
1115,烧茄子,1
1115,木耳炒肉,3
1115,白切鸡,4
1115,韭菜炒鸡蛋,3
1115,香菇青菜,1
1115,葱爆羊肉,5
1115,回锅肉,4
1115,西红柿鸡蛋汤,4
1115,青椒土豆丝,5
1116,葱爆羊肉,5
1116,青椒土豆丝,4
1116,酸辣土豆丝,2
1116,鱼香肉丝,2
1116,蚝油生菜,3
1116,宫保鸡丁,2
1116,红烧排骨,2
1116,糖醋里脊,5
1116,地三鲜,3
1116,蒜蓉西兰花,5
1116,番茄炒蛋,2
1116,手撕包菜,3
1116,水煮鱼,5
1116,京酱肉丝,2
1116,韭菜炒鸡蛋,4
1116,紫菜蛋花汤,4
1116,木耳炒肉,4
1116,冬瓜排骨汤,5
1116,干煸豆角,1
1116,白切鸡,5
1117,蒜蓉西兰花,2
1117,手撕包菜,4
1117,回锅肉,2
1117,葱爆羊肉,3
1117,烧茄子,5
1117,韭菜炒鸡蛋,4
1117,宫保鸡丁,4
1117,麻婆豆腐,4
1117,蚝油生菜,1
1117,紫菜蛋花汤,3
1117,酸辣土豆丝,3
1117,冬瓜排骨汤,3
1117,鱼香肉丝,3
1117,糖醋里脊,4
1117,干煸豆角,1
1117,干锅菜花,3
1117,红烧肉,2
1117,红烧排骨,5
1117,土豆烧牛肉,2
1117,白切鸡,4
1117,番茄炒蛋,1
1118,西红柿鸡蛋汤,5
1118,葱爆羊肉,1
1118,香菇青菜,1
1118,回锅肉,5
1118,酸辣土豆丝,2
1118,京酱肉丝,5
1118,烧茄子,3
1118,韭菜炒鸡蛋,4
1118,红烧肉,4
1118,冬瓜排骨汤,2
1118,干煸豆角,5
1118,宫保鸡丁,3
1118,酸菜鱼,1
1118,糖醋里脊,2
1118,手撕包菜,1
1118,干锅菜花,3
1118,地三鲜,3
1118,蚝油生菜,2
1118,白切鸡,5
1118,辣子鸡,2
1119,鱼香肉丝,5
1119,干煸豆角,1
1119,香菇青菜,4
1119,干锅菜花,3
1119,酸菜鱼,1
1119,蚝油生菜,5
1119,土豆烧牛肉,5
1119,红烧肉,1
1119,麻婆豆腐,5
1119,番茄炒蛋,5
1119,京酱肉丝,1
1119,烧茄子,4
1119,葱爆羊肉,4
1119,回锅肉,3
1119,糖醋里脊,3
1119,辣子鸡,1
1119,红烧排骨,2
1119,冬瓜排骨汤,5
1119,青椒土豆丝,3
1119,手撕包菜,3
1119,蒜蓉西兰花,1
1119,韭菜炒鸡蛋,3
1119,木耳炒肉,5
1119,酸辣土豆丝,2
1119,水煮鱼,3
1119,紫菜蛋花汤,2
1119,白切鸡,1
1119,西红柿鸡蛋汤,4
1120,白切鸡,3
1120,土豆烧牛肉,5
1120,番茄炒蛋,4
1120,蒜蓉西兰花,3
1120,手撕包菜,4
1120,干煸豆角,4
1120,青椒土豆丝,4
1120,木耳炒肉,3
1120,烧茄子,4
1121,酸菜鱼,5
1121,红烧排骨,3
1121,宫保鸡丁,5
1121,香菇青菜,1
1121,鱼香肉丝,4
1121,地三鲜,4
1121,紫菜蛋花汤,2
1121,辣子鸡,3
1121,白切鸡,1
1121,回锅肉,3
1121,糖醋里脊,2
1121,韭菜炒鸡蛋,3
1121,青椒土豆丝,5
1121,葱爆羊肉,4
1121,木耳炒肉,4
1121,酸辣土豆丝,1
1121,土豆烧牛肉,1
1121,冬瓜排骨汤,1
1121,番茄炒蛋,1
1121,干煸豆角,1
1121,西红柿鸡蛋汤,3
1121,麻婆豆腐,3
1121,烧茄子,4
1121,手撕包菜,4
1121,蚝油生菜,2
1122,辣子鸡,4
1122,白切鸡,3
1122,回锅肉,1
1122,青椒土豆丝,4
1122,干煸豆角,5
1122,麻婆豆腐,3
1122,蚝油生菜,3
1122,冬瓜排骨汤,4
1122,土豆烧牛肉,2
1122,香菇青菜,5
1122,红烧肉,3
1122,番茄炒蛋,2
1122,地三鲜,2
1122,酸辣土豆丝,2
1122,干锅菜花,5
1122,韭菜炒鸡蛋,3
1122,红烧排骨,3
1122,糖醋里脊,3
1122,西红柿鸡蛋汤,5
1122,宫保鸡丁,1
1122,水煮鱼,5
1122,葱爆羊肉,3
1122,蒜蓉西兰花,4
1122,烧茄子,5
1122,京酱肉丝,3
1123,香菇青菜,3
1123,地三鲜,4
1123,蒜蓉西兰花,5
1123,水煮鱼,4
1123,烧茄子,1
1123,葱爆羊肉,3
1123,京酱肉丝,4
1123,宫保鸡丁,5
1123,红烧肉,4
1123,冬瓜排骨汤,2
1123,回锅肉,3
1123,木耳炒肉,1
1123,糖醋里脊,5
1123,手撕包菜,3
1123,番茄炒蛋,3
1123,红烧排骨,5
1123,干锅菜花,3
1123,西红柿鸡蛋汤,1
1123,酸辣土豆丝,5
1123,酸菜鱼,2
1123,干煸豆角,4
1123,青椒土豆丝,3
1123,鱼香肉丝,3
1123,麻婆豆腐,4
1123,白切鸡,1
1123,蚝油生菜,1
1123,紫菜蛋花汤,4
1124,糖醋里脊,5
1125,京酱肉丝,3
1125,水煮鱼,1
1125,鱼香肉丝,4
1125,麻婆豆腐,2
1125,干锅菜花,1
1125,地三鲜,3
1125,白切鸡,5
1125,干煸豆角,2
1125,冬瓜排骨汤,5
1125,宫保鸡丁,5
1125,西红柿鸡蛋汤,4
1125,蚝油生菜,4
1125,烧茄子,4
1125,紫菜蛋花汤,2
1125,红烧排骨,3
1125,辣子鸡,2
1125,蒜蓉西兰花,4
1125,酸菜鱼,4
1125,红烧肉,2
1125,香菇青菜,3
1125,韭菜炒鸡蛋,3
1125,青椒土豆丝,5
1125,糖醋里脊,5
1125,番茄炒蛋,4
1125,手撕包菜,1
1125,土豆烧牛肉,4
1125,木耳炒肉,1
1126,红烧肉,2
1126,紫菜蛋花汤,1
1126,土豆烧牛肉,5
1126,冬瓜排骨汤,4
1126,糖醋里脊,3
1126,回锅肉,2
1126,麻婆豆腐,4
1126,蚝油生菜,3
1126,青椒土豆丝,5
1126,地三鲜,2
1126,水煮鱼,4
1126,韭菜炒鸡蛋,4
1126,鱼香肉丝,2
1126,酸辣土豆丝,3
1126,手撕包菜,4
1127,手撕包菜,4
1127,酸辣土豆丝,1
1127,红烧排骨,5
1127,葱爆羊肉,2
1127,干锅菜花,3
1127,紫菜蛋花汤,2
1127,麻婆豆腐,4
1127,韭菜炒鸡蛋,2
1127,回锅肉,4
1127,蒜蓉西兰花,5
1127,鱼香肉丝,3
1127,糖醋里脊,1
1127,白切鸡,2
1127,宫保鸡丁,5
1127,蚝油生菜,5
1127,酸菜鱼,4
1127,地三鲜,4
1127,水煮鱼,5
1127,番茄炒蛋,1
1127,香菇青菜,1
1127,冬瓜排骨汤,2
1127,木耳炒肉,2
1127,西红柿鸡蛋汤,2
1128,蚝油生菜,2
1128,番茄炒蛋,3
1128,麻婆豆腐,3
1128,回锅肉,3
1128,烧茄子,3
1128,干煸豆角,1
1128,西红柿鸡蛋汤,1
1128,酸菜鱼,5
1128,酸辣土豆丝,1
1128,京酱肉丝,5
1128,冬瓜排骨汤,3
1128,水煮鱼,1
1128,香菇青菜,2
1128,红烧肉,4
1128,韭菜炒鸡蛋,4
1128,紫菜蛋花汤,2
1128,辣子鸡,5
1128,蒜蓉西兰花,1
1128,糖醋里脊,3
1128,手撕包菜,2
1128,青椒土豆丝,1
1128,干锅菜花,2
1128,木耳炒肉,5
1128,红烧排骨,5
1128,白切鸡,1
1128,宫保鸡丁,5
1129,干锅菜花,5
1129,木耳炒肉,3
1129,酸辣土豆丝,4
1129,葱爆羊肉,1
1129,蒜蓉西兰花,3
1129,辣子鸡,4
1129,水煮鱼,2
1130,鱼香肉丝,2
1130,麻婆豆腐,2
1130,回锅肉,3
1130,干煸豆角,3
1130,蒜蓉西兰花,1
1130,青椒土豆丝,1
1131,番茄炒蛋,4
1131,干锅菜花,1
1131,土豆烧牛肉,2
1131,糖醋里脊,1
1132,香菇青菜,4
1132,西红柿鸡蛋汤,2
1132,手撕包菜,5
1132,京酱肉丝,3
1132,辣子鸡,1
1132,干锅菜花,4
1132,紫菜蛋花汤,4
1132,宫保鸡丁,4
1132,红烧排骨,1
1132,鱼香肉丝,4
1132,葱爆羊肉,2
1132,酸辣土豆丝,1
1132,白切鸡,4
1132,水煮鱼,2
1132,青椒土豆丝,1
1132,木耳炒肉,3
1132,干煸豆角,5
1133,冬瓜排骨汤,3
1133,蒜蓉西兰花,3
1133,京酱肉丝,4
1133,土豆烧牛肉,3
1133,宫保鸡丁,5
1133,干煸豆角,4
1133,辣子鸡,4
1133,水煮鱼,3
1133,西红柿鸡蛋汤,1
1133,紫菜蛋花汤,5
1133,红烧排骨,5
1133,青椒土豆丝,1
1133,蚝油生菜,4
1133,白切鸡,1
1133,番茄炒蛋,3
1133,糖醋里脊,2
1133,葱爆羊肉,5
1134,鱼香肉丝,1
1134,京酱肉丝,5
1134,蚝油生菜,1
1134,回锅肉,3
1134,冬瓜排骨汤,5
1134,红烧排骨,5
1134,宫保鸡丁,1
1134,手撕包菜,2
1134,香菇青菜,4
1134,烧茄子,5
1134,紫菜蛋花汤,2
1134,青椒土豆丝,5
1134,辣子鸡,4
1134,红烧肉,4
1134,酸菜鱼,1
1134,葱爆羊肉,4
1134,干煸豆角,3
1134,酸辣土豆丝,2
1134,地三鲜,1
1134,土豆烧牛肉,3
1134,韭菜炒鸡蛋,2
1134,白切鸡,1
1135,青椒土豆丝,3
1135,烧茄子,5
1135,京酱肉丝,1
1135,酸辣土豆丝,2
1135,红烧肉,5
1135,手撕包菜,2
1135,酸菜鱼,2
1135,番茄炒蛋,3
1135,冬瓜排骨汤,5
1135,鱼香肉丝,2
1135,蚝油生菜,5
1135,韭菜炒鸡蛋,3
1135,水煮鱼,2
1135,葱爆羊肉,5
1135,西红柿鸡蛋汤,1
1135,回锅肉,1
1135,地三鲜,4
1135,干锅菜花,3
1135,紫菜蛋花汤,4
1135,红烧排骨,2
1136,蚝油生菜,5
1136,酸菜鱼,5
1136,冬瓜排骨汤,1
1136,麻婆豆腐,2
1136,香菇青菜,3
1136,辣子鸡,5
1136,西红柿鸡蛋汤,4
1136,回锅肉,1
1136,京酱肉丝,4
1136,红烧排骨,4
1136,糖醋里脊,1
1136,地三鲜,4
1136,水煮鱼,1
1136,鱼香肉丝,2
1136,番茄炒蛋,1
1136,烧茄子,3
1136,宫保鸡丁,4
1136,红烧肉,5
1136,蒜蓉西兰花,4
1136,葱爆羊肉,1
1136,木耳炒肉,5
1136,韭菜炒鸡蛋,3
1136,土豆烧牛肉,1
1136,酸辣土豆丝,2
1136,干锅菜花,3
1136,干煸豆角,4
1136,手撕包菜,1
1136,白切鸡,3
1136,青椒土豆丝,1
1137,回锅肉,4
1137,土豆烧牛肉,5
1137,蚝油生菜,3
1137,青椒土豆丝,1
1137,手撕包菜,5
1137,烧茄子,4
1137,冬瓜排骨汤,4
1137,西红柿鸡蛋汤,4
1137,红烧排骨,4
1137,酸菜鱼,4
1137,糖醋里脊,1
1137,木耳炒肉,1
1137,干锅菜花,4
1138,青椒土豆丝,2
1138,辣子鸡,1
1138,酸菜鱼,4
1138,烧茄子,2
1138,韭菜炒鸡蛋,1
1138,红烧排骨,2
1138,蚝油生菜,2
1138,干锅菜花,2
1138,干煸豆角,3
1139,蚝油生菜,3
1139,葱爆羊肉,4
1139,酸辣土豆丝,2
1139,木耳炒肉,1
1139,冬瓜排骨汤,5
1139,紫菜蛋花汤,1
1139,干锅菜花,3
1139,酸菜鱼,4
1139,香菇青菜,1
1139,回锅肉,3
1139,韭菜炒鸡蛋,3
1139,水煮鱼,2
1139,鱼香肉丝,4
1139,辣子鸡,1
1139,烧茄子,4
1139,手撕包菜,5
1139,干煸豆角,5
1139,土豆烧牛肉,3
1139,蒜蓉西兰花,5
1140,西红柿鸡蛋汤,2
1140,辣子鸡,5
1140,蚝油生菜,5
1140,香菇青菜,4
1140,葱爆羊肉,2
1140,水煮鱼,2
1140,手撕包菜,4
1140,酸辣土豆丝,5
1140,宫保鸡丁,2
1140,木耳炒肉,3
1140,红烧排骨,5
1140,烧茄子,3
1140,京酱肉丝,3
1140,紫菜蛋花汤,1
1140,干锅菜花,2
1140,番茄炒蛋,5
1140,红烧肉,1
1140,酸菜鱼,5
1140,地三鲜,5
1140,白切鸡,3
1140,糖醋里脊,4
1140,土豆烧牛肉,5
1140,青椒土豆丝,3
1141,葱爆羊肉,4
1141,鱼香肉丝,5
1141,木耳炒肉,3
1141,紫菜蛋花汤,4
1141,京酱肉丝,1
1141,酸辣土豆丝,2
1141,红烧排骨,5
1141,白切鸡,5
1141,番茄炒蛋,4
1141,烧茄子,2
1141,冬瓜排骨汤,4
1141,麻婆豆腐,2
1141,糖醋里脊,4
1141,蒜蓉西兰花,4
1141,红烧肉,5
1141,干锅菜花,2
1141,土豆烧牛肉,4
1141,蚝油生菜,1
1141,回锅肉,1
1141,青椒土豆丝,1
1141,西红柿鸡蛋汤,4
1141,酸菜鱼,2
1141,地三鲜,3
1141,水煮鱼,1
1142,土豆烧牛肉,1
1142,白切鸡,4
1142,葱爆羊肉,5
1142,番茄炒蛋,2
1142,干煸豆角,3
1143,番茄炒蛋,2
1143,青椒土豆丝,2
1143,糖醋里脊,5
1143,干煸豆角,5
1143,手撕包菜,2
1143,西红柿鸡蛋汤,3
1143,宫保鸡丁,3
1144,鱼香肉丝,2
1144,蚝油生菜,2
1144,京酱肉丝,3
1144,木耳炒肉,4
1144,韭菜炒鸡蛋,5
1144,紫菜蛋花汤,4
1144,冬瓜排骨汤,3
1144,红烧排骨,2
1144,回锅肉,5
1144,青椒土豆丝,3
1144,手撕包菜,1
1144,酸辣土豆丝,2
1144,地三鲜,5
1145,青椒土豆丝,3
1145,香菇青菜,3
1145,韭菜炒鸡蛋,5
1145,木耳炒肉,4
1145,宫保鸡丁,3
1145,蚝油生菜,2
1145,京酱肉丝,1
1145,回锅肉,1
1145,冬瓜排骨汤,5
1145,蒜蓉西兰花,5
1145,土豆烧牛肉,1
1146,番茄炒蛋,4
1146,地三鲜,4
1146,西红柿鸡蛋汤,3
1146,辣子鸡,2
1146,红烧肉,3
1146,蒜蓉西兰花,3
1146,鱼香肉丝,1
1146,酸菜鱼,4
1146,青椒土豆丝,5
1147,葱爆羊肉,4
1147,土豆烧牛肉,5
1147,蒜蓉西兰花,5
1147,烧茄子,4
1147,干锅菜花,2
1147,西红柿鸡蛋汤,5
1147,京酱肉丝,4
1147,鱼香肉丝,2
1147,干煸豆角,1
1147,番茄炒蛋,3
1147,宫保鸡丁,2
1147,青椒土豆丝,3
1147,红烧肉,5
1147,木耳炒肉,3
1147,水煮鱼,4
1147,香菇青菜,2
1147,白切鸡,5
1147,红烧排骨,1
1147,韭菜炒鸡蛋,4
1147,紫菜蛋花汤,5
1147,辣子鸡,4
1147,冬瓜排骨汤,3
1147,糖醋里脊,3
1147,蚝油生菜,1
1147,酸菜鱼,4
1147,手撕包菜,1
1147,回锅肉,2
1147,麻婆豆腐,2
1148,番茄炒蛋,4
1148,土豆烧牛肉,3
1148,西红柿鸡蛋汤,3
1148,蒜蓉西兰花,3
1148,鱼香肉丝,3
1148,香菇青菜,1
1148,蚝油生菜,4
1148,酸辣土豆丝,3
1148,酸菜鱼,5
1148,麻婆豆腐,4
1148,宫保鸡丁,5
1148,紫菜蛋花汤,2
1148,木耳炒肉,1
1148,手撕包菜,1
1148,辣子鸡,3
1148,红烧排骨,4
1148,干煸豆角,4
1148,白切鸡,2
1148,烧茄子,4
1148,韭菜炒鸡蛋,3
1148,地三鲜,1
1148,冬瓜排骨汤,1
1148,葱爆羊肉,3
1148,青椒土豆丝,2
1148,干锅菜花,4
1149,干煸豆角,2
1149,红烧排骨,5
1149,干锅菜花,2
1149,回锅肉,4
1149,木耳炒肉,5
1149,番茄炒蛋,1
1149,宫保鸡丁,4
1149,青椒土豆丝,1
1149,京酱肉丝,1
1149,酸辣土豆丝,3
1149,香菇青菜,3
1149,土豆烧牛肉,4
1149,酸菜鱼,5
1149,辣子鸡,2
1149,糖醋里脊,2
1149,水煮鱼,2
1149,鱼香肉丝,4
1149,蒜蓉西兰花,4
1149,手撕包菜,1
1149,蚝油生菜,3
1149,韭菜炒鸡蛋,5
1149,麻婆豆腐,3
1150,韭菜炒鸡蛋,2
1150,水煮鱼,3
1150,白切鸡,1
1150,烧茄子,5
1150,干锅菜花,2
1150,鱼香肉丝,1
1150,西红柿鸡蛋汤,1
1150,地三鲜,5
1150,宫保鸡丁,2
1150,酸辣土豆丝,5
1150,红烧排骨,3
1150,葱爆羊肉,2
1150,香菇青菜,2
1150,土豆烧牛肉,2
1150,红烧肉,2
1150,手撕包菜,5
1150,辣子鸡,4
1151,鱼香肉丝,1
1151,木耳炒肉,4
1151,回锅肉,3
1151,红烧排骨,4
1151,烧茄子,3
1151,糖醋里脊,1
1151,香菇青菜,3
1151,西红柿鸡蛋汤,2
1151,酸菜鱼,3
1151,蒜蓉西兰花,5
1151,番茄炒蛋,4
1151,韭菜炒鸡蛋,2
1151,水煮鱼,5
1151,干煸豆角,4
1151,地三鲜,2
1151,干锅菜花,4
1151,白切鸡,2
1151,京酱肉丝,3
1151,宫保鸡丁,5
1151,酸辣土豆丝,1
1151,手撕包菜,5
1151,土豆烧牛肉,5
1151,青椒土豆丝,2
1151,紫菜蛋花汤,1
1151,麻婆豆腐,2
1151,红烧肉,3
1151,蚝油生菜,5
1152,紫菜蛋花汤,3
1152,香菇青菜,4
1152,酸辣土豆丝,1
1152,干锅菜花,3
1152,青椒土豆丝,4
1152,手撕包菜,3
1152,烧茄子,2
1152,葱爆羊肉,5
1152,木耳炒肉,1
1152,西红柿鸡蛋汤,2
1152,番茄炒蛋,5
1152,回锅肉,5
1152,辣子鸡,1
1152,糖醋里脊,2
1152,土豆烧牛肉,3
1152,水煮鱼,5
1152,酸菜鱼,1
1152,白切鸡,3
1152,红烧肉,2
1152,冬瓜排骨汤,3
1152,蚝油生菜,4
1152,红烧排骨,5
1152,韭菜炒鸡蛋,4
1152,宫保鸡丁,1
1152,地三鲜,1
1152,干煸豆角,1
1153,辣子鸡,2
1153,鱼香肉丝,2
1153,白切鸡,3
1153,麻婆豆腐,3
1153,葱爆羊肉,5
1153,韭菜炒鸡蛋,2
1153,地三鲜,1
1153,香菇青菜,2
1153,青椒土豆丝,4
1153,手撕包菜,5
1153,蚝油生菜,2
1153,红烧肉,1
1153,紫菜蛋花汤,5
1153,番茄炒蛋,1
1153,京酱肉丝,3
1153,糖醋里脊,1
1153,酸辣土豆丝,1
1153,烧茄子,3
1153,冬瓜排骨汤,2
1154,青椒土豆丝,5
1154,水煮鱼,1
1154,韭菜炒鸡蛋,1
1154,西红柿鸡蛋汤,1
1154,手撕包菜,5
1154,干锅菜花,3
1154,番茄炒蛋,2
1154,酸辣土豆丝,5
1154,京酱肉丝,2
1154,辣子鸡,2
1154,麻婆豆腐,3
1154,回锅肉,5
1154,香菇青菜,5
1154,酸菜鱼,3
1154,葱爆羊肉,4
1155,辣子鸡,2
1155,番茄炒蛋,4
1155,西红柿鸡蛋汤,3
1155,红烧排骨,1
1155,土豆烧牛肉,1
1155,烧茄子,2
1155,青椒土豆丝,2
1155,手撕包菜,5
1155,酸菜鱼,5
1155,白切鸡,1
1155,葱爆羊肉,5
1155,韭菜炒鸡蛋,1
1155,香菇青菜,1
1155,蚝油生菜,4
1155,麻婆豆腐,3
1155,冬瓜排骨汤,4
1155,水煮鱼,4
1155,紫菜蛋花汤,1
1155,鱼香肉丝,3
1155,蒜蓉西兰花,3
1155,干煸豆角,2
1155,糖醋里脊,4
1155,京酱肉丝,5
1155,干锅菜花,4
1155,酸辣土豆丝,2
1155,木耳炒肉,3
1156,回锅肉,4
1156,干煸豆角,5
1156,宫保鸡丁,2
1156,韭菜炒鸡蛋,1
1156,辣子鸡,4
1156,番茄炒蛋,4
1156,烧茄子,3
1156,青椒土豆丝,3
1156,水煮鱼,5
1156,京酱肉丝,2
1156,白切鸡,5
1157,辣子鸡,3
1157,青椒土豆丝,3
1157,干煸豆角,2
1157,红烧排骨,5
1157,京酱肉丝,2
1157,木耳炒肉,3
1157,鱼香肉丝,2
1158,香菇青菜,2
1158,土豆烧牛肉,2
1158,韭菜炒鸡蛋,1
1158,青椒土豆丝,2
1158,酸菜鱼,2
1158,干锅菜花,4
1158,糖醋里脊,3
1158,木耳炒肉,1
1158,蒜蓉西兰花,2
1158,水煮鱼,2
1158,冬瓜排骨汤,3
1158,白切鸡,4
1158,鱼香肉丝,3
1158,紫菜蛋花汤,1
1158,红烧排骨,5
1158,红烧肉,5
1158,番茄炒蛋,3
1159,韭菜炒鸡蛋,3
1159,木耳炒肉,1
1159,干锅菜花,3
1159,番茄炒蛋,1
1159,宫保鸡丁,4
1159,青椒土豆丝,1
1159,手撕包菜,2
1160,木耳炒肉,3
1160,红烧肉,3
1160,酸菜鱼,3
1160,水煮鱼,5
1160,鱼香肉丝,4
1160,香菇青菜,1
1160,韭菜炒鸡蛋,5
1160,麻婆豆腐,3
1161,韭菜炒鸡蛋,2
1161,宫保鸡丁,5
1161,回锅肉,1
1161,红烧肉,4
1161,木耳炒肉,5
1161,烧茄子,1
1161,干煸豆角,5
1161,酸辣土豆丝,1
1161,辣子鸡,2
1161,酸菜鱼,3
1161,京酱肉丝,1
1161,紫菜蛋花汤,3
1161,麻婆豆腐,2
1161,土豆烧牛肉,3
1161,番茄炒蛋,5
1161,香菇青菜,3
1161,葱爆羊肉,1
1161,干锅菜花,5
1161,西红柿鸡蛋汤,4
1161,蒜蓉西兰花,1
1161,白切鸡,3
1162,香菇青菜,5
1162,冬瓜排骨汤,3
1162,手撕包菜,4
1162,酸菜鱼,2
1162,地三鲜,3
1162,紫菜蛋花汤,2
1162,水煮鱼,1
1162,京酱肉丝,1
1162,葱爆羊肉,4
1162,青椒土豆丝,4
1162,番茄炒蛋,1
1162,蒜蓉西兰花,3
1162,红烧肉,1
1162,回锅肉,3
1162,干煸豆角,2
1162,酸辣土豆丝,1
1162,鱼香肉丝,3
1162,韭菜炒鸡蛋,5
1162,糖醋里脊,5
1162,宫保鸡丁,4
1162,蚝油生菜,5
1162,麻婆豆腐,3
1162,木耳炒肉,4
1163,干锅菜花,1
1163,紫菜蛋花汤,2
1163,麻婆豆腐,5
1163,辣子鸡,2
1163,糖醋里脊,4
1163,干煸豆角,5
1163,蚝油生菜,5
1163,韭菜炒鸡蛋,5
1163,葱爆羊肉,5
1163,鱼香肉丝,1
1163,蒜蓉西兰花,5
1163,宫保鸡丁,5
1163,红烧排骨,2
1163,水煮鱼,1
1163,土豆烧牛肉,3
1163,香菇青菜,4
1163,红烧肉,1
1163,京酱肉丝,4
1163,酸辣土豆丝,2
1163,西红柿鸡蛋汤,5
1164,水煮鱼,4
1164,葱爆羊肉,3
1164,蒜蓉西兰花,4
1164,香菇青菜,5
1164,韭菜炒鸡蛋,5
1164,土豆烧牛肉,2
1164,酸辣土豆丝,4
1164,地三鲜,4
1164,麻婆豆腐,2
1164,冬瓜排骨汤,5
1164,蚝油生菜,1
1164,西红柿鸡蛋汤,1
1164,宫保鸡丁,4
1164,白切鸡,2
1164,手撕包菜,4
1164,酸菜鱼,2
1164,辣子鸡,1
1165,烧茄子,4
1165,土豆烧牛肉,5
1165,水煮鱼,4
1165,干煸豆角,5
1165,木耳炒肉,5
1165,辣子鸡,5
1165,干锅菜花,5
1165,红烧肉,3
1165,紫菜蛋花汤,1
1165,糖醋里脊,3
1165,酸辣土豆丝,3
1165,蚝油生菜,3
1165,地三鲜,5
1165,葱爆羊肉,5
1165,手撕包菜,2
1165,鱼香肉丝,4
1165,青椒土豆丝,4
1165,回锅肉,1
1165,冬瓜排骨汤,3
1165,白切鸡,4
1165,京酱肉丝,4
1165,西红柿鸡蛋汤,3
1165,酸菜鱼,5
1165,红烧排骨,1
1166,京酱肉丝,3
1166,蒜蓉西兰花,3
1166,西红柿鸡蛋汤,4
1166,酸辣土豆丝,1
1166,葱爆羊肉,3
1166,干锅菜花,5
1166,地三鲜,3
1166,麻婆豆腐,4
1166,土豆烧牛肉,2
1166,酸菜鱼,3
1166,香菇青菜,2
1166,水煮鱼,1
1166,韭菜炒鸡蛋,5
1166,蚝油生菜,1
1167,烧茄子,2
1167,干锅菜花,1
1167,糖醋里脊,2
1167,红烧排骨,1
1167,红烧肉,4
1167,鱼香肉丝,4
1167,酸辣土豆丝,5
1167,宫保鸡丁,4
1167,蚝油生菜,1
1167,地三鲜,5
1167,蒜蓉西兰花,2
1167,紫菜蛋花汤,4
1167,葱爆羊肉,1
1167,酸菜鱼,3
1167,冬瓜排骨汤,3
1167,水煮鱼,5
1167,京酱肉丝,4
1167,青椒土豆丝,2
1167,木耳炒肉,1
1167,土豆烧牛肉,1
1167,白切鸡,2
1168,干煸豆角,1
1168,宫保鸡丁,3
1168,红烧肉,3
1168,地三鲜,5
1168,辣子鸡,1
1168,酸菜鱼,5
1168,手撕包菜,1
1168,鱼香肉丝,5
1168,紫菜蛋花汤,5
1169,木耳炒肉,2
1169,糖醋里脊,3
1169,红烧排骨,2
1169,香菇青菜,5
1169,京酱肉丝,2
1169,烧茄子,1
1169,干锅菜花,1
1169,青椒土豆丝,1
1169,蒜蓉西兰花,5
1169,干煸豆角,1
1169,紫菜蛋花汤,3
1169,红烧肉,2
1169,辣子鸡,3
1169,蚝油生菜,2
1169,水煮鱼,5
1169,西红柿鸡蛋汤,3
1169,白切鸡,5
1169,鱼香肉丝,2
1170,香菇青菜,3
1171,干锅菜花,3
1171,红烧排骨,3
1171,烧茄子,4
1171,葱爆羊肉,4
1172,蒜蓉西兰花,3
1172,白切鸡,1
1172,香菇青菜,5
1172,韭菜炒鸡蛋,5
1172,糖醋里脊,4
1173,红烧肉,4
1173,酸菜鱼,1
1173,紫菜蛋花汤,1
1173,干锅菜花,2
1173,手撕包菜,2
1173,西红柿鸡蛋汤,2
1174,红烧肉,3
1174,青椒土豆丝,1
1175,京酱肉丝,1
1175,酸辣土豆丝,3
1175,干锅菜花,1
1175,冬瓜排骨汤,5
1175,水煮鱼,2
1175,番茄炒蛋,5
1175,地三鲜,1
1175,麻婆豆腐,3
1175,干煸豆角,1
1175,西红柿鸡蛋汤,4
1175,蒜蓉西兰花,4
1175,红烧排骨,4
1176,韭菜炒鸡蛋,1
1176,土豆烧牛肉,2
1177,红烧排骨,4
1177,红烧肉,5
1177,香菇青菜,1
1177,蒜蓉西兰花,5
1177,土豆烧牛肉,5
1177,辣子鸡,4
1177,回锅肉,2
1178,麻婆豆腐,2
1178,酸菜鱼,3
1178,红烧肉,5
1178,香菇青菜,2
1178,京酱肉丝,3
1178,白切鸡,5
1178,西红柿鸡蛋汤,5
1178,土豆烧牛肉,4
1178,辣子鸡,2
1178,干煸豆角,1
1178,烧茄子,2
1178,冬瓜排骨汤,4
1178,鱼香肉丝,2
1178,红烧排骨,4
1179,辣子鸡,2
1179,地三鲜,1
1179,宫保鸡丁,1
1180,宫保鸡丁,4
1180,韭菜炒鸡蛋,1
1180,红烧肉,5
1180,京酱肉丝,5
1180,干煸豆角,1
1180,木耳炒肉,1
1180,烧茄子,5
1180,红烧排骨,5
1180,水煮鱼,2
1180,回锅肉,3
1180,蚝油生菜,4
1180,青椒土豆丝,5
1180,葱爆羊肉,2
1180,鱼香肉丝,3
1180,手撕包菜,4
1180,紫菜蛋花汤,4
1180,蒜蓉西兰花,5
1180,冬瓜排骨汤,5
1181,手撕包菜,3
1181,糖醋里脊,1
1181,辣子鸡,2
1181,麻婆豆腐,2
1181,宫保鸡丁,3
1181,青椒土豆丝,1
1181,回锅肉,4
1181,木耳炒肉,5
1181,酸辣土豆丝,1
1181,韭菜炒鸡蛋,3
1181,西红柿鸡蛋汤,3
1181,烧茄子,4
1181,蒜蓉西兰花,1
1181,水煮鱼,5
1181,土豆烧牛肉,3
1181,葱爆羊肉,4
1181,干锅菜花,1
1181,干煸豆角,5
1181,酸菜鱼,3
1181,蚝油生菜,1
1181,红烧肉,4
1181,鱼香肉丝,4
1182,辣子鸡,4
1182,干煸豆角,5
1182,木耳炒肉,2
1182,蒜蓉西兰花,1
1183,糖醋里脊,1
1184,蚝油生菜,2
1184,紫菜蛋花汤,4
1184,地三鲜,3
1184,手撕包菜,4
1184,京酱肉丝,5
1184,回锅肉,3
1184,酸菜鱼,1
1184,香菇青菜,4
1184,红烧肉,3
1185,青椒土豆丝,2
1186,紫菜蛋花汤,2
1186,干锅菜花,4
1186,回锅肉,4
1186,冬瓜排骨汤,3
1186,白切鸡,2
1186,烧茄子,1
1186,红烧排骨,5
1186,蚝油生菜,1
1186,蒜蓉西兰花,3
1186,西红柿鸡蛋汤,4
1186,鱼香肉丝,4
1186,青椒土豆丝,2
1186,酸辣土豆丝,1
1186,水煮鱼,1
1186,土豆烧牛肉,1
1186,糖醋里脊,1
1186,地三鲜,5
1186,辣子鸡,5
1186,红烧肉,4
1186,宫保鸡丁,3
1186,麻婆豆腐,3
1186,手撕包菜,4
1186,葱爆羊肉,1
1186,韭菜炒鸡蛋,2
1186,木耳炒肉,3
1186,干煸豆角,2
1186,番茄炒蛋,4
1186,香菇青菜,1
1187,紫菜蛋花汤,4
1187,辣子鸡,5
1187,鱼香肉丝,5
1187,宫保鸡丁,5
1187,回锅肉,3
1187,干锅菜花,5
1187,西红柿鸡蛋汤,3
1187,蒜蓉西兰花,5
1187,京酱肉丝,1
1187,手撕包菜,4
1187,白切鸡,1
1187,酸辣土豆丝,2
1187,土豆烧牛肉,4
1188,水煮鱼,4
1188,鱼香肉丝,1
1188,宫保鸡丁,1
1188,干锅菜花,3
1188,蚝油生菜,5
1188,木耳炒肉,1
1188,西红柿鸡蛋汤,2
1188,麻婆豆腐,1
1188,手撕包菜,3
1188,香菇青菜,3
1188,青椒土豆丝,3
1188,烧茄子,1
1188,酸菜鱼,3
1188,辣子鸡,3
1188,糖醋里脊,5
1188,京酱肉丝,4
1188,紫菜蛋花汤,4
1188,酸辣土豆丝,3
1188,白切鸡,2
1188,回锅肉,2
1188,冬瓜排骨汤,2
1188,蒜蓉西兰花,5
1188,土豆烧牛肉,3
1188,葱爆羊肉,5
1188,干煸豆角,4
1188,红烧肉,3
1189,番茄炒蛋,1
1189,青椒土豆丝,1
1189,红烧排骨,3
1189,水煮鱼,5
1189,香菇青菜,5
1189,手撕包菜,5
1189,干煸豆角,2
1189,鱼香肉丝,4
1189,糖醋里脊,4
1189,西红柿鸡蛋汤,3
1189,地三鲜,2
1189,烧茄子,4
1190,水煮鱼,5
1190,酸辣土豆丝,4
1190,白切鸡,3
1190,香菇青菜,2
1190,烧茄子,5
1190,干锅菜花,2
1190,青椒土豆丝,4
1190,紫菜蛋花汤,4
1190,手撕包菜,5
1190,糖醋里脊,4
1190,红烧排骨,1
1190,辣子鸡,3
1190,葱爆羊肉,1
1190,红烧肉,2
1190,回锅肉,3
1190,木耳炒肉,5
1190,西红柿鸡蛋汤,2
1190,地三鲜,1
1190,京酱肉丝,4
1190,麻婆豆腐,5
1190,韭菜炒鸡蛋,4
1190,干煸豆角,4
1190,番茄炒蛋,1
1191,鱼香肉丝,4
1191,地三鲜,2
1191,西红柿鸡蛋汤,3
1191,土豆烧牛肉,1
1191,烧茄子,4
1191,水煮鱼,5
1191,香菇青菜,5
1191,青椒土豆丝,5
1191,酸菜鱼,2
1191,干锅菜花,3
1191,白切鸡,3
1191,红烧肉,4
1191,手撕包菜,3
1191,木耳炒肉,4
1192,木耳炒肉,1
1192,红烧排骨,3
1192,土豆烧牛肉,3
1192,韭菜炒鸡蛋,3
1192,白切鸡,4
1192,干锅菜花,1
1192,鱼香肉丝,2
1193,韭菜炒鸡蛋,1
1193,青椒土豆丝,5
1193,回锅肉,2
1193,干煸豆角,4
1193,红烧肉,1
1193,香菇青菜,1
1193,紫菜蛋花汤,1
1193,水煮鱼,1
1193,土豆烧牛肉,1
1193,京酱肉丝,1
1193,烧茄子,1
1193,红烧排骨,3
1193,蚝油生菜,4
1193,地三鲜,1
1193,酸菜鱼,4
1193,麻婆豆腐,1
1193,辣子鸡,5
1193,手撕包菜,4
1193,鱼香肉丝,2
1193,番茄炒蛋,5
1194,蚝油生菜,1
1194,回锅肉,2
1194,手撕包菜,1
1194,酸辣土豆丝,1
1194,白切鸡,5
1194,烧茄子,5
1194,蒜蓉西兰花,2
1194,麻婆豆腐,2
1194,红烧肉,5
1195,辣子鸡,3
1195,干煸豆角,4
1195,京酱肉丝,1
1195,木耳炒肉,5
1195,红烧排骨,2
1195,白切鸡,2
1195,宫保鸡丁,1
1195,西红柿鸡蛋汤,5
1195,韭菜炒鸡蛋,5
1195,土豆烧牛肉,2
1195,冬瓜排骨汤,2
1195,香菇青菜,1
1195,红烧肉,4
1195,糖醋里脊,2
1195,蒜蓉西兰花,1
1195,酸辣土豆丝,5
1195,鱼香肉丝,4
1195,烧茄子,3
1195,酸菜鱼,1
1195,手撕包菜,4
1195,回锅肉,4
1195,干锅菜花,1
1195,青椒土豆丝,2
1195,番茄炒蛋,1
1195,水煮鱼,2
1195,紫菜蛋花汤,2
1195,蚝油生菜,4
1195,地三鲜,3
1196,水煮鱼,3
1196,韭菜炒鸡蛋,2
1196,烧茄子,5
1196,葱爆羊肉,2
1196,白切鸡,4
1196,青椒土豆丝,4
1196,木耳炒肉,1
1196,蒜蓉西兰花,2
1196,糖醋里脊,4
1196,酸菜鱼,5
1196,蚝油生菜,2
1196,红烧排骨,4
1196,麻婆豆腐,5
1196,酸辣土豆丝,3
1196,干锅菜花,5
1196,干煸豆角,5
1196,红烧肉,5
1196,鱼香肉丝,3
1196,紫菜蛋花汤,2
1196,土豆烧牛肉,2
1196,地三鲜,3
1196,宫保鸡丁,2
1196,辣子鸡,5
1196,番茄炒蛋,4
1196,回锅肉,3
1197,辣子鸡,5
1197,干煸豆角,4
1197,蒜蓉西兰花,5
1197,回锅肉,1
1197,手撕包菜,1
1197,青椒土豆丝,1
1197,酸辣土豆丝,3
1197,烧茄子,2
1197,葱爆羊肉,2
1198,葱爆羊肉,1
1198,回锅肉,5
1199,蒜蓉西兰花,1
1199,鱼香肉丝,3
1199,酸菜鱼,4
1199,土豆烧牛肉,2
1199,香菇青菜,4
1199,蚝油生菜,2
1199,麻婆豆腐,1
1199,冬瓜排骨汤,4
1199,韭菜炒鸡蛋,2
1199,地三鲜,4
1199,白切鸡,4
1199,宫保鸡丁,1
1199,京酱肉丝,2
1199,番茄炒蛋,2
1199,手撕包菜,2
1199,回锅肉,3
1199,青椒土豆丝,5
1199,辣子鸡,3
1199,西红柿鸡蛋汤,1
1199,酸辣土豆丝,5
1199,紫菜蛋花汤,1
1199,红烧排骨,2
1199,干煸豆角,5
1200,地三鲜,5
1200,干煸豆角,3
1200,白切鸡,4
1200,红烧排骨,5
1200,木耳炒肉,3
1200,香菇青菜,3
1200,干锅菜花,1
1200,青椒土豆丝,5
1200,酸辣土豆丝,2
1200,蚝油生菜,3
1200,糖醋里脊,4
1201,干煸豆角,1
1201,麻婆豆腐,2
1201,西红柿鸡蛋汤,5
1201,冬瓜排骨汤,4
1201,香菇青菜,2
1201,紫菜蛋花汤,3
1201,糖醋里脊,4
1201,京酱肉丝,4
1201,干锅菜花,4
1202,水煮鱼,3
1202,番茄炒蛋,2
1202,地三鲜,2
1202,土豆烧牛肉,2
1203,蚝油生菜,1
1204,宫保鸡丁,1
1204,地三鲜,1
1204,京酱肉丝,4
1204,青椒土豆丝,5
1204,紫菜蛋花汤,5
1204,酸辣土豆丝,2
1204,蒜蓉西兰花,1
1204,韭菜炒鸡蛋,2
1204,红烧肉,4
1204,红烧排骨,2
1204,番茄炒蛋,4
1204,回锅肉,3
1204,土豆烧牛肉,3
1204,干煸豆角,5
1204,干锅菜花,3
1204,水煮鱼,2
1204,葱爆羊肉,2
1204,麻婆豆腐,1
1205,红烧肉,5
1205,鱼香肉丝,4
1205,麻婆豆腐,2
1205,白切鸡,4
1205,干锅菜花,3
1205,西红柿鸡蛋汤,1
1205,土豆烧牛肉,2
1205,辣子鸡,5
1205,紫菜蛋花汤,3
1205,酸辣土豆丝,3
1205,香菇青菜,3
1205,回锅肉,1
1205,冬瓜排骨汤,1
1205,葱爆羊肉,1
1205,番茄炒蛋,3
1205,青椒土豆丝,1
1206,蒜蓉西兰花,5
1206,水煮鱼,3
1207,土豆烧牛肉,1
1207,手撕包菜,2
1207,回锅肉,3
1207,韭菜炒鸡蛋,2
1207,红烧肉,3
1207,蚝油生菜,2
1207,葱爆羊肉,4
1207,番茄炒蛋,3
1207,糖醋里脊,2
1207,宫保鸡丁,5
1207,鱼香肉丝,1
1207,干煸豆角,4
1207,酸辣土豆丝,5
1207,白切鸡,2
1207,干锅菜花,5
1207,麻婆豆腐,1
1207,香菇青菜,5
1207,水煮鱼,1
1207,木耳炒肉,4
1207,蒜蓉西兰花,4
1207,紫菜蛋花汤,2
1207,冬瓜排骨汤,1
1207,京酱肉丝,4
1208,西红柿鸡蛋汤,1
1208,蚝油生菜,5
1208,葱爆羊肉,3
1208,白切鸡,3
1208,京酱肉丝,3
1208,土豆烧牛肉,5
1208,香菇青菜,1
1208,干煸豆角,1
1208,辣子鸡,3
1208,鱼香肉丝,1
1208,青椒土豆丝,4
1208,糖醋里脊,4
1208,烧茄子,3
1208,回锅肉,2
1208,地三鲜,5
1208,红烧肉,4
1208,干锅菜花,2
1208,宫保鸡丁,5
1208,手撕包菜,1
1208,红烧排骨,5
1208,紫菜蛋花汤,2
1208,酸菜鱼,3
1208,蒜蓉西兰花,1
1208,麻婆豆腐,1
1208,冬瓜排骨汤,3
1208,水煮鱼,1
1208,酸辣土豆丝,3
1209,鱼香肉丝,4
1209,烧茄子,4
1209,白切鸡,3
1209,蚝油生菜,2
1209,葱爆羊肉,3
1209,冬瓜排骨汤,3
1209,红烧排骨,1
1209,韭菜炒鸡蛋,3
1209,木耳炒肉,4
1209,水煮鱼,4
1209,糖醋里脊,2
1209,西红柿鸡蛋汤,3
1209,酸菜鱼,2
1209,番茄炒蛋,5
1209,土豆烧牛肉,3
1209,蒜蓉西兰花,1
1209,麻婆豆腐,1
1209,地三鲜,1
1209,酸辣土豆丝,1
1209,干煸豆角,3
1209,香菇青菜,2
1209,回锅肉,3
1209,紫菜蛋花汤,3
1209,辣子鸡,5
1209,红烧肉,4
1209,干锅菜花,2
1209,宫保鸡丁,4
1210,韭菜炒鸡蛋,3
1210,土豆烧牛肉,3
1210,西红柿鸡蛋汤,5
1210,冬瓜排骨汤,5
1210,番茄炒蛋,1
1210,京酱肉丝,5
1210,宫保鸡丁,4
1210,青椒土豆丝,1
1210,麻婆豆腐,5
1210,干锅菜花,4
1210,回锅肉,1
1210,木耳炒肉,3
1210,鱼香肉丝,2
1210,紫菜蛋花汤,2
1210,红烧排骨,5
1211,青椒土豆丝,3
1211,地三鲜,4
1211,韭菜炒鸡蛋,4
1211,酸菜鱼,2
1211,冬瓜排骨汤,4
1211,手撕包菜,3
1211,辣子鸡,3
1211,干煸豆角,1
1211,西红柿鸡蛋汤,1
1211,白切鸡,4
1211,番茄炒蛋,1
1211,宫保鸡丁,5
1211,木耳炒肉,5
1211,蚝油生菜,3
1211,葱爆羊肉,5
1211,紫菜蛋花汤,5
1211,烧茄子,4
1211,干锅菜花,1
1211,京酱肉丝,1
1211,酸辣土豆丝,3
1211,土豆烧牛肉,2
1211,红烧排骨,2
1211,回锅肉,1
1211,香菇青菜,2
1211,蒜蓉西兰花,2
1211,水煮鱼,4
1211,糖醋里脊,5
1211,鱼香肉丝,5
1211,红烧肉,4
1212,鱼香肉丝,5
1212,紫菜蛋花汤,2
1213,干锅菜花,5
1213,葱爆羊肉,5
1213,干煸豆角,5
1213,酸辣土豆丝,5
1213,麻婆豆腐,2
1213,红烧肉,1
1213,冬瓜排骨汤,4
1213,蒜蓉西兰花,3
1213,烧茄子,4
1214,水煮鱼,5
1214,酸辣土豆丝,1
1214,紫菜蛋花汤,5
1214,西红柿鸡蛋汤,3
1214,青椒土豆丝,2
1214,木耳炒肉,5
1214,红烧排骨,4
1214,白切鸡,4
1214,烧茄子,2
1214,香菇青菜,1
1214,手撕包菜,5
1214,红烧肉,1
1214,干锅菜花,1
1214,冬瓜排骨汤,4
1214,酸菜鱼,2
1214,地三鲜,4
1214,糖醋里脊,5
1214,鱼香肉丝,3
1214,蒜蓉西兰花,5
1214,土豆烧牛肉,5
1214,回锅肉,5
1214,蚝油生菜,3
1214,番茄炒蛋,3
1214,葱爆羊肉,3
1214,宫保鸡丁,4
1214,韭菜炒鸡蛋,3
1214,麻婆豆腐,3
1214,干煸豆角,3
1214,辣子鸡,1
1215,宫保鸡丁,5
1215,干锅菜花,3
1215,京酱肉丝,5
1215,红烧排骨,1
1215,番茄炒蛋,4
1215,酸辣土豆丝,5
1215,葱爆羊肉,5
1215,红烧肉,4
1215,冬瓜排骨汤,3
1215,烧茄子,5
1215,酸菜鱼,3
1215,辣子鸡,4
1215,青椒土豆丝,5
1215,木耳炒肉,2
1215,西红柿鸡蛋汤,4
1215,手撕包菜,3
1215,蚝油生菜,4
1215,蒜蓉西兰花,5
1215,紫菜蛋花汤,1
1215,糖醋里脊,4
1215,鱼香肉丝,4
1215,韭菜炒鸡蛋,5
1215,水煮鱼,3
1215,麻婆豆腐,2
1215,回锅肉,3
1215,香菇青菜,1
1215,地三鲜,4
1215,白切鸡,2
1216,干锅菜花,1
1216,烧茄子,4
1217,京酱肉丝,5
1217,水煮鱼,2
1217,干煸豆角,2
1217,烧茄子,2
1217,糖醋里脊,2
1217,酸菜鱼,5
1217,冬瓜排骨汤,3
1217,鱼香肉丝,3
1217,木耳炒肉,1
1217,酸辣土豆丝,2
1217,韭菜炒鸡蛋,2
1217,香菇青菜,4
1217,蒜蓉西兰花,5
1217,蚝油生菜,5
1217,紫菜蛋花汤,5
1218,红烧肉,4
1218,土豆烧牛肉,3
1218,酸菜鱼,2
1218,干煸豆角,2
1218,手撕包菜,4
1218,宫保鸡丁,2
1218,酸辣土豆丝,3
1218,番茄炒蛋,3
1218,青椒土豆丝,1
1218,麻婆豆腐,3
1218,紫菜蛋花汤,5
1219,红烧肉,5
1219,回锅肉,3
1219,白切鸡,1
1219,韭菜炒鸡蛋,5
1219,宫保鸡丁,2
1219,糖醋里脊,3
1219,紫菜蛋花汤,3
1219,酸辣土豆丝,3
1219,青椒土豆丝,3
1219,西红柿鸡蛋汤,4
1219,香菇青菜,1
1219,冬瓜排骨汤,2
1219,麻婆豆腐,1
1219,辣子鸡,1
1219,葱爆羊肉,4
1220,香菇青菜,4
1220,回锅肉,3
1220,麻婆豆腐,3
1220,糖醋里脊,3
1221,回锅肉,4
1221,蚝油生菜,4
1221,香菇青菜,1
1221,西红柿鸡蛋汤,2
1221,京酱肉丝,2
1221,水煮鱼,2
1221,番茄炒蛋,5
1221,手撕包菜,2
1221,土豆烧牛肉,1
1221,红烧排骨,3
1221,青椒土豆丝,4
1221,麻婆豆腐,3
1221,红烧肉,3
1221,冬瓜排骨汤,4
1221,鱼香肉丝,5
1221,葱爆羊肉,3
1221,糖醋里脊,2
1221,酸辣土豆丝,1
1221,蒜蓉西兰花,3
1222,地三鲜,1
1222,酸菜鱼,4
1222,蚝油生菜,4
1222,西红柿鸡蛋汤,4
1222,红烧排骨,5
1222,木耳炒肉,5
1222,宫保鸡丁,3
1222,红烧肉,2
1222,葱爆羊肉,2
1222,糖醋里脊,2
1222,手撕包菜,4
1222,干煸豆角,4
1223,糖醋里脊,3
1223,红烧排骨,1
1223,酸辣土豆丝,4
1223,白切鸡,1
1223,宫保鸡丁,4
1223,回锅肉,5
1223,干煸豆角,1
1223,葱爆羊肉,4
1223,蚝油生菜,4
1223,鱼香肉丝,1
1223,蒜蓉西兰花,1
1223,番茄炒蛋,3
1223,青椒土豆丝,1
1223,京酱肉丝,2
1223,木耳炒肉,1
1223,地三鲜,1
1223,酸菜鱼,2
1223,麻婆豆腐,5
1223,紫菜蛋花汤,2
1223,辣子鸡,3
1223,烧茄子,3
1223,香菇青菜,5
1223,手撕包菜,1
1223,冬瓜排骨汤,4
1223,韭菜炒鸡蛋,4
1223,红烧肉,5
1223,水煮鱼,4
1223,干锅菜花,2
1224,京酱肉丝,5
1224,番茄炒蛋,2
1224,酸辣土豆丝,2
1224,麻婆豆腐,2
1225,酸辣土豆丝,2
1225,烧茄子,2
1225,冬瓜排骨汤,4
1225,木耳炒肉,1
1225,麻婆豆腐,1
1225,紫菜蛋花汤,5
1225,白切鸡,2
1225,番茄炒蛋,2
1225,红烧排骨,5
1225,京酱肉丝,2
1225,手撕包菜,4
1225,红烧肉,4
1225,水煮鱼,3
1225,鱼香肉丝,2
1225,酸菜鱼,4
1225,土豆烧牛肉,1
1225,蒜蓉西兰花,3
1225,青椒土豆丝,3
1225,宫保鸡丁,5
1226,酸菜鱼,5
1226,香菇青菜,5
1226,酸辣土豆丝,1
1226,土豆烧牛肉,3
1226,木耳炒肉,3
1226,干锅菜花,4
1226,番茄炒蛋,4
1226,蚝油生菜,3
1226,红烧肉,5
1226,宫保鸡丁,5
1226,京酱肉丝,3
1226,糖醋里脊,2
1226,干煸豆角,3
1226,冬瓜排骨汤,4
1226,鱼香肉丝,4
1226,烧茄子,1
1226,麻婆豆腐,5
1226,红烧排骨,4
1227,韭菜炒鸡蛋,4
1227,木耳炒肉,3
1227,鱼香肉丝,4
1227,烧茄子,4
1227,葱爆羊肉,4
1227,回锅肉,1
1227,干锅菜花,4
1227,红烧肉,1
1227,西红柿鸡蛋汤,2
1227,手撕包菜,5
1227,酸菜鱼,5
1227,番茄炒蛋,5
1227,地三鲜,5
1227,酸辣土豆丝,4
1227,糖醋里脊,2
1227,青椒土豆丝,5
1227,干煸豆角,3
1227,蒜蓉西兰花,2
1227,土豆烧牛肉,4
1227,紫菜蛋花汤,5
1227,京酱肉丝,1
1227,辣子鸡,5
1227,白切鸡,2
1227,冬瓜排骨汤,5
1227,水煮鱼,2
1227,香菇青菜,4
1227,麻婆豆腐,1
1228,烧茄子,2
1228,手撕包菜,1
1228,京酱肉丝,4
1228,回锅肉,4
1228,水煮鱼,3
1228,干锅菜花,4
1228,鱼香肉丝,5
1228,酸辣土豆丝,3
1228,酸菜鱼,1
1228,糖醋里脊,2
1228,香菇青菜,4
1228,麻婆豆腐,5
1228,蒜蓉西兰花,5
1228,葱爆羊肉,2
1228,宫保鸡丁,1
1228,番茄炒蛋,2
1228,紫菜蛋花汤,3
1228,地三鲜,2
1228,冬瓜排骨汤,5
1228,土豆烧牛肉,3
1228,木耳炒肉,2
1228,辣子鸡,3
1228,韭菜炒鸡蛋,3
1229,木耳炒肉,1
1229,京酱肉丝,1
1229,蚝油生菜,5
1230,麻婆豆腐,1
1230,白切鸡,4
1230,土豆烧牛肉,4
1230,干煸豆角,1
1230,回锅肉,1
1230,冬瓜排骨汤,4
1230,鱼香肉丝,3
1230,蒜蓉西兰花,1
1230,干锅菜花,3
1230,酸辣土豆丝,2
1230,水煮鱼,2
1230,香菇青菜,4
1230,烧茄子,5
1230,韭菜炒鸡蛋,5
1230,京酱肉丝,3
1230,青椒土豆丝,4
1230,葱爆羊肉,5
1230,宫保鸡丁,4
1230,番茄炒蛋,4
1230,紫菜蛋花汤,2
1231,紫菜蛋花汤,2
1231,辣子鸡,1
1231,葱爆羊肉,3
1231,麻婆豆腐,1
1231,干煸豆角,2
1231,宫保鸡丁,3
1231,酸菜鱼,3
1231,木耳炒肉,5
1231,韭菜炒鸡蛋,4
1231,手撕包菜,2
1231,红烧排骨,2
1231,鱼香肉丝,5
1231,烧茄子,2
1231,香菇青菜,1
1231,土豆烧牛肉,1
1231,冬瓜排骨汤,1
1231,蒜蓉西兰花,2
1231,青椒土豆丝,5
1231,回锅肉,4
1231,番茄炒蛋,3
1231,白切鸡,5
1232,白切鸡,1
1232,香菇青菜,3
1232,回锅肉,1
1232,烧茄子,4
1232,干锅菜花,3
1232,干煸豆角,1
1232,韭菜炒鸡蛋,3
1232,木耳炒肉,2
1232,手撕包菜,4
1232,酸菜鱼,3
1232,青椒土豆丝,1
1232,葱爆羊肉,3
1232,酸辣土豆丝,1
1232,蚝油生菜,2
1232,辣子鸡,2
1232,红烧肉,4
1232,红烧排骨,5
1232,京酱肉丝,2
1232,麻婆豆腐,4
1232,番茄炒蛋,4
1232,地三鲜,4
1232,糖醋里脊,5
1232,蒜蓉西兰花,5
1232,土豆烧牛肉,4
1232,冬瓜排骨汤,4
1232,宫保鸡丁,5
1233,酸辣土豆丝,1
1233,干煸豆角,5
1233,西红柿鸡蛋汤,3
1233,京酱肉丝,3
1234,手撕包菜,3
1234,麻婆豆腐,5
1234,蚝油生菜,5
1234,冬瓜排骨汤,1
1234,干锅菜花,5
1234,辣子鸡,1
1234,白切鸡,2
1234,干煸豆角,3
1234,宫保鸡丁,5
1234,地三鲜,4
1234,蒜蓉西兰花,2
1234,紫菜蛋花汤,3
1234,京酱肉丝,1
1234,酸辣土豆丝,3
1234,西红柿鸡蛋汤,4
1234,红烧肉,3
1235,酸菜鱼,3
1235,鱼香肉丝,3
1235,红烧排骨,2
1235,白切鸡,3
1235,冬瓜排骨汤,2
1235,土豆烧牛肉,4
1235,葱爆羊肉,5
1235,糖醋里脊,1
1235,番茄炒蛋,1
1236,水煮鱼,2
1236,麻婆豆腐,3
1236,韭菜炒鸡蛋,5
1236,宫保鸡丁,1
1236,冬瓜排骨汤,1
1236,蒜蓉西兰花,2
1236,地三鲜,2
1236,蚝油生菜,4
1236,西红柿鸡蛋汤,3
1236,土豆烧牛肉,2
1236,回锅肉,3
1236,葱爆羊肉,5
1236,红烧排骨,4
1236,手撕包菜,2
1236,酸菜鱼,1
1236,辣子鸡,3
1236,紫菜蛋花汤,3
1236,干煸豆角,3
1236,木耳炒肉,5
1236,烧茄子,2
1236,番茄炒蛋,5
1236,糖醋里脊,5
1236,酸辣土豆丝,4
1236,红烧肉,5
1236,干锅菜花,1
1236,青椒土豆丝,5
1236,鱼香肉丝,2
1236,京酱肉丝,1
1236,白切鸡,3
1237,干煸豆角,5
1237,回锅肉,3
1237,白切鸡,4
1237,酸辣土豆丝,2
1237,土豆烧牛肉,1
1237,西红柿鸡蛋汤,3
1237,干锅菜花,4
1237,辣子鸡,1
1237,京酱肉丝,4
1237,鱼香肉丝,2
1237,韭菜炒鸡蛋,4
1237,番茄炒蛋,3
1237,青椒土豆丝,5
1237,木耳炒肉,1
1237,水煮鱼,3
1237,蚝油生菜,3
1238,红烧肉,2
1238,白切鸡,3
1238,木耳炒肉,1
1238,番茄炒蛋,1
1238,葱爆羊肉,5
1238,干锅菜花,2
1238,蚝油生菜,5
1238,西红柿鸡蛋汤,2
1238,蒜蓉西兰花,4
1238,干煸豆角,1
1238,韭菜炒鸡蛋,3
1238,手撕包菜,5
1238,土豆烧牛肉,4
1238,烧茄子,2
1238,红烧排骨,4
1238,青椒土豆丝,3
1238,冬瓜排骨汤,1
1238,紫菜蛋花汤,5
1238,京酱肉丝,2
1238,酸辣土豆丝,3
1238,回锅肉,4
1238,地三鲜,2
1238,香菇青菜,5
1238,糖醋里脊,5
1238,麻婆豆腐,1
1238,鱼香肉丝,1
1239,木耳炒肉,3
1239,回锅肉,4
1239,蒜蓉西兰花,5
1239,辣子鸡,2
1239,蚝油生菜,4
1240,蚝油生菜,3
1240,干煸豆角,2
1240,地三鲜,1
1240,葱爆羊肉,4
1240,水煮鱼,1
1240,麻婆豆腐,2
1240,冬瓜排骨汤,2
1240,木耳炒肉,4
1240,土豆烧牛肉,3
1240,京酱肉丝,2
1240,红烧肉,2
1240,白切鸡,1
1240,青椒土豆丝,2
1240,宫保鸡丁,4
1240,干锅菜花,2
1240,鱼香肉丝,4
1240,酸菜鱼,1
1240,糖醋里脊,5
1240,番茄炒蛋,4
1240,辣子鸡,2
1240,红烧排骨,3
1240,回锅肉,3
1240,香菇青菜,4
1240,烧茄子,3
1241,糖醋里脊,5
1241,冬瓜排骨汤,4
1241,麻婆豆腐,5
1241,蚝油生菜,1
1241,木耳炒肉,4
1241,水煮鱼,4
1241,红烧肉,1
1241,烧茄子,3
1241,西红柿鸡蛋汤,3
1241,紫菜蛋花汤,3
1241,土豆烧牛肉,5
1241,鱼香肉丝,5
1241,香菇青菜,3
1241,番茄炒蛋,5
1242,京酱肉丝,2
1242,青椒土豆丝,3
1242,地三鲜,2
1242,葱爆羊肉,1
1242,酸菜鱼,2
1242,韭菜炒鸡蛋,5
1242,辣子鸡,5
1242,麻婆豆腐,4
1242,蒜蓉西兰花,4
1242,鱼香肉丝,5
1242,番茄炒蛋,1
1242,土豆烧牛肉,3
1242,干煸豆角,5
1243,京酱肉丝,5
1243,红烧排骨,2
1243,韭菜炒鸡蛋,5
1243,白切鸡,3
1243,蒜蓉西兰花,4
1243,手撕包菜,1
1243,辣子鸡,3
1243,番茄炒蛋,2
1243,土豆烧牛肉,1
1244,麻婆豆腐,5
1244,干煸豆角,4
1244,青椒土豆丝,1
1244,木耳炒肉,2
1244,西红柿鸡蛋汤,2
1244,番茄炒蛋,2
1244,白切鸡,1
1244,土豆烧牛肉,2
1245,葱爆羊肉,2
1245,京酱肉丝,3
1245,蒜蓉西兰花,4
1245,紫菜蛋花汤,1
1245,辣子鸡,1
1245,红烧肉,4
1245,干锅菜花,2
1245,香菇青菜,5
1245,土豆烧牛肉,2
1245,西红柿鸡蛋汤,2
1245,手撕包菜,3
1245,木耳炒肉,3
1245,干煸豆角,3
1245,酸菜鱼,4
1245,番茄炒蛋,2
1245,青椒土豆丝,3
1245,麻婆豆腐,4
1245,回锅肉,2
1245,酸辣土豆丝,2
1245,糖醋里脊,2
1245,鱼香肉丝,4
1245,水煮鱼,4
1245,红烧排骨,1
1245,蚝油生菜,1
1245,白切鸡,3
1245,烧茄子,3
1245,韭菜炒鸡蛋,2
1245,地三鲜,3
1246,地三鲜,3
1246,韭菜炒鸡蛋,2
1246,红烧排骨,3
1246,香菇青菜,1
1246,糖醋里脊,2
1246,宫保鸡丁,3
1246,红烧肉,3
1246,干锅菜花,3
1246,青椒土豆丝,3
1246,烧茄子,4
1246,酸辣土豆丝,5
1246,番茄炒蛋,5
1246,土豆烧牛肉,2
1246,紫菜蛋花汤,5
1246,西红柿鸡蛋汤,4
1246,木耳炒肉,4
1246,鱼香肉丝,1
1247,水煮鱼,3
1247,紫菜蛋花汤,4
1247,葱爆羊肉,4
1247,香菇青菜,2
1247,土豆烧牛肉,5
1247,蚝油生菜,4
1247,麻婆豆腐,3
1247,地三鲜,4
1247,红烧排骨,5
1247,冬瓜排骨汤,1
1248,回锅肉,2
1248,蒜蓉西兰花,2
1248,干煸豆角,5
1248,紫菜蛋花汤,1
1248,酸辣土豆丝,2
1248,冬瓜排骨汤,3
1248,葱爆羊肉,5
1248,香菇青菜,5
1248,青椒土豆丝,3
1248,糖醋里脊,3
1249,干锅菜花,4
1249,韭菜炒鸡蛋,1
1249,紫菜蛋花汤,5
1249,鱼香肉丝,5
1249,木耳炒肉,3
1249,干煸豆角,2
1249,葱爆羊肉,1
1249,番茄炒蛋,1
1249,青椒土豆丝,2
1249,白切鸡,1
1249,回锅肉,2
1249,酸菜鱼,2
1249,烧茄子,5
1249,西红柿鸡蛋汤,5
1249,酸辣土豆丝,1
1249,红烧肉,1
1249,蚝油生菜,2
1249,手撕包菜,5
1250,麻婆豆腐,1
1250,冬瓜排骨汤,1
1250,手撕包菜,3
1250,京酱肉丝,2
1250,红烧肉,2
1250,土豆烧牛肉,4
1250,青椒土豆丝,3
1250,酸辣土豆丝,2
1250,地三鲜,3
1250,葱爆羊肉,4
1250,西红柿鸡蛋汤,4
1250,宫保鸡丁,1
1250,酸菜鱼,2
1250,紫菜蛋花汤,4
1250,红烧排骨,4
1250,回锅肉,2
1251,手撕包菜,3
1251,干锅菜花,5
1251,麻婆豆腐,5
1251,酸菜鱼,3
1251,京酱肉丝,3
1251,地三鲜,1
1251,白切鸡,3
1251,葱爆羊肉,3
1251,干煸豆角,2
1251,酸辣土豆丝,4
1251,紫菜蛋花汤,2
1251,西红柿鸡蛋汤,5
1251,辣子鸡,1
1251,烧茄子,4
1251,香菇青菜,1
1251,番茄炒蛋,3
1251,土豆烧牛肉,5
1252,西红柿鸡蛋汤,3
1252,紫菜蛋花汤,2
1252,木耳炒肉,1
1252,辣子鸡,4
1252,麻婆豆腐,5
1252,土豆烧牛肉,5
1252,青椒土豆丝,2
1252,白切鸡,1
1252,地三鲜,4
1252,番茄炒蛋,3
1252,酸菜鱼,1
1252,红烧肉,1
1253,烧茄子,4
1253,韭菜炒鸡蛋,2
1253,番茄炒蛋,1
1253,麻婆豆腐,5
1253,辣子鸡,5
1253,地三鲜,2
1253,香菇青菜,3
1253,蚝油生菜,1
1253,西红柿鸡蛋汤,2
1253,酸菜鱼,3
1253,红烧肉,2
1253,宫保鸡丁,2
1253,糖醋里脊,1
1253,红烧排骨,2
1253,白切鸡,3
1253,青椒土豆丝,3
1253,紫菜蛋花汤,1
1253,土豆烧牛肉,2
1253,干煸豆角,5
1253,酸辣土豆丝,2
1254,葱爆羊肉,5
1254,青椒土豆丝,3
1254,辣子鸡,1
1254,烧茄子,2
1254,蚝油生菜,2
1254,鱼香肉丝,2
1254,红烧排骨,3
1254,回锅肉,3
1254,麻婆豆腐,4
1254,番茄炒蛋,1
1254,干煸豆角,1
1254,土豆烧牛肉,5
1254,宫保鸡丁,5
1254,地三鲜,1
1254,木耳炒肉,1
1254,香菇青菜,2
1254,西红柿鸡蛋汤,3
1254,冬瓜排骨汤,2
1254,干锅菜花,3
1254,京酱肉丝,5
1254,酸菜鱼,3
1254,手撕包菜,4
1254,韭菜炒鸡蛋,1
1254,白切鸡,2
1254,水煮鱼,2
1255,手撕包菜,1
1255,干煸豆角,2
1255,白切鸡,5
1255,葱爆羊肉,1
1255,韭菜炒鸡蛋,2
1255,番茄炒蛋,5
1255,干锅菜花,1
1255,木耳炒肉,2
1255,土豆烧牛肉,1
1255,蚝油生菜,1
1255,麻婆豆腐,3
1255,紫菜蛋花汤,5
1255,香菇青菜,3
1255,青椒土豆丝,5
1255,辣子鸡,1
1255,烧茄子,2
1255,冬瓜排骨汤,5
1255,宫保鸡丁,5
1255,京酱肉丝,5
1255,酸辣土豆丝,1
1256,土豆烧牛肉,1
1256,烧茄子,5
1256,蒜蓉西兰花,2
1256,韭菜炒鸡蛋,1
1256,麻婆豆腐,2
1256,红烧排骨,2
1256,京酱肉丝,3
1256,干煸豆角,4
1256,葱爆羊肉,5
1256,辣子鸡,2
1256,地三鲜,1
1256,番茄炒蛋,4
1256,糖醋里脊,2
1256,水煮鱼,2
1256,冬瓜排骨汤,4
1256,酸菜鱼,4
1256,西红柿鸡蛋汤,4
1256,木耳炒肉,1
1257,紫菜蛋花汤,5
1257,韭菜炒鸡蛋,1
1257,西红柿鸡蛋汤,5
1257,麻婆豆腐,1
1257,香菇青菜,5
1257,木耳炒肉,4
1257,鱼香肉丝,3
1257,烧茄子,1
1257,糖醋里脊,3
1257,土豆烧牛肉,1
1258,青椒土豆丝,2
1258,酸辣土豆丝,1
1258,糖醋里脊,2
1258,蚝油生菜,3
1259,回锅肉,1
1259,红烧排骨,4
1259,地三鲜,1
1259,葱爆羊肉,2
1259,鱼香肉丝,4
1259,香菇青菜,5
1259,麻婆豆腐,1
1259,紫菜蛋花汤,1
1259,蒜蓉西兰花,1
1259,手撕包菜,3
1259,京酱肉丝,4
1259,冬瓜排骨汤,1
1259,宫保鸡丁,2
1259,烧茄子,5
1259,干锅菜花,5
1259,番茄炒蛋,4
1259,白切鸡,2
1259,西红柿鸡蛋汤,1
1259,酸辣土豆丝,4
1259,干煸豆角,4
1259,青椒土豆丝,4
1259,木耳炒肉,1
1259,水煮鱼,1
1259,蚝油生菜,3
1259,辣子鸡,5
1259,土豆烧牛肉,5
1260,京酱肉丝,2
1260,白切鸡,2
1260,冬瓜排骨汤,2
1260,木耳炒肉,4
1260,紫菜蛋花汤,1
1260,蚝油生菜,1
1260,干煸豆角,4
1260,西红柿鸡蛋汤,1
1260,青椒土豆丝,3
1261,木耳炒肉,2
1261,鱼香肉丝,1
1261,蚝油生菜,4
1261,西红柿鸡蛋汤,3
1261,红烧排骨,5
1261,香菇青菜,4
1261,麻婆豆腐,3
1261,回锅肉,3
1261,烧茄子,5
1261,宫保鸡丁,5
1261,土豆烧牛肉,5
1261,葱爆羊肉,2
1261,糖醋里脊,5
1261,青椒土豆丝,2
1261,番茄炒蛋,2
1261,水煮鱼,4
1261,红烧肉,3
1262,酸辣土豆丝,1
1262,鱼香肉丝,5
1262,木耳炒肉,4
1262,红烧排骨,1
1262,香菇青菜,2
1262,番茄炒蛋,3
1262,红烧肉,5
1262,蒜蓉西兰花,2
1262,酸菜鱼,2
1262,土豆烧牛肉,4
1262,紫菜蛋花汤,4
1262,地三鲜,5
1262,烧茄子,5
1262,干煸豆角,2
1262,回锅肉,5
1262,手撕包菜,4
1262,干锅菜花,2
1262,宫保鸡丁,4
1262,水煮鱼,5
1262,辣子鸡,2
1263,青椒土豆丝,2
1263,土豆烧牛肉,4
1263,鱼香肉丝,3
1263,宫保鸡丁,4
1263,回锅肉,3
1264,辣子鸡,2
1264,葱爆羊肉,1
1264,西红柿鸡蛋汤,4
1264,蚝油生菜,3
1264,回锅肉,3
1264,蒜蓉西兰花,2
1264,冬瓜排骨汤,5
1264,香菇青菜,4
1264,木耳炒肉,4
1264,水煮鱼,4
1264,京酱肉丝,1
1264,青椒土豆丝,1
1264,韭菜炒鸡蛋,3
1264,麻婆豆腐,3
1264,红烧肉,5
1264,鱼香肉丝,3
1264,糖醋里脊,1
1265,水煮鱼,1
1265,紫菜蛋花汤,4
1265,酸辣土豆丝,5
1265,手撕包菜,4
1265,回锅肉,1
1265,蚝油生菜,1
1265,麻婆豆腐,3
1265,地三鲜,4
1265,干锅菜花,1
1265,番茄炒蛋,2
1265,土豆烧牛肉,4
1265,西红柿鸡蛋汤,1
1265,辣子鸡,1
1265,糖醋里脊,5
1265,京酱肉丝,5
1265,干煸豆角,2
1265,宫保鸡丁,4
1266,酸辣土豆丝,1
1266,鱼香肉丝,2
1266,蚝油生菜,3
1266,酸菜鱼,3
1266,木耳炒肉,3
1266,冬瓜排骨汤,3
1266,韭菜炒鸡蛋,3
1266,烧茄子,5
1266,回锅肉,3
1266,京酱肉丝,4
1266,地三鲜,4
1266,干煸豆角,1
1266,番茄炒蛋,1
1266,紫菜蛋花汤,2
1266,青椒土豆丝,1
1266,糖醋里脊,1
1266,红烧排骨,1
1266,蒜蓉西兰花,5
1266,红烧肉,4
1266,水煮鱼,2
1266,香菇青菜,2
1266,辣子鸡,4
1266,宫保鸡丁,2
1266,麻婆豆腐,2
1267,京酱肉丝,1
1267,蚝油生菜,5
1267,红烧排骨,3
1267,香菇青菜,4
1267,回锅肉,1
1267,干煸豆角,5
1267,红烧肉,2
1267,韭菜炒鸡蛋,3
1267,水煮鱼,1
1267,烧茄子,5
1267,干锅菜花,5
1267,糖醋里脊,1
1267,紫菜蛋花汤,4
1267,蒜蓉西兰花,3
1267,青椒土豆丝,1
1267,西红柿鸡蛋汤,5
1267,番茄炒蛋,1
1268,糖醋里脊,3
1268,葱爆羊肉,1
1268,蚝油生菜,2
1269,木耳炒肉,1
1269,蒜蓉西兰花,1
1269,烧茄子,4
1269,回锅肉,2
1269,土豆烧牛肉,4
1269,紫菜蛋花汤,5
1269,糖醋里脊,3
1269,香菇青菜,5
1269,干锅菜花,3
1270,韭菜炒鸡蛋,4
1270,水煮鱼,1
1270,辣子鸡,4
1270,蚝油生菜,2
1270,番茄炒蛋,3
1270,白切鸡,3
1270,地三鲜,4
1270,回锅肉,5
1270,冬瓜排骨汤,3
1270,手撕包菜,3
1270,京酱肉丝,5
1270,葱爆羊肉,2
1270,酸菜鱼,2
1270,干煸豆角,3
1270,红烧肉,1
1270,红烧排骨,4
1270,宫保鸡丁,2
1270,酸辣土豆丝,5
1270,烧茄子,2
1270,青椒土豆丝,2
1270,木耳炒肉,4
1270,糖醋里脊,3
1270,麻婆豆腐,5
1270,西红柿鸡蛋汤,5
1270,土豆烧牛肉,4
1270,干锅菜花,1
1270,鱼香肉丝,1
1270,紫菜蛋花汤,1
1270,蒜蓉西兰花,1
1271,鱼香肉丝,1
1271,干锅菜花,3
1271,土豆烧牛肉,5
1271,水煮鱼,3
1271,红烧肉,5
1271,干煸豆角,3
1271,韭菜炒鸡蛋,1
1271,白切鸡,3
1271,辣子鸡,2
1271,烧茄子,2
1271,酸菜鱼,3
1271,西红柿鸡蛋汤,3
1271,京酱肉丝,2
1271,麻婆豆腐,5
1271,青椒土豆丝,2
1272,糖醋里脊,4
1272,香菇青菜,4
1272,番茄炒蛋,1
1272,干煸豆角,1
1272,土豆烧牛肉,3
1272,西红柿鸡蛋汤,5
1272,韭菜炒鸡蛋,5
1272,地三鲜,2
1272,京酱肉丝,1
1272,手撕包菜,5
1272,红烧排骨,4
1272,蚝油生菜,1
1272,水煮鱼,5
1272,紫菜蛋花汤,5
1272,宫保鸡丁,3
1272,干锅菜花,1
1272,麻婆豆腐,1
1272,蒜蓉西兰花,4
1272,冬瓜排骨汤,5
1272,木耳炒肉,1
1272,红烧肉,1
1273,水煮鱼,1
1273,麻婆豆腐,5
1273,辣子鸡,4
1273,京酱肉丝,3
1273,回锅肉,3
1273,蚝油生菜,2
1273,木耳炒肉,3
1273,韭菜炒鸡蛋,4
1273,烧茄子,2
1273,西红柿鸡蛋汤,5
1273,紫菜蛋花汤,5
1273,红烧排骨,3
1273,蒜蓉西兰花,2
1273,青椒土豆丝,2
1274,酸辣土豆丝,2
1274,干煸豆角,2
1274,香菇青菜,3
1274,辣子鸡,1
1274,土豆烧牛肉,2
1274,西红柿鸡蛋汤,1
1274,紫菜蛋花汤,5
1274,冬瓜排骨汤,1
1274,干锅菜花,5
1274,鱼香肉丝,2
1274,宫保鸡丁,2
1274,韭菜炒鸡蛋,4
1274,蚝油生菜,4
1274,水煮鱼,5
1274,红烧肉,5
1274,番茄炒蛋,1
1275,葱爆羊肉,5
1275,干煸豆角,2
1275,京酱肉丝,1
1275,紫菜蛋花汤,1
1275,酸辣土豆丝,1
1275,鱼香肉丝,2
1275,红烧肉,4
1275,土豆烧牛肉,1
1275,木耳炒肉,5
1275,地三鲜,1
1275,糖醋里脊,4
1275,韭菜炒鸡蛋,1
1275,白切鸡,2
1275,烧茄子,4
1275,干锅菜花,5
1275,宫保鸡丁,1
1275,红烧排骨,5
1275,蚝油生菜,5
1275,西红柿鸡蛋汤,4
1275,酸菜鱼,4
1276,蚝油生菜,2
1276,红烧排骨,5
1276,青椒土豆丝,4
1276,番茄炒蛋,3
1276,宫保鸡丁,1
1276,香菇青菜,4
1276,韭菜炒鸡蛋,3
1276,紫菜蛋花汤,3
1276,西红柿鸡蛋汤,3
1276,蒜蓉西兰花,4
1276,冬瓜排骨汤,3
1276,回锅肉,4
1276,烧茄子,2
1276,干煸豆角,4
1276,红烧肉,4
1276,酸菜鱼,4
1276,地三鲜,3
1276,葱爆羊肉,3
1276,糖醋里脊,1
1276,白切鸡,5
1276,手撕包菜,5
1276,土豆烧牛肉,2
1276,干锅菜花,5
1276,京酱肉丝,1
1276,水煮鱼,4
1277,回锅肉,1
1277,香菇青菜,2
1277,西红柿鸡蛋汤,2
1277,红烧排骨,4
1277,地三鲜,3
1277,鱼香肉丝,3
1277,宫保鸡丁,2
1277,糖醋里脊,3
1277,辣子鸡,4
1277,酸菜鱼,2
1277,红烧肉,2
1277,白切鸡,1
1277,酸辣土豆丝,5
1277,番茄炒蛋,1
1277,葱爆羊肉,4
1277,麻婆豆腐,3
1277,韭菜炒鸡蛋,1
1277,干煸豆角,4
1277,水煮鱼,2
1278,麻婆豆腐,3
1278,葱爆羊肉,1
1278,蒜蓉西兰花,2
1278,酸菜鱼,3
1278,红烧肉,5
1278,烧茄子,2
1278,蚝油生菜,4
1278,回锅肉,5
1278,干锅菜花,5
1278,京酱肉丝,1
1278,香菇青菜,1
1279,蚝油生菜,5
1279,地三鲜,2
1279,木耳炒肉,4
1279,冬瓜排骨汤,2
1279,糖醋里脊,2
1279,京酱肉丝,4
1279,酸辣土豆丝,2
1279,葱爆羊肉,2
1279,白切鸡,3
1279,紫菜蛋花汤,5
1279,烧茄子,2
1279,红烧肉,1
1279,香菇青菜,1
1279,韭菜炒鸡蛋,2
1279,青椒土豆丝,2
1279,水煮鱼,4
1279,红烧排骨,1
1279,麻婆豆腐,1
1279,手撕包菜,5
1279,回锅肉,5
1279,番茄炒蛋,3
1279,干煸豆角,2
1279,西红柿鸡蛋汤,2
1279,酸菜鱼,3
1280,宫保鸡丁,1
1280,糖醋里脊,4
1280,酸辣土豆丝,4
1280,干锅菜花,5
1280,鱼香肉丝,4
1280,回锅肉,5
1280,西红柿鸡蛋汤,1
1280,冬瓜排骨汤,4
1280,青椒土豆丝,3
1280,韭菜炒鸡蛋,3
1280,水煮鱼,3
1280,土豆烧牛肉,3
1280,蒜蓉西兰花,3
1280,烧茄子,2
1280,手撕包菜,1
1280,番茄炒蛋,3
1280,红烧排骨,4
1280,酸菜鱼,5
1280,紫菜蛋花汤,2
1280,麻婆豆腐,4
1280,木耳炒肉,5
1280,干煸豆角,2
1280,蚝油生菜,4
1280,京酱肉丝,3
1280,白切鸡,1
1280,地三鲜,3
1280,辣子鸡,2
1280,香菇青菜,2
1280,红烧肉,4
1281,烧茄子,2
1281,白切鸡,3
1281,葱爆羊肉,2
1281,蒜蓉西兰花,5
1281,木耳炒肉,5
1281,地三鲜,2
1281,西红柿鸡蛋汤,5
1282,青椒土豆丝,4
1282,白切鸡,5
1283,干锅菜花,3
1283,干煸豆角,1
1283,西红柿鸡蛋汤,1
1283,蒜蓉西兰花,2
1283,糖醋里脊,3
1283,冬瓜排骨汤,1
1283,蚝油生菜,4
1283,麻婆豆腐,4
1283,地三鲜,4
1283,鱼香肉丝,5
1283,青椒土豆丝,4
1283,番茄炒蛋,1
1283,水煮鱼,4
1283,木耳炒肉,4
1283,手撕包菜,2
1283,京酱肉丝,3
1283,辣子鸡,4
1283,酸菜鱼,4
1283,酸辣土豆丝,4
1283,红烧排骨,1
1284,辣子鸡,4
1284,木耳炒肉,2
1284,红烧排骨,4
1284,冬瓜排骨汤,3
1284,干煸豆角,2
1284,土豆烧牛肉,5
1284,葱爆羊肉,4
1284,青椒土豆丝,2
1284,红烧肉,5
1284,手撕包菜,5
1284,西红柿鸡蛋汤,3
1284,地三鲜,5
1284,麻婆豆腐,3
1284,鱼香肉丝,5
1284,韭菜炒鸡蛋,3
1284,回锅肉,1
1284,番茄炒蛋,2
1284,烧茄子,5
1284,蚝油生菜,5
1284,京酱肉丝,3
1284,香菇青菜,3
1284,糖醋里脊,3
1284,酸菜鱼,4
1284,宫保鸡丁,3
1284,蒜蓉西兰花,4
1284,紫菜蛋花汤,3
1284,白切鸡,2
1284,水煮鱼,1
1285,宫保鸡丁,2
1285,蒜蓉西兰花,3
1285,香菇青菜,4
1285,糖醋里脊,4
1285,紫菜蛋花汤,2
1285,蚝油生菜,2
1285,红烧肉,2
1285,麻婆豆腐,2
1285,鱼香肉丝,3
1285,酸辣土豆丝,5
1285,干锅菜花,4
1285,木耳炒肉,3
1285,京酱肉丝,5
1285,土豆烧牛肉,2
1285,青椒土豆丝,5
1285,酸菜鱼,1
1286,干煸豆角,4
1286,京酱肉丝,1
1286,鱼香肉丝,4
1286,蚝油生菜,2
1286,水煮鱼,2
1286,红烧排骨,4
1286,木耳炒肉,3
1286,宫保鸡丁,3
1286,白切鸡,4
1286,冬瓜排骨汤,5
1286,辣子鸡,5
1286,土豆烧牛肉,2
1286,蒜蓉西兰花,4
1286,葱爆羊肉,5
1287,白切鸡,4
1287,地三鲜,1
1287,烧茄子,4
1287,回锅肉,3
1287,麻婆豆腐,3
1287,香菇青菜,5
1287,葱爆羊肉,1
1287,宫保鸡丁,1
1287,紫菜蛋花汤,3
1287,鱼香肉丝,3
1287,干煸豆角,4
1287,糖醋里脊,2
1288,回锅肉,1
1288,葱爆羊肉,5
1288,西红柿鸡蛋汤,2
1288,红烧排骨,4
1288,辣子鸡,5
1288,紫菜蛋花汤,3
1288,香菇青菜,4
1288,糖醋里脊,4
1288,青椒土豆丝,1
1288,土豆烧牛肉,5
1288,干锅菜花,5
1288,烧茄子,5
1288,宫保鸡丁,5
1288,酸菜鱼,2
1288,红烧肉,4
1288,手撕包菜,3
1288,蚝油生菜,2
1288,鱼香肉丝,3
1288,蒜蓉西兰花,3
1288,番茄炒蛋,1
1288,韭菜炒鸡蛋,5
1288,冬瓜排骨汤,4
1288,地三鲜,5
1289,白切鸡,1
1289,糖醋里脊,5
1289,蒜蓉西兰花,5
1289,宫保鸡丁,5
1289,京酱肉丝,4
1289,番茄炒蛋,3
1289,酸辣土豆丝,4
1289,酸菜鱼,5
1289,木耳炒肉,2
1289,红烧肉,3
1289,青椒土豆丝,2
1290,手撕包菜,1
1290,冬瓜排骨汤,2
1290,青椒土豆丝,1
1290,地三鲜,3
1290,回锅肉,4
1290,蒜蓉西兰花,1
1290,京酱肉丝,2
1290,白切鸡,5
1290,酸菜鱼,4
1290,番茄炒蛋,1
1291,蒜蓉西兰花,5
1292,糖醋里脊,3
1292,酸菜鱼,4
1293,辣子鸡,4
1293,京酱肉丝,1
1293,葱爆羊肉,2
1293,鱼香肉丝,2
1293,紫菜蛋花汤,1
1293,红烧排骨,3
1293,宫保鸡丁,1
1293,糖醋里脊,2
1293,香菇青菜,5
1293,西红柿鸡蛋汤,4
1293,回锅肉,3
1293,干锅菜花,3
1293,白切鸡,5
1293,手撕包菜,4
1293,冬瓜排骨汤,5
1293,地三鲜,1
1293,蚝油生菜,5
1293,酸辣土豆丝,1
1293,酸菜鱼,1
1293,烧茄子,3
1294,酸菜鱼,2
1294,蒜蓉西兰花,2
1294,白切鸡,3
1294,青椒土豆丝,2
1295,土豆烧牛肉,4
1295,葱爆羊肉,1
1295,韭菜炒鸡蛋,5
1295,冬瓜排骨汤,1
1295,干煸豆角,3
1295,京酱肉丝,5
1295,鱼香肉丝,1
1295,水煮鱼,4
1295,青椒土豆丝,1
1295,蒜蓉西兰花,5
1295,酸菜鱼,3
1295,白切鸡,5
1295,酸辣土豆丝,5
1295,紫菜蛋花汤,5
1295,番茄炒蛋,1
1295,辣子鸡,2
1295,香菇青菜,4
1295,手撕包菜,3
1295,蚝油生菜,1
1295,木耳炒肉,3
1295,回锅肉,3
1295,烧茄子,1
1295,宫保鸡丁,5
1295,干锅菜花,1
1295,糖醋里脊,5
1295,地三鲜,2
1295,麻婆豆腐,5
1295,红烧肉,4
1296,干锅菜花,5
1296,麻婆豆腐,3
1296,蒜蓉西兰花,1
1296,葱爆羊肉,4
1296,蚝油生菜,1
1296,干煸豆角,5
1296,香菇青菜,4
1296,西红柿鸡蛋汤,1
1296,酸辣土豆丝,2
1296,鱼香肉丝,5
1296,土豆烧牛肉,2
1296,烧茄子,2
1296,辣子鸡,2
1296,红烧肉,1
1296,糖醋里脊,2
1296,地三鲜,3
1296,韭菜炒鸡蛋,5
1296,京酱肉丝,3
1297,红烧肉,1
1297,宫保鸡丁,1
1297,红烧排骨,2
1297,手撕包菜,4
1297,蚝油生菜,1
1297,回锅肉,4
1298,地三鲜,2
1298,蒜蓉西兰花,4
1298,土豆烧牛肉,2
1298,紫菜蛋花汤,1
1298,京酱肉丝,2
1298,红烧肉,1
1298,韭菜炒鸡蛋,4
1298,干锅菜花,5
1298,回锅肉,3
1298,冬瓜排骨汤,1
1298,鱼香肉丝,4
1298,蚝油生菜,3
1298,红烧排骨,4
1298,水煮鱼,1
1298,麻婆豆腐,2
1298,木耳炒肉,1
1299,土豆烧牛肉,1
1299,葱爆羊肉,5
1299,宫保鸡丁,1
1299,木耳炒肉,1
1300,酸辣土豆丝,1
1300,红烧肉,4
1300,冬瓜排骨汤,2
1300,干煸豆角,2
1300,韭菜炒鸡蛋,1
1300,烧茄子,3
1300,青椒土豆丝,3
1300,木耳炒肉,5
1300,白切鸡,4
1300,蚝油生菜,5
1300,紫菜蛋花汤,5
1300,糖醋里脊,5
1300,宫保鸡丁,1
1300,番茄炒蛋,1
1300,酸菜鱼,5
1300,蒜蓉西兰花,4
1300,辣子鸡,1
1300,地三鲜,5
1300,回锅肉,4
1300,手撕包菜,5
1300,葱爆羊肉,1
1300,麻婆豆腐,3
1301,鱼香肉丝,4
1301,地三鲜,3
1301,番茄炒蛋,1
1301,麻婆豆腐,5
1301,木耳炒肉,1
1301,红烧肉,3
1301,宫保鸡丁,3
1301,糖醋里脊,4
1301,葱爆羊肉,1
1301,紫菜蛋花汤,5
1301,蒜蓉西兰花,1
1301,水煮鱼,5
1302,紫菜蛋花汤,4
1302,水煮鱼,1
1302,回锅肉,5
1302,宫保鸡丁,3
1302,蚝油生菜,5
1302,手撕包菜,1
1302,土豆烧牛肉,4
1302,青椒土豆丝,2
1302,冬瓜排骨汤,4
1302,葱爆羊肉,3
1302,红烧排骨,3
1302,酸菜鱼,4
1302,干煸豆角,4
1302,酸辣土豆丝,5
1302,地三鲜,5
1302,鱼香肉丝,2
1303,白切鸡,4
1303,烧茄子,4
1303,土豆烧牛肉,4
1303,木耳炒肉,2
1303,地三鲜,3
1303,红烧排骨,2
1303,西红柿鸡蛋汤,5
1303,宫保鸡丁,3
1303,香菇青菜,4
1303,回锅肉,4
1303,红烧肉,4
1303,酸辣土豆丝,5
1303,麻婆豆腐,1
1303,辣子鸡,5
1303,紫菜蛋花汤,3
1303,酸菜鱼,2
1303,蒜蓉西兰花,1
1303,干锅菜花,1
1303,鱼香肉丝,4
1303,干煸豆角,3
1303,葱爆羊肉,4
1303,番茄炒蛋,2
1304,烧茄子,4
1304,京酱肉丝,4
1304,水煮鱼,1
1304,香菇青菜,1
1304,辣子鸡,4
1304,干煸豆角,4
1304,韭菜炒鸡蛋,2
1304,西红柿鸡蛋汤,5
1304,蒜蓉西兰花,4
1304,酸菜鱼,4
1304,红烧排骨,1
1304,鱼香肉丝,2
1304,红烧肉,3
1304,酸辣土豆丝,5
1304,土豆烧牛肉,5
1304,蚝油生菜,2
1304,手撕包菜,3
1305,京酱肉丝,2
1305,西红柿鸡蛋汤,2
1305,土豆烧牛肉,1
1305,白切鸡,2
1305,烧茄子,3
1305,干煸豆角,2
1305,葱爆羊肉,3
1305,香菇青菜,2
1305,蚝油生菜,2
1305,宫保鸡丁,3
1305,水煮鱼,2
1305,紫菜蛋花汤,3
1305,地三鲜,4
1305,红烧排骨,1
1305,番茄炒蛋,1
1305,酸辣土豆丝,5
1305,青椒土豆丝,3
1305,冬瓜排骨汤,5
1305,干锅菜花,5
1305,酸菜鱼,3
1305,红烧肉,5
1305,鱼香肉丝,4
1305,麻婆豆腐,1
1305,回锅肉,4
1305,蒜蓉西兰花,2
1305,木耳炒肉,1
1306,冬瓜排骨汤,2
1306,宫保鸡丁,1
1306,酸菜鱼,5
1306,手撕包菜,3
1306,红烧肉,3
1306,鱼香肉丝,4
1306,烧茄子,1
1306,地三鲜,3
1306,青椒土豆丝,5
1306,紫菜蛋花汤,5
1306,糖醋里脊,2
1306,麻婆豆腐,3
1307,红烧肉,1
1307,青椒土豆丝,5
1307,紫菜蛋花汤,4
1307,冬瓜排骨汤,5
1307,酸辣土豆丝,2
1307,韭菜炒鸡蛋,3
1307,手撕包菜,2
1307,水煮鱼,4
1307,鱼香肉丝,4
1307,白切鸡,5
1307,麻婆豆腐,5
1307,木耳炒肉,2
1307,回锅肉,3
1307,土豆烧牛肉,1
1307,西红柿鸡蛋汤,2
1307,地三鲜,1
1307,宫保鸡丁,1
1307,京酱肉丝,4
1307,红烧排骨,5
1307,酸菜鱼,2
1307,葱爆羊肉,2
1307,干锅菜花,1
1308,香菇青菜,5
1308,白切鸡,1
1308,红烧排骨,1
1308,干煸豆角,1
1308,酸辣土豆丝,5
1308,蒜蓉西兰花,4
1308,麻婆豆腐,2
1309,辣子鸡,3
1309,番茄炒蛋,3
1309,葱爆羊肉,2
1309,地三鲜,2
1309,干锅菜花,3
1309,蒜蓉西兰花,2
1309,白切鸡,3
1309,冬瓜排骨汤,1
1309,糖醋里脊,1
1309,酸菜鱼,4
1309,木耳炒肉,5
1309,手撕包菜,5
1309,香菇青菜,2
1309,蚝油生菜,5
1309,紫菜蛋花汤,1
1309,京酱肉丝,3
1309,韭菜炒鸡蛋,1
1309,西红柿鸡蛋汤,2
1309,麻婆豆腐,3
1309,干煸豆角,3
1309,水煮鱼,3
1309,红烧肉,2
1309,酸辣土豆丝,5
1309,宫保鸡丁,5
1309,红烧排骨,2
1309,土豆烧牛肉,5
1309,烧茄子,4
1309,回锅肉,2
1310,回锅肉,4
1311,香菇青菜,5
1311,葱爆羊肉,4
1311,京酱肉丝,1
1311,冬瓜排骨汤,2
1311,韭菜炒鸡蛋,1
1311,宫保鸡丁,4
1311,土豆烧牛肉,3
1311,红烧肉,2
1311,酸辣土豆丝,1
1311,干煸豆角,2
1311,紫菜蛋花汤,4
1311,辣子鸡,5
1311,酸菜鱼,3
1312,糖醋里脊,1
1312,水煮鱼,1
1312,地三鲜,4
1312,手撕包菜,1
1312,木耳炒肉,3
1312,韭菜炒鸡蛋,3
1312,红烧肉,3
1312,京酱肉丝,2
1312,酸辣土豆丝,5
1312,西红柿鸡蛋汤,5
1312,宫保鸡丁,4
1312,香菇青菜,3
1312,辣子鸡,3
1312,麻婆豆腐,4
1312,回锅肉,3
1312,蚝油生菜,3
1312,干煸豆角,2
1312,烧茄子,2
1312,鱼香肉丝,1
1312,酸菜鱼,5
1313,白切鸡,2
1313,冬瓜排骨汤,3
1313,香菇青菜,3
1313,水煮鱼,5
1313,蚝油生菜,5
1313,木耳炒肉,4
1313,干煸豆角,3
1313,地三鲜,5
1313,青椒土豆丝,3
1313,酸辣土豆丝,5
1313,烧茄子,4
1313,回锅肉,1
1313,干锅菜花,5
1313,番茄炒蛋,5
1313,葱爆羊肉,5
1313,西红柿鸡蛋汤,1
1313,辣子鸡,4
1313,紫菜蛋花汤,5
1313,鱼香肉丝,4
1313,宫保鸡丁,1
1313,韭菜炒鸡蛋,2
1313,土豆烧牛肉,1
1313,手撕包菜,3
1313,糖醋里脊,5
1313,蒜蓉西兰花,5
1313,麻婆豆腐,2
1314,白切鸡,2
1314,回锅肉,2
1314,糖醋里脊,2
1314,干锅菜花,5
1314,葱爆羊肉,3
1314,青椒土豆丝,3
1314,蒜蓉西兰花,5
1314,红烧肉,1
1314,香菇青菜,4
1314,辣子鸡,1
1314,红烧排骨,3
1314,宫保鸡丁,4
1314,冬瓜排骨汤,2
1314,土豆烧牛肉,1
1314,水煮鱼,3
1314,麻婆豆腐,5
1315,蚝油生菜,4
1315,京酱肉丝,3
1315,土豆烧牛肉,1
1315,干锅菜花,4
1315,辣子鸡,1
1315,木耳炒肉,2
1315,香菇青菜,4
1316,葱爆羊肉,2
1316,冬瓜排骨汤,1
1316,手撕包菜,2
1316,地三鲜,5
1316,京酱肉丝,2
1316,鱼香肉丝,1
1316,西红柿鸡蛋汤,5
1316,干煸豆角,2
1316,干锅菜花,5
1316,蚝油生菜,4
1316,红烧肉,5
1316,番茄炒蛋,2
1316,土豆烧牛肉,4
1317,蚝油生菜,5
1317,回锅肉,2
1317,手撕包菜,1
1317,干锅菜花,4
1317,红烧肉,4
1317,葱爆羊肉,4
1317,西红柿鸡蛋汤,1
1317,韭菜炒鸡蛋,3
1317,糖醋里脊,5
1317,白切鸡,3
1317,干煸豆角,2
1317,烧茄子,1
1317,鱼香肉丝,2
1317,辣子鸡,2
1317,地三鲜,3
1317,酸菜鱼,3
1317,蒜蓉西兰花,2
1317,红烧排骨,3
1318,蚝油生菜,1
1318,酸辣土豆丝,4
1318,回锅肉,2
1318,红烧排骨,4
1318,土豆烧牛肉,5
1318,麻婆豆腐,1
1318,水煮鱼,4
1318,蒜蓉西兰花,1
1318,干煸豆角,3
1318,辣子鸡,5
1318,葱爆羊肉,2
1318,地三鲜,4
1318,西红柿鸡蛋汤,3
1318,红烧肉,5
1318,冬瓜排骨汤,1
1318,手撕包菜,1
1318,宫保鸡丁,4
1319,酸菜鱼,5
1319,红烧排骨,4
1319,地三鲜,2
1319,冬瓜排骨汤,4
1319,酸辣土豆丝,4
1319,土豆烧牛肉,4
1319,烧茄子,4
1319,韭菜炒鸡蛋,5
1319,木耳炒肉,4
1319,西红柿鸡蛋汤,4
1319,回锅肉,4
1319,番茄炒蛋,3
1319,麻婆豆腐,5
1319,青椒土豆丝,2
1319,香菇青菜,3
1319,辣子鸡,5
1319,京酱肉丝,4
1319,水煮鱼,1
1319,宫保鸡丁,2
1319,葱爆羊肉,3
1319,糖醋里脊,1
1319,紫菜蛋花汤,4
1319,干锅菜花,3
1319,手撕包菜,5
1320,红烧排骨,5
1320,地三鲜,1
1320,青椒土豆丝,5
1321,土豆烧牛肉,1
1321,蚝油生菜,2
1321,辣子鸡,5
1321,番茄炒蛋,1
1321,葱爆羊肉,3
1321,香菇青菜,3
1321,红烧肉,5
1321,糖醋里脊,1
1321,韭菜炒鸡蛋,3
1321,白切鸡,3
1321,烧茄子,2
1321,鱼香肉丝,2
1321,手撕包菜,4
1321,京酱肉丝,3
1321,水煮鱼,4
1321,木耳炒肉,5
1321,西红柿鸡蛋汤,2
1321,红烧排骨,1
1321,蒜蓉西兰花,3
1321,宫保鸡丁,5
1321,酸菜鱼,5
1322,麻婆豆腐,1
1323,酸辣土豆丝,1
1323,蒜蓉西兰花,5
1323,京酱肉丝,4
1323,水煮鱼,1
1323,蚝油生菜,1
1323,冬瓜排骨汤,2
1323,回锅肉,2
1323,干锅菜花,4
1323,白切鸡,2
1323,鱼香肉丝,4
1323,辣子鸡,3
1323,红烧排骨,2
1323,麻婆豆腐,2
1323,酸菜鱼,1
1323,香菇青菜,3
1323,木耳炒肉,5
1323,紫菜蛋花汤,4
1323,西红柿鸡蛋汤,5
1323,烧茄子,5
1323,糖醋里脊,4
1323,青椒土豆丝,2
1323,手撕包菜,3
1323,干煸豆角,3
1323,番茄炒蛋,5
1323,宫保鸡丁,4
1323,韭菜炒鸡蛋,1
1323,红烧肉,3
1323,地三鲜,3
1324,干锅菜花,5
1324,白切鸡,3
1324,糖醋里脊,4
1324,番茄炒蛋,5
1324,手撕包菜,5
1324,香菇青菜,5
1324,紫菜蛋花汤,5
1324,鱼香肉丝,4
1324,水煮鱼,1
1324,干煸豆角,1
1324,酸菜鱼,5
1324,辣子鸡,3
1324,烧茄子,5
1324,酸辣土豆丝,4
1324,蚝油生菜,2
1324,土豆烧牛肉,3
1324,西红柿鸡蛋汤,5
1324,京酱肉丝,4
1324,麻婆豆腐,4
1324,冬瓜排骨汤,5
1324,韭菜炒鸡蛋,3
1324,葱爆羊肉,2
1325,紫菜蛋花汤,5
1325,糖醋里脊,4
1325,冬瓜排骨汤,4
1325,葱爆羊肉,4
1325,回锅肉,5
1325,蚝油生菜,3
1325,香菇青菜,5
1325,宫保鸡丁,3
1325,番茄炒蛋,4
1325,京酱肉丝,1
1325,西红柿鸡蛋汤,3
1325,红烧肉,3
1325,酸辣土豆丝,2
1325,烧茄子,3
1325,土豆烧牛肉,4
1325,酸菜鱼,3
1325,白切鸡,3
1325,蒜蓉西兰花,1
1325,干煸豆角,2
1325,辣子鸡,3
1325,木耳炒肉,1
1325,红烧排骨,3
1325,地三鲜,2
1326,香菇青菜,3
1326,番茄炒蛋,1
1326,白切鸡,2
1326,烧茄子,4
1326,鱼香肉丝,3
1326,土豆烧牛肉,3
1326,酸辣土豆丝,5
1326,回锅肉,1
1326,干煸豆角,4
1326,蒜蓉西兰花,5
1326,冬瓜排骨汤,1
1326,京酱肉丝,3
1326,酸菜鱼,2
1326,青椒土豆丝,5
1326,韭菜炒鸡蛋,2
1327,酸辣土豆丝,5
1327,土豆烧牛肉,1
1327,地三鲜,2
1327,京酱肉丝,4
1327,红烧排骨,5
1327,糖醋里脊,4
1327,番茄炒蛋,3
1328,蒜蓉西兰花,1
1328,宫保鸡丁,2
1328,韭菜炒鸡蛋,4
1328,回锅肉,3
1328,蚝油生菜,5
1328,手撕包菜,2
1328,鱼香肉丝,5
1328,香菇青菜,4
1328,青椒土豆丝,5
1328,干锅菜花,4
1328,糖醋里脊,2
1328,西红柿鸡蛋汤,2
1328,木耳炒肉,3
1328,麻婆豆腐,4
1328,地三鲜,4
1328,酸辣土豆丝,3
1328,冬瓜排骨汤,4
1328,白切鸡,3
1328,水煮鱼,4
1328,紫菜蛋花汤,4
1328,红烧肉,1
1328,烧茄子,2
1328,番茄炒蛋,2
1328,土豆烧牛肉,2
1329,香菇青菜,3
1329,糖醋里脊,5
1329,木耳炒肉,3
1329,蚝油生菜,5
1329,红烧排骨,4
1329,白切鸡,4
1329,紫菜蛋花汤,5
1329,回锅肉,4
1329,水煮鱼,2
1329,酸菜鱼,5
1329,手撕包菜,2
1329,红烧肉,2
1329,宫保鸡丁,1
1329,辣子鸡,4
1329,麻婆豆腐,1
1329,鱼香肉丝,3
1329,土豆烧牛肉,3
1329,干锅菜花,2
1329,酸辣土豆丝,3
1329,烧茄子,4
1329,青椒土豆丝,3
1329,西红柿鸡蛋汤,3
1329,京酱肉丝,4
1329,干煸豆角,5
1329,冬瓜排骨汤,5
1329,蒜蓉西兰花,2
1329,地三鲜,3
1329,番茄炒蛋,1
1329,葱爆羊肉,3
1330,手撕包菜,2
1330,紫菜蛋花汤,5
1330,烧茄子,2
1330,干煸豆角,2
1330,番茄炒蛋,4
1330,葱爆羊肉,1
1330,宫保鸡丁,2
1330,蚝油生菜,5
1330,干锅菜花,1
1330,鱼香肉丝,2
1330,京酱肉丝,2
1330,蒜蓉西兰花,4
1330,香菇青菜,4
1330,酸菜鱼,3
1330,西红柿鸡蛋汤,3
1330,白切鸡,5
1330,青椒土豆丝,5
1330,冬瓜排骨汤,5
1330,土豆烧牛肉,3
1330,酸辣土豆丝,1
1330,回锅肉,2
1330,红烧排骨,2
1331,葱爆羊肉,1
1331,蒜蓉西兰花,4
1331,干锅菜花,3
1331,鱼香肉丝,1
1331,酸菜鱼,4
1331,韭菜炒鸡蛋,1
1331,西红柿鸡蛋汤,4
1331,木耳炒肉,5
1331,香菇青菜,2
1331,红烧排骨,5
1331,麻婆豆腐,3
1331,宫保鸡丁,4
1331,京酱肉丝,5
1331,地三鲜,3
1331,水煮鱼,5
1331,冬瓜排骨汤,2
1332,鱼香肉丝,5
1332,青椒土豆丝,2
1332,回锅肉,4
1332,蒜蓉西兰花,3
1332,手撕包菜,2
1332,地三鲜,1
1332,干锅菜花,4
1332,糖醋里脊,4
1332,葱爆羊肉,5
1332,酸菜鱼,3
1332,辣子鸡,5
1332,紫菜蛋花汤,5
1332,白切鸡,3
1332,冬瓜排骨汤,3
1332,红烧肉,3
1332,西红柿鸡蛋汤,1
1332,麻婆豆腐,5
1332,木耳炒肉,5
1332,红烧排骨,5
1332,土豆烧牛肉,3
1332,蚝油生菜,5
1332,水煮鱼,2
1332,宫保鸡丁,1
1332,韭菜炒鸡蛋,2
1332,京酱肉丝,2
1332,香菇青菜,1
1333,烧茄子,2
1333,西红柿鸡蛋汤,1
1333,地三鲜,2
1333,葱爆羊肉,5
1333,鱼香肉丝,5
1333,韭菜炒鸡蛋,5
1333,酸菜鱼,4
1333,红烧肉,4
1333,木耳炒肉,2
1333,白切鸡,2
1333,紫菜蛋花汤,1
1333,宫保鸡丁,5
1333,水煮鱼,2
1333,冬瓜排骨汤,2
1333,番茄炒蛋,3
1334,京酱肉丝,1
1334,地三鲜,3
1334,回锅肉,2
1334,鱼香肉丝,2
1334,青椒土豆丝,1
1334,木耳炒肉,5
1334,干锅菜花,2
1334,白切鸡,1
1334,烧茄子,4
1334,红烧排骨,5
1334,水煮鱼,2
1334,西红柿鸡蛋汤,1
1334,冬瓜排骨汤,3
1334,宫保鸡丁,5
1334,番茄炒蛋,1
1334,酸菜鱼,1
1334,蚝油生菜,5
1334,韭菜炒鸡蛋,2
1334,麻婆豆腐,1
1334,手撕包菜,3
1334,蒜蓉西兰花,3
1334,干煸豆角,5
1334,香菇青菜,3
1334,辣子鸡,4
1334,酸辣土豆丝,2
1334,红烧肉,5
1334,土豆烧牛肉,3
1334,葱爆羊肉,4
1335,木耳炒肉,2
1335,香菇青菜,5
1335,白切鸡,3
1335,干锅菜花,1
1335,糖醋里脊,5
1335,红烧排骨,3
1335,蒜蓉西兰花,2
1335,红烧肉,3
1335,回锅肉,3
1335,酸菜鱼,4
1335,烧茄子,4
1335,青椒土豆丝,5
1335,酸辣土豆丝,5
1335,水煮鱼,1
1335,地三鲜,3
1335,葱爆羊肉,3
1335,宫保鸡丁,5
1335,干煸豆角,1
1335,麻婆豆腐,2
1335,手撕包菜,1
1335,西红柿鸡蛋汤,5
1335,土豆烧牛肉,1
1335,辣子鸡,5
1335,京酱肉丝,4
1335,冬瓜排骨汤,5
1336,冬瓜排骨汤,3
1336,辣子鸡,5
1336,回锅肉,5
1336,酸辣土豆丝,3
1336,蒜蓉西兰花,5
1336,干锅菜花,1
1336,京酱肉丝,3
1336,水煮鱼,1
1336,干煸豆角,5
1336,酸菜鱼,5
1336,鱼香肉丝,2
1337,回锅肉,1
1337,辣子鸡,5
1337,葱爆羊肉,2
1337,韭菜炒鸡蛋,2
1337,西红柿鸡蛋汤,4
1337,宫保鸡丁,4
1337,青椒土豆丝,3
1337,酸菜鱼,3
1337,鱼香肉丝,4
1337,干锅菜花,4
1337,冬瓜排骨汤,4
1337,地三鲜,4
1337,红烧排骨,3
1337,土豆烧牛肉,3
1337,糖醋里脊,5
1337,番茄炒蛋,2
1337,白切鸡,3
1337,烧茄子,3
1337,紫菜蛋花汤,1
1337,蒜蓉西兰花,2
1337,手撕包菜,2
1338,干锅菜花,3
1338,红烧肉,3
1338,冬瓜排骨汤,5
1338,辣子鸡,3
1338,酸辣土豆丝,5
1338,红烧排骨,3
1338,青椒土豆丝,5
1338,香菇青菜,4
1338,白切鸡,4
1338,韭菜炒鸡蛋,3
1338,干煸豆角,1
1338,宫保鸡丁,4
1338,鱼香肉丝,4
1338,烧茄子,2
1338,手撕包菜,2
1338,地三鲜,5
1338,西红柿鸡蛋汤,3
1339,葱爆羊肉,4
1339,干煸豆角,2
1339,冬瓜排骨汤,4
1339,香菇青菜,4
1339,水煮鱼,3
1339,红烧肉,2
1339,酸菜鱼,1
1339,地三鲜,3
1339,红烧排骨,3
1339,青椒土豆丝,1
1339,酸辣土豆丝,2
1339,鱼香肉丝,3
1339,番茄炒蛋,1
1339,干锅菜花,4
1339,紫菜蛋花汤,1
1339,烧茄子,1
1339,手撕包菜,3
1339,辣子鸡,3
1339,韭菜炒鸡蛋,3
1339,西红柿鸡蛋汤,3
1339,糖醋里脊,5
1339,木耳炒肉,2
1339,宫保鸡丁,3
1339,京酱肉丝,3
1339,蒜蓉西兰花,3
1339,土豆烧牛肉,5
1340,西红柿鸡蛋汤,3
1340,木耳炒肉,4
1340,地三鲜,4
1340,葱爆羊肉,4
1340,蚝油生菜,5
1340,番茄炒蛋,1
1340,水煮鱼,5
1340,紫菜蛋花汤,5
1340,土豆烧牛肉,3
1340,糖醋里脊,1
1340,烧茄子,3
1341,酸辣土豆丝,4
1341,红烧排骨,1
1341,麻婆豆腐,5
1341,鱼香肉丝,2
1341,蒜蓉西兰花,1
1341,葱爆羊肉,4
1341,韭菜炒鸡蛋,1
1341,宫保鸡丁,5
1341,辣子鸡,5
1341,糖醋里脊,5
1341,冬瓜排骨汤,5
1341,香菇青菜,5
1341,白切鸡,3
1341,地三鲜,1
1341,酸菜鱼,1
1341,西红柿鸡蛋汤,1
1341,青椒土豆丝,3
1341,回锅肉,3
1341,番茄炒蛋,5
1341,土豆烧牛肉,2
1341,紫菜蛋花汤,5
1341,手撕包菜,1
1341,水煮鱼,1
1341,干煸豆角,1
1341,京酱肉丝,3
1341,红烧肉,2
1342,宫保鸡丁,5
1342,番茄炒蛋,2
1342,京酱肉丝,2
1342,辣子鸡,2
1342,紫菜蛋花汤,5
1342,蚝油生菜,4
1343,香菇青菜,5
1343,红烧排骨,5
1343,宫保鸡丁,4
1343,番茄炒蛋,5
1343,鱼香肉丝,2
1343,干煸豆角,1
1343,手撕包菜,5
1343,青椒土豆丝,5
1344,糖醋里脊,2
1344,蒜蓉西兰花,3
1344,辣子鸡,2
1344,冬瓜排骨汤,4
1344,干锅菜花,4
1344,西红柿鸡蛋汤,3
1344,水煮鱼,4
1344,葱爆羊肉,3
1344,蚝油生菜,2
1344,韭菜炒鸡蛋,4
1344,京酱肉丝,3
1344,青椒土豆丝,3
1344,回锅肉,1
1344,红烧肉,3
1344,鱼香肉丝,4
1344,土豆烧牛肉,5
1344,酸辣土豆丝,2
1344,手撕包菜,2
1344,干煸豆角,4
1344,宫保鸡丁,5
1345,葱爆羊肉,2
1345,紫菜蛋花汤,1
1345,青椒土豆丝,3
1345,干锅菜花,3
1345,白切鸡,4
1345,烧茄子,4
1345,酸菜鱼,3
1345,蒜蓉西兰花,2
1345,麻婆豆腐,2
1345,土豆烧牛肉,5
1345,香菇青菜,3
1345,木耳炒肉,1
1345,辣子鸡,2
1345,回锅肉,4
1345,番茄炒蛋,5
1345,红烧肉,1
1345,糖醋里脊,5
1345,韭菜炒鸡蛋,5
1345,冬瓜排骨汤,4
1345,酸辣土豆丝,3
1345,宫保鸡丁,5
1345,红烧排骨,4
1345,京酱肉丝,4
1345,水煮鱼,4
1345,地三鲜,5
1345,手撕包菜,1
1345,干煸豆角,1
1346,土豆烧牛肉,5
1346,番茄炒蛋,3
1346,木耳炒肉,1
1346,红烧肉,4
1346,红烧排骨,1
1346,冬瓜排骨汤,2
1346,青椒土豆丝,5
1346,干煸豆角,4
1346,烧茄子,4
1346,韭菜炒鸡蛋,3
1346,手撕包菜,5
1346,回锅肉,3
1346,京酱肉丝,4
1346,香菇青菜,5
1346,白切鸡,2
1346,麻婆豆腐,1
1346,鱼香肉丝,3
1346,水煮鱼,3
1346,酸辣土豆丝,3
1346,紫菜蛋花汤,5
1346,酸菜鱼,4
1346,地三鲜,3
1347,手撕包菜,3
1347,干锅菜花,3
1347,干煸豆角,5
1347,京酱肉丝,3
1347,烧茄子,2
1347,冬瓜排骨汤,4
1347,地三鲜,2
1347,西红柿鸡蛋汤,2
1347,蒜蓉西兰花,4
1347,木耳炒肉,1
1347,土豆烧牛肉,3
1347,鱼香肉丝,4
1347,宫保鸡丁,1
1347,酸辣土豆丝,3
1347,酸菜鱼,4
1347,白切鸡,3
1347,葱爆羊肉,2
1347,紫菜蛋花汤,3
1347,麻婆豆腐,3
1347,糖醋里脊,2
1347,青椒土豆丝,1
1347,香菇青菜,1
1348,红烧肉,2
1348,麻婆豆腐,1
1348,干煸豆角,2
1348,蒜蓉西兰花,3
1348,葱爆羊肉,1
1348,干锅菜花,5
1348,回锅肉,1
1348,手撕包菜,5
1348,水煮鱼,5
1348,地三鲜,3
1349,干煸豆角,4
1349,鱼香肉丝,4
1349,蚝油生菜,4
1349,酸菜鱼,2
1349,葱爆羊肉,2
1349,地三鲜,4
1349,烧茄子,5
1349,水煮鱼,1
1349,青椒土豆丝,3
1349,紫菜蛋花汤,2
1349,木耳炒肉,2
1349,土豆烧牛肉,2
1349,白切鸡,5
1349,宫保鸡丁,1
1349,麻婆豆腐,1
1349,红烧排骨,4
1349,红烧肉,1
1349,韭菜炒鸡蛋,5
1349,香菇青菜,5
1349,手撕包菜,1
1349,辣子鸡,4
1349,回锅肉,1
1350,地三鲜,2
1350,红烧肉,5
1351,蒜蓉西兰花,4
1351,回锅肉,3
1351,地三鲜,5
1352,手撕包菜,3
1352,葱爆羊肉,1
1352,地三鲜,2
1352,白切鸡,1
1352,木耳炒肉,4
1352,鱼香肉丝,1
1352,酸菜鱼,1
1352,红烧肉,5
1352,香菇青菜,2
1352,紫菜蛋花汤,2
1352,番茄炒蛋,1
1352,冬瓜排骨汤,4
1352,西红柿鸡蛋汤,5
1352,水煮鱼,5
1352,蒜蓉西兰花,4
1352,京酱肉丝,3
1352,韭菜炒鸡蛋,3
1352,干煸豆角,2
1352,蚝油生菜,4
1352,回锅肉,1
1352,干锅菜花,3
1352,烧茄子,4
1352,土豆烧牛肉,2
1352,糖醋里脊,2
1352,酸辣土豆丝,1
1352,辣子鸡,3
1352,青椒土豆丝,2
1353,白切鸡,3
1353,红烧肉,2
1353,干锅菜花,1
1354,葱爆羊肉,2
1354,紫菜蛋花汤,2
1354,西红柿鸡蛋汤,2
1354,地三鲜,4
1354,京酱肉丝,1
1354,宫保鸡丁,4
1355,酸菜鱼,4
1355,蒜蓉西兰花,4
1355,鱼香肉丝,2
1355,葱爆羊肉,1
1355,手撕包菜,2
1355,红烧肉,4
1355,回锅肉,4
1355,干锅菜花,1
1355,紫菜蛋花汤,2
1355,干煸豆角,4
1355,烧茄子,3
1355,蚝油生菜,1
1356,鱼香肉丝,3
1357,酸辣土豆丝,2
1357,冬瓜排骨汤,1
1357,木耳炒肉,3
1357,干煸豆角,3
1357,葱爆羊肉,5
1357,土豆烧牛肉,3
1357,香菇青菜,5
1357,宫保鸡丁,3
1357,蚝油生菜,1
1357,红烧排骨,4
1357,鱼香肉丝,3
1357,酸菜鱼,4
1357,干锅菜花,1
1357,麻婆豆腐,4
1357,蒜蓉西兰花,5
1357,紫菜蛋花汤,3
1357,韭菜炒鸡蛋,2
1357,地三鲜,2
1357,回锅肉,1
1357,西红柿鸡蛋汤,5
1357,糖醋里脊,2
1357,青椒土豆丝,1
1357,水煮鱼,2
1357,辣子鸡,3
1357,烧茄子,2
1357,番茄炒蛋,4
1357,手撕包菜,3
1357,白切鸡,4
1357,京酱肉丝,5
1358,酸菜鱼,2
1358,烧茄子,2
1358,干煸豆角,4
1358,紫菜蛋花汤,2
1358,酸辣土豆丝,2
1358,水煮鱼,1
1358,红烧排骨,3
1358,鱼香肉丝,4
1358,红烧肉,3
1358,宫保鸡丁,3
1358,辣子鸡,2
1358,麻婆豆腐,4
1358,蚝油生菜,1
1358,木耳炒肉,1
1358,白切鸡,5
1358,回锅肉,5
1358,干锅菜花,3
1358,韭菜炒鸡蛋,1
1358,番茄炒蛋,4
1358,西红柿鸡蛋汤,3
1358,京酱肉丝,2
1358,手撕包菜,4
1358,葱爆羊肉,4
1358,土豆烧牛肉,1
1358,青椒土豆丝,2
1358,糖醋里脊,1
1359,干锅菜花,4
1359,鱼香肉丝,4
1359,木耳炒肉,5
1359,酸辣土豆丝,4
1359,回锅肉,3
1359,紫菜蛋花汤,1
1359,宫保鸡丁,3
1359,水煮鱼,5
1359,番茄炒蛋,1
1359,酸菜鱼,4
1359,白切鸡,2
1359,干煸豆角,5
1359,土豆烧牛肉,2
1359,青椒土豆丝,1
1359,糖醋里脊,1
1359,手撕包菜,1
1359,烧茄子,3
1359,辣子鸡,3
1359,地三鲜,5
1359,蒜蓉西兰花,1
1359,冬瓜排骨汤,4
1359,葱爆羊肉,5
1359,红烧排骨,5
1359,韭菜炒鸡蛋,2
1359,红烧肉,2
1359,西红柿鸡蛋汤,1
1360,红烧排骨,3
1360,糖醋里脊,2
1360,京酱肉丝,3
1360,辣子鸡,5
1360,烧茄子,2
1360,香菇青菜,3
1360,鱼香肉丝,4
1360,蒜蓉西兰花,1
1360,白切鸡,4
1360,回锅肉,4
1360,木耳炒肉,3
1360,宫保鸡丁,1
1360,冬瓜排骨汤,5
1360,地三鲜,3
1360,干煸豆角,4
1360,干锅菜花,2
1361,鱼香肉丝,2
1361,香菇青菜,4
1361,土豆烧牛肉,1
1361,烧茄子,5
1361,酸菜鱼,1
1361,葱爆羊肉,5
1361,红烧肉,3
1361,木耳炒肉,5
1361,番茄炒蛋,1
1361,干锅菜花,5
1361,水煮鱼,1
1361,红烧排骨,4
1361,干煸豆角,1
1361,手撕包菜,1
1361,紫菜蛋花汤,2
1361,京酱肉丝,2
1361,麻婆豆腐,4
1361,蚝油生菜,4
1361,韭菜炒鸡蛋,2
1361,糖醋里脊,5
1361,宫保鸡丁,1
1361,辣子鸡,3
1361,地三鲜,5
1361,酸辣土豆丝,4
1361,西红柿鸡蛋汤,4
1361,冬瓜排骨汤,4
1361,青椒土豆丝,4
1361,蒜蓉西兰花,1
1362,回锅肉,4
1362,干煸豆角,2
1362,红烧排骨,4
1363,红烧肉,3
1363,西红柿鸡蛋汤,5
1363,水煮鱼,3
1363,冬瓜排骨汤,4
1363,红烧排骨,5
1363,酸菜鱼,1
1363,葱爆羊肉,5
1363,烧茄子,2
1363,韭菜炒鸡蛋,2
1363,白切鸡,1
1363,京酱肉丝,3
1363,辣子鸡,1
1363,酸辣土豆丝,2
1363,鱼香肉丝,3
1363,香菇青菜,4
1363,青椒土豆丝,2
1363,木耳炒肉,5
1364,干煸豆角,5
1364,干锅菜花,1
1364,蚝油生菜,5
1364,辣子鸡,2
1364,酸辣土豆丝,1
1364,蒜蓉西兰花,4
1364,紫菜蛋花汤,4
1364,白切鸡,3
1364,番茄炒蛋,5
1364,地三鲜,4
1364,宫保鸡丁,3
1364,韭菜炒鸡蛋,4
1364,香菇青菜,4
1364,烧茄子,5
1364,水煮鱼,2
1364,糖醋里脊,3
1364,青椒土豆丝,5
1364,手撕包菜,5
1364,红烧肉,3
1364,回锅肉,5
1364,西红柿鸡蛋汤,3
1364,葱爆羊肉,2
1364,土豆烧牛肉,5
1364,麻婆豆腐,2
1365,京酱肉丝,5
1365,白切鸡,2
1365,红烧排骨,1
1365,冬瓜排骨汤,4
1365,香菇青菜,3
1365,手撕包菜,4
1365,水煮鱼,5
1365,番茄炒蛋,1
1365,地三鲜,2
1365,红烧肉,4
1365,宫保鸡丁,4
1365,麻婆豆腐,1
1366,麻婆豆腐,5
1366,红烧排骨,2
1366,葱爆羊肉,5
1366,西红柿鸡蛋汤,4
1366,木耳炒肉,3
1366,糖醋里脊,2
1366,手撕包菜,2
1366,地三鲜,3
1366,青椒土豆丝,3
1366,宫保鸡丁,2
1366,酸辣土豆丝,4
1366,紫菜蛋花汤,2
1366,干煸豆角,1
1366,香菇青菜,2
1366,白切鸡,5
1366,鱼香肉丝,3
1366,番茄炒蛋,5
1366,酸菜鱼,4
1366,蒜蓉西兰花,3
1367,蒜蓉西兰花,5
1367,水煮鱼,2
1367,西红柿鸡蛋汤,2
1367,番茄炒蛋,2
1367,土豆烧牛肉,5
1367,木耳炒肉,2
1367,京酱肉丝,1
1367,红烧排骨,4
1367,干煸豆角,4
1367,韭菜炒鸡蛋,5
1367,糖醋里脊,4
1367,辣子鸡,3
1367,地三鲜,1
1367,冬瓜排骨汤,2
1367,干锅菜花,5
1367,紫菜蛋花汤,3
1368,酸辣土豆丝,3
1368,蚝油生菜,3
1368,冬瓜排骨汤,2
1368,干锅菜花,3
1368,地三鲜,2
1368,手撕包菜,5
1368,烧茄子,1
1368,紫菜蛋花汤,1
1368,宫保鸡丁,3
1368,酸菜鱼,4
1368,韭菜炒鸡蛋,3
1368,香菇青菜,1
1368,红烧排骨,5
1368,土豆烧牛肉,2
1368,麻婆豆腐,4
1368,青椒土豆丝,2
1368,红烧肉,1
1368,水煮鱼,5
1368,干煸豆角,3
1368,蒜蓉西兰花,5
1368,葱爆羊肉,1
1368,京酱肉丝,2
1369,红烧排骨,5
1369,韭菜炒鸡蛋,1
1369,冬瓜排骨汤,4
1369,地三鲜,5
1369,干锅菜花,4
1369,烧茄子,4
1369,木耳炒肉,1
1369,葱爆羊肉,5
1369,番茄炒蛋,5
1369,白切鸡,3
1369,回锅肉,3
1369,糖醋里脊,1
1369,紫菜蛋花汤,4
1370,手撕包菜,3
1370,回锅肉,5
1370,青椒土豆丝,2
1370,紫菜蛋花汤,3
1370,红烧排骨,3
1370,烧茄子,5
1370,西红柿鸡蛋汤,2
1370,酸辣土豆丝,1
1370,水煮鱼,1
1370,宫保鸡丁,1
1370,麻婆豆腐,5
1370,鱼香肉丝,1
1370,辣子鸡,5
1370,红烧肉,5
1370,香菇青菜,5
1370,京酱肉丝,4
1370,地三鲜,5
1370,土豆烧牛肉,5
1370,冬瓜排骨汤,1
1371,红烧肉,4
1371,手撕包菜,3
1371,冬瓜排骨汤,2
1371,烧茄子,5
1371,红烧排骨,3
1371,青椒土豆丝,5
1371,地三鲜,1
1372,麻婆豆腐,1
1372,酸菜鱼,2
1372,韭菜炒鸡蛋,3
1372,香菇青菜,4
1373,京酱肉丝,3
1373,宫保鸡丁,3
1373,烧茄子,4
1373,麻婆豆腐,2
1373,葱爆羊肉,1
1373,辣子鸡,2
1373,干煸豆角,1
1373,番茄炒蛋,2
1373,紫菜蛋花汤,3
1373,韭菜炒鸡蛋,3
1373,手撕包菜,4
1373,酸菜鱼,5
1374,韭菜炒鸡蛋,1
1374,番茄炒蛋,4
1374,红烧肉,1
1374,干煸豆角,2
1374,青椒土豆丝,5
1374,红烧排骨,5
1374,辣子鸡,1
1374,鱼香肉丝,1
1374,香菇青菜,4
1374,麻婆豆腐,5
1374,干锅菜花,3
1374,蚝油生菜,1
1374,酸辣土豆丝,4
1374,手撕包菜,2
1374,回锅肉,3
1374,糖醋里脊,2
1374,白切鸡,1
1374,紫菜蛋花汤,3
1374,土豆烧牛肉,1
1374,西红柿鸡蛋汤,2
1374,冬瓜排骨汤,1
1374,蒜蓉西兰花,2
1374,京酱肉丝,2
1375,烧茄子,3
1375,水煮鱼,4
1375,香菇青菜,3
1375,酸菜鱼,1
1375,京酱肉丝,5
1375,麻婆豆腐,3
1375,蚝油生菜,3
1375,蒜蓉西兰花,1
1375,宫保鸡丁,2
1375,白切鸡,2
1376,糖醋里脊,5
1376,葱爆羊肉,2
1376,京酱肉丝,5
1376,地三鲜,1
1376,酸辣土豆丝,3
1376,鱼香肉丝,2
1376,红烧肉,3
1376,蒜蓉西兰花,5
1376,酸菜鱼,2
1376,白切鸡,2
1376,麻婆豆腐,1
1376,干煸豆角,5
1376,西红柿鸡蛋汤,1
1376,红烧排骨,1
1376,水煮鱼,3
1376,青椒土豆丝,2
1376,韭菜炒鸡蛋,5
1376,辣子鸡,5
1376,宫保鸡丁,5
1376,土豆烧牛肉,3
1376,番茄炒蛋,5
1376,干锅菜花,1
1377,水煮鱼,5
1377,辣子鸡,2
1377,鱼香肉丝,5
1377,手撕包菜,1
1377,麻婆豆腐,3
1377,糖醋里脊,2
1377,蒜蓉西兰花,4
1377,地三鲜,3
1377,京酱肉丝,2
1377,红烧排骨,1
1378,水煮鱼,4
1378,木耳炒肉,2
1378,番茄炒蛋,5
1378,西红柿鸡蛋汤,1
1378,韭菜炒鸡蛋,2
1378,鱼香肉丝,4
1378,紫菜蛋花汤,4
1378,干锅菜花,3
1378,辣子鸡,5
1378,宫保鸡丁,1
1378,红烧肉,4
1378,烧茄子,3
1378,蒜蓉西兰花,3
1378,干煸豆角,5
1378,土豆烧牛肉,1
1378,糖醋里脊,3
1378,香菇青菜,2
1378,回锅肉,2
1378,京酱肉丝,1
1378,地三鲜,5
1378,蚝油生菜,1
1378,葱爆羊肉,1
1378,冬瓜排骨汤,1
1378,白切鸡,2
1378,麻婆豆腐,1
1378,酸菜鱼,5
1378,手撕包菜,3
1378,青椒土豆丝,2
1378,酸辣土豆丝,2
1379,地三鲜,5
1379,京酱肉丝,2
1379,木耳炒肉,2
1379,西红柿鸡蛋汤,3
1380,土豆烧牛肉,2
1380,回锅肉,3
1380,韭菜炒鸡蛋,4
1380,鱼香肉丝,2
1380,酸辣土豆丝,4
1380,红烧肉,4
1381,麻婆豆腐,4
1381,烧茄子,4
1381,青椒土豆丝,4
1381,手撕包菜,3
1381,番茄炒蛋,1
1381,鱼香肉丝,5
1381,红烧肉,4
1381,酸菜鱼,4
1381,冬瓜排骨汤,2
1381,回锅肉,1
1381,蚝油生菜,1
1381,干煸豆角,4
1381,土豆烧牛肉,3
1381,葱爆羊肉,2
1381,干锅菜花,3
1381,京酱肉丝,1
1381,木耳炒肉,1
1381,红烧排骨,2
1381,香菇青菜,2
1381,糖醋里脊,1
1381,蒜蓉西兰花,3
1381,酸辣土豆丝,1
1381,紫菜蛋花汤,1
1381,西红柿鸡蛋汤,5
1381,白切鸡,4
1381,宫保鸡丁,2
1381,水煮鱼,3
1382,干锅菜花,5
1382,蚝油生菜,1
1382,红烧肉,5
1382,地三鲜,2
1382,回锅肉,5
1382,番茄炒蛋,5
1382,葱爆羊肉,2
1382,木耳炒肉,4
1382,辣子鸡,2
1382,麻婆豆腐,2
1382,酸辣土豆丝,4
1382,土豆烧牛肉,5
1382,糖醋里脊,4
1382,手撕包菜,5
1382,香菇青菜,1
1382,白切鸡,4
1382,红烧排骨,1
1382,京酱肉丝,3
1382,韭菜炒鸡蛋,2
1382,水煮鱼,2
1382,干煸豆角,3
1382,西红柿鸡蛋汤,4
1382,蒜蓉西兰花,2
1382,青椒土豆丝,1
1382,宫保鸡丁,5
1382,紫菜蛋花汤,5
1383,地三鲜,3
1383,红烧排骨,1
1383,青椒土豆丝,4
1383,麻婆豆腐,1
1383,木耳炒肉,4
1383,酸辣土豆丝,4
1383,葱爆羊肉,3
1383,干煸豆角,1
1383,西红柿鸡蛋汤,5
1383,韭菜炒鸡蛋,5
1383,番茄炒蛋,3
1383,蚝油生菜,5
1383,糖醋里脊,3
1383,酸菜鱼,5
1383,冬瓜排骨汤,5
1383,红烧肉,5
1383,紫菜蛋花汤,4
1383,香菇青菜,2
1383,手撕包菜,3
1383,鱼香肉丝,4
1384,蒜蓉西兰花,1
1384,葱爆羊肉,5
1384,韭菜炒鸡蛋,3
1384,西红柿鸡蛋汤,5
1384,红烧肉,3
1384,手撕包菜,3
1384,麻婆豆腐,3
1384,青椒土豆丝,2
1384,土豆烧牛肉,2
1384,鱼香肉丝,3
1384,酸菜鱼,5
1384,红烧排骨,3
1384,地三鲜,3
1385,糖醋里脊,1
1385,木耳炒肉,3
1385,冬瓜排骨汤,5
1385,韭菜炒鸡蛋,1
1386,辣子鸡,4
1386,水煮鱼,3
1386,红烧排骨,3
1386,葱爆羊肉,1
1386,糖醋里脊,2
1386,干煸豆角,4
1386,韭菜炒鸡蛋,2
1386,地三鲜,4
1386,西红柿鸡蛋汤,3
1386,手撕包菜,5
1386,鱼香肉丝,1
1386,木耳炒肉,3
1387,鱼香肉丝,5
1387,回锅肉,1
1387,麻婆豆腐,4
1387,香菇青菜,1
1387,青椒土豆丝,5
1387,木耳炒肉,5
1387,红烧肉,5
1387,酸辣土豆丝,2
1387,蚝油生菜,3
1387,西红柿鸡蛋汤,3
1387,韭菜炒鸡蛋,4
1387,葱爆羊肉,3
1387,手撕包菜,2
1387,蒜蓉西兰花,1
1387,干锅菜花,1
1387,红烧排骨,2
1387,紫菜蛋花汤,4
1387,地三鲜,3
1387,水煮鱼,5
1387,酸菜鱼,4
1387,冬瓜排骨汤,2
1387,京酱肉丝,4
1387,宫保鸡丁,2
1387,干煸豆角,1
1388,辣子鸡,2
1388,白切鸡,2
1388,木耳炒肉,1
1389,鱼香肉丝,5
1389,土豆烧牛肉,2
1389,蒜蓉西兰花,3
1389,京酱肉丝,1
1389,番茄炒蛋,3
1389,青椒土豆丝,1
1389,宫保鸡丁,5
1389,葱爆羊肉,1
1389,酸菜鱼,4
1389,红烧排骨,1
1389,回锅肉,2
1389,紫菜蛋花汤,5
1389,烧茄子,3
1389,手撕包菜,4
1389,水煮鱼,1
1389,白切鸡,4
1389,木耳炒肉,5
1389,西红柿鸡蛋汤,4
1389,香菇青菜,5
1389,糖醋里脊,4
1389,红烧肉,2
1389,干锅菜花,2
1389,蚝油生菜,1
1389,冬瓜排骨汤,3
1389,韭菜炒鸡蛋,5
1389,干煸豆角,5
1389,辣子鸡,5
1389,地三鲜,4
1389,麻婆豆腐,1
1390,干煸豆角,4
1390,红烧肉,3
1390,鱼香肉丝,2
1390,回锅肉,2
1390,糖醋里脊,3
1390,烧茄子,3
1390,辣子鸡,2
1391,宫保鸡丁,1
1391,葱爆羊肉,1
1391,地三鲜,3
1391,麻婆豆腐,4
1392,麻婆豆腐,1
1393,辣子鸡,3
1393,水煮鱼,4
1393,糖醋里脊,4
1393,西红柿鸡蛋汤,2
1393,青椒土豆丝,1
1393,酸菜鱼,4
1393,地三鲜,4
1393,手撕包菜,1
1393,干锅菜花,5
1393,红烧排骨,5
1393,紫菜蛋花汤,5
1393,红烧肉,5
1393,宫保鸡丁,5
1393,香菇青菜,4
1393,烧茄子,5
1393,韭菜炒鸡蛋,4
1393,干煸豆角,4
1393,麻婆豆腐,4
1393,葱爆羊肉,4
1393,木耳炒肉,4
1393,白切鸡,3
1394,麻婆豆腐,5
1394,糖醋里脊,3
1394,蒜蓉西兰花,3
1394,香菇青菜,3
1394,干锅菜花,5
1394,干煸豆角,4
1394,紫菜蛋花汤,5
1394,红烧肉,1
1394,西红柿鸡蛋汤,4
1394,白切鸡,2
1394,土豆烧牛肉,3
1394,酸辣土豆丝,1
1394,烧茄子,5
1394,青椒土豆丝,5
1394,蚝油生菜,1
1394,酸菜鱼,4
1394,木耳炒肉,5
1394,京酱肉丝,4
1394,红烧排骨,3
1394,鱼香肉丝,1
1394,韭菜炒鸡蛋,2
1394,回锅肉,1
1394,冬瓜排骨汤,3
1394,宫保鸡丁,4
1394,葱爆羊肉,3
1394,地三鲜,5
1394,辣子鸡,3
1394,番茄炒蛋,5
1395,紫菜蛋花汤,2
1395,红烧排骨,4
1395,水煮鱼,2
1395,手撕包菜,1
1395,土豆烧牛肉,3
1395,烧茄子,3
1395,酸菜鱼,3
1396,糖醋里脊,1
1396,手撕包菜,4
1396,青椒土豆丝,1
1396,红烧排骨,3
1396,番茄炒蛋,2
1396,干锅菜花,4
1396,麻婆豆腐,5
1396,干煸豆角,3
1396,木耳炒肉,2
1396,酸菜鱼,1
1396,回锅肉,3
1396,鱼香肉丝,3
1396,葱爆羊肉,3
1396,冬瓜排骨汤,3
1396,烧茄子,2
1396,土豆烧牛肉,3
1396,紫菜蛋花汤,3
1396,蒜蓉西兰花,3
1396,韭菜炒鸡蛋,1
1396,酸辣土豆丝,4
1397,紫菜蛋花汤,3
1397,蒜蓉西兰花,4
1397,韭菜炒鸡蛋,1
1397,红烧排骨,1
1397,干煸豆角,2
1397,葱爆羊肉,3
1397,干锅菜花,4
1397,酸辣土豆丝,1
1397,西红柿鸡蛋汤,4
1397,蚝油生菜,3
1397,土豆烧牛肉,4
1397,木耳炒肉,5
1397,番茄炒蛋,1
1397,红烧肉,3
1397,水煮鱼,1
1397,京酱肉丝,1
1397,鱼香肉丝,3
1397,地三鲜,5
1397,手撕包菜,4
1397,青椒土豆丝,4
1397,麻婆豆腐,4
1397,冬瓜排骨汤,1
1397,烧茄子,5
1397,回锅肉,4
1397,酸菜鱼,3
1398,红烧肉,5
1398,葱爆羊肉,5
1398,紫菜蛋花汤,4
1398,手撕包菜,4
1398,辣子鸡,1
1398,蚝油生菜,1
1398,香菇青菜,1
1398,宫保鸡丁,1
1398,回锅肉,5
1399,干锅菜花,2
1399,手撕包菜,3
1399,鱼香肉丝,4
1399,青椒土豆丝,4
1399,木耳炒肉,5
1399,番茄炒蛋,5
1399,酸菜鱼,5
1399,紫菜蛋花汤,4
1399,宫保鸡丁,3
1399,辣子鸡,5
1399,烧茄子,1
1399,蚝油生菜,2
1399,冬瓜排骨汤,1
1399,韭菜炒鸡蛋,3
1399,红烧排骨,2
1400,水煮鱼,3
1400,蚝油生菜,5
1400,干锅菜花,1
1400,冬瓜排骨汤,1
1400,白切鸡,2
1400,西红柿鸡蛋汤,1
1400,酸辣土豆丝,1
1400,蒜蓉西兰花,5
1400,红烧排骨,4
1400,干煸豆角,3
1400,红烧肉,2
1400,回锅肉,2
1400,京酱肉丝,2
1400,番茄炒蛋,1
1400,辣子鸡,3
1400,青椒土豆丝,3
1400,鱼香肉丝,4
1401,地三鲜,1
1401,水煮鱼,3
1401,蒜蓉西兰花,2
1401,蚝油生菜,4
1401,西红柿鸡蛋汤,2
1401,番茄炒蛋,3
1401,干锅菜花,1
1401,紫菜蛋花汤,2
1401,白切鸡,2
1401,麻婆豆腐,1
1401,香菇青菜,1
1401,宫保鸡丁,3
1401,鱼香肉丝,3
1401,青椒土豆丝,1
1401,回锅肉,1
1401,木耳炒肉,1
1401,京酱肉丝,5
1401,冬瓜排骨汤,1
1401,红烧肉,2
1401,酸辣土豆丝,1
1401,烧茄子,4
1401,手撕包菜,1
1401,糖醋里脊,4
1401,葱爆羊肉,1
1401,干煸豆角,2
1401,酸菜鱼,4
1401,辣子鸡,5
1402,宫保鸡丁,3
1402,蚝油生菜,3
1402,紫菜蛋花汤,2
1402,地三鲜,4
1402,红烧肉,4
1402,番茄炒蛋,2
1402,麻婆豆腐,3
1403,糖醋里脊,4
1403,土豆烧牛肉,5
1403,回锅肉,2
1403,干煸豆角,5
1403,红烧肉,3
1403,酸菜鱼,1
1403,葱爆羊肉,5
1403,水煮鱼,1
1403,韭菜炒鸡蛋,3
1403,酸辣土豆丝,5
1403,木耳炒肉,5
1403,手撕包菜,3
1403,辣子鸡,1
1403,冬瓜排骨汤,2
1403,蚝油生菜,2
1403,紫菜蛋花汤,2
1403,京酱肉丝,2
1403,地三鲜,3
1403,宫保鸡丁,5
1403,蒜蓉西兰花,3
1403,香菇青菜,5
1403,番茄炒蛋,2
1403,红烧排骨,3
1403,烧茄子,5
1403,白切鸡,1
1403,麻婆豆腐,2
1403,干锅菜花,3
1404,烧茄子,3
1404,番茄炒蛋,3
1404,蒜蓉西兰花,3
1404,冬瓜排骨汤,5
1404,鱼香肉丝,4
1404,酸菜鱼,3
1404,蚝油生菜,5
1404,香菇青菜,2
1404,手撕包菜,1
1404,宫保鸡丁,3
1404,韭菜炒鸡蛋,4
1404,木耳炒肉,3
1404,麻婆豆腐,1
1404,干锅菜花,1
1404,糖醋里脊,4
1404,西红柿鸡蛋汤,1
1404,红烧肉,4
1404,京酱肉丝,5
1404,葱爆羊肉,5
1404,土豆烧牛肉,5
1404,红烧排骨,2
1404,干煸豆角,4
1404,地三鲜,3
1404,辣子鸡,5
1404,白切鸡,4
1404,水煮鱼,2
1404,青椒土豆丝,4
1404,紫菜蛋花汤,3
1404,回锅肉,3
1405,糖醋里脊,5
1405,香菇青菜,4
1405,干锅菜花,1
1405,红烧排骨,1
1405,青椒土豆丝,4
1405,土豆烧牛肉,1
1405,地三鲜,5
1405,烧茄子,5
1405,辣子鸡,2
1405,韭菜炒鸡蛋,2
1405,京酱肉丝,3
1405,鱼香肉丝,4
1405,水煮鱼,1
1405,红烧肉,4
1405,手撕包菜,5
1405,木耳炒肉,2
1405,葱爆羊肉,4
1405,蒜蓉西兰花,2
1405,冬瓜排骨汤,3
1405,蚝油生菜,1
1405,麻婆豆腐,4
1405,番茄炒蛋,3
1405,白切鸡,2
1405,紫菜蛋花汤,1
1405,干煸豆角,4
1405,宫保鸡丁,1
1406,红烧肉,5
1406,地三鲜,3
1406,宫保鸡丁,2
1406,烧茄子,5
1406,青椒土豆丝,5
1406,酸辣土豆丝,5
1406,干煸豆角,3
1407,红烧肉,1
1407,干锅菜花,4
1407,土豆烧牛肉,5
1407,红烧排骨,3
1407,地三鲜,5
1407,紫菜蛋花汤,4
1407,干煸豆角,3
1407,青椒土豆丝,3
1407,葱爆羊肉,3
1408,韭菜炒鸡蛋,1
1408,酸辣土豆丝,5
1408,地三鲜,2
1408,紫菜蛋花汤,2
1408,白切鸡,2
1408,冬瓜排骨汤,3
1408,干锅菜花,1
1408,蒜蓉西兰花,2
1408,水煮鱼,2
1408,番茄炒蛋,5
1408,西红柿鸡蛋汤,2
1408,糖醋里脊,4
1408,干煸豆角,2
1408,香菇青菜,4
1408,辣子鸡,4
1408,酸菜鱼,1
1408,手撕包菜,4
1408,蚝油生菜,4
1408,麻婆豆腐,3
1408,青椒土豆丝,1
1409,干煸豆角,5
1409,回锅肉,2
1409,宫保鸡丁,1
1409,西红柿鸡蛋汤,4
1409,酸辣土豆丝,3
1409,京酱肉丝,3
1409,酸菜鱼,5
1409,紫菜蛋花汤,3
1409,地三鲜,2
1409,水煮鱼,5
1409,麻婆豆腐,2
1409,番茄炒蛋,4
1409,土豆烧牛肉,4
1409,手撕包菜,4
1409,青椒土豆丝,4
1409,木耳炒肉,3
1409,冬瓜排骨汤,2
1409,葱爆羊肉,2
1409,鱼香肉丝,5
1409,红烧排骨,2
1409,韭菜炒鸡蛋,3
1409,白切鸡,3
1409,干锅菜花,2
1409,红烧肉,2
1409,蚝油生菜,4
1410,酸辣土豆丝,5
1410,蚝油生菜,4
1410,红烧肉,5
1410,韭菜炒鸡蛋,2
1410,干锅菜花,1
1410,蒜蓉西兰花,3
1410,糖醋里脊,1
1411,鱼香肉丝,4
1411,红烧肉,1
1412,干锅菜花,4
1412,手撕包菜,1
1412,番茄炒蛋,3
1412,麻婆豆腐,3
1412,回锅肉,4
1412,糖醋里脊,2
1412,烧茄子,1
1412,酸辣土豆丝,1
1412,蚝油生菜,3
1412,蒜蓉西兰花,2
1412,京酱肉丝,1
1412,红烧排骨,5
1412,白切鸡,5
1412,酸菜鱼,5
1412,西红柿鸡蛋汤,2
1412,葱爆羊肉,1
1413,干锅菜花,4
1413,青椒土豆丝,2
1413,鱼香肉丝,3
1413,干煸豆角,1
1413,蚝油生菜,3
1413,红烧排骨,5
1413,地三鲜,3
1413,宫保鸡丁,1
1413,香菇青菜,2
1413,白切鸡,4
1413,糖醋里脊,3
1413,西红柿鸡蛋汤,5
1413,紫菜蛋花汤,1
1413,土豆烧牛肉,5
1413,手撕包菜,2
1413,韭菜炒鸡蛋,4
1413,麻婆豆腐,5
1413,辣子鸡,1
1414,白切鸡,1
1415,红烧肉,5
1415,番茄炒蛋,3
1415,鱼香肉丝,5
1415,土豆烧牛肉,4
1415,烧茄子,1
1415,蚝油生菜,2
1415,香菇青菜,2
1415,麻婆豆腐,2
1415,西红柿鸡蛋汤,1
1415,水煮鱼,3
1415,蒜蓉西兰花,5
1415,红烧排骨,5
1415,回锅肉,5
1415,地三鲜,4
1415,干煸豆角,3
1415,手撕包菜,1
1416,地三鲜,5
1416,干锅菜花,3
1416,蚝油生菜,1
1416,白切鸡,4
1416,鱼香肉丝,3
1416,糖醋里脊,1
1416,番茄炒蛋,2
1416,手撕包菜,3
1416,冬瓜排骨汤,1
1416,土豆烧牛肉,2
1416,蒜蓉西兰花,1
1416,烧茄子,1
1416,宫保鸡丁,4
1416,葱爆羊肉,5
1416,干煸豆角,5
1417,香菇青菜,3
1417,烧茄子,3
1417,地三鲜,1
1417,蒜蓉西兰花,3
1417,韭菜炒鸡蛋,5
1417,紫菜蛋花汤,4
1417,酸菜鱼,2
1417,酸辣土豆丝,2
1417,干煸豆角,4
1417,土豆烧牛肉,4
1417,蚝油生菜,5
1417,鱼香肉丝,3
1417,白切鸡,4
1417,水煮鱼,2
1418,番茄炒蛋,1
1418,蒜蓉西兰花,3
1418,葱爆羊肉,4
1418,酸菜鱼,2
1418,水煮鱼,1
1418,土豆烧牛肉,4
1418,蚝油生菜,4
1418,辣子鸡,3
1418,红烧肉,2
1418,宫保鸡丁,3
1418,韭菜炒鸡蛋,5
1418,青椒土豆丝,2
1418,手撕包菜,5
1418,回锅肉,3
1418,木耳炒肉,1
1419,蚝油生菜,5
1419,西红柿鸡蛋汤,3
1419,韭菜炒鸡蛋,4
1419,手撕包菜,3
1419,京酱肉丝,5
1419,干锅菜花,1
1419,回锅肉,1
1419,宫保鸡丁,1
1419,木耳炒肉,4
1419,土豆烧牛肉,4
1419,烧茄子,4
1419,葱爆羊肉,2
1419,蒜蓉西兰花,4
1419,地三鲜,3
1420,蒜蓉西兰花,2
1420,干锅菜花,5
1420,白切鸡,4
1421,白切鸡,5
1421,西红柿鸡蛋汤,5
1421,酸菜鱼,2
1421,糖醋里脊,3
1421,干锅菜花,2
1421,香菇青菜,4
1421,宫保鸡丁,5
1421,麻婆豆腐,1
1421,番茄炒蛋,3
1421,回锅肉,4
1421,红烧排骨,1
1421,木耳炒肉,3
1421,水煮鱼,1
1421,葱爆羊肉,4
1421,烧茄子,5
1421,干煸豆角,2
1421,冬瓜排骨汤,4
1421,蒜蓉西兰花,3
1422,蚝油生菜,4
1422,蒜蓉西兰花,3
1422,木耳炒肉,4
1423,红烧排骨,3
1423,番茄炒蛋,4
1423,葱爆羊肉,5
1423,韭菜炒鸡蛋,5
1423,紫菜蛋花汤,3
1423,红烧肉,5
1423,宫保鸡丁,1
1423,青椒土豆丝,3
1423,干煸豆角,2
1423,西红柿鸡蛋汤,2
1423,香菇青菜,3
1423,糖醋里脊,2
1423,酸菜鱼,3
1423,白切鸡,4
1423,水煮鱼,4
1423,麻婆豆腐,1
1423,烧茄子,1
1423,蚝油生菜,5
1423,木耳炒肉,5
1423,干锅菜花,1
1423,酸辣土豆丝,3
1423,土豆烧牛肉,4
1423,蒜蓉西兰花,5
1423,鱼香肉丝,2
1423,京酱肉丝,4
1423,手撕包菜,5
1424,韭菜炒鸡蛋,1
1424,糖醋里脊,2
1425,紫菜蛋花汤,1
1425,回锅肉,4
1425,麻婆豆腐,3
1425,木耳炒肉,4
1425,青椒土豆丝,1
1425,烧茄子,3
1425,京酱肉丝,2
1425,酸菜鱼,2
1425,手撕包菜,4
1425,糖醋里脊,1
1425,红烧肉,1
1425,红烧排骨,3
1425,蒜蓉西兰花,5
1425,韭菜炒鸡蛋,1
1425,葱爆羊肉,4
1425,地三鲜,3
1425,西红柿鸡蛋汤,3
1425,白切鸡,2
1425,辣子鸡,4
1425,土豆烧牛肉,5
1425,干锅菜花,4
1425,蚝油生菜,1
1425,香菇青菜,4
1425,干煸豆角,2
1425,鱼香肉丝,5
1425,水煮鱼,4
1425,番茄炒蛋,4
1425,宫保鸡丁,2
1425,酸辣土豆丝,1
1426,西红柿鸡蛋汤,4
1426,香菇青菜,1
1426,韭菜炒鸡蛋,5
1426,紫菜蛋花汤,2
1426,蚝油生菜,3
1426,辣子鸡,5
1426,鱼香肉丝,4
1426,酸菜鱼,3
1426,回锅肉,1
1426,地三鲜,3
1426,蒜蓉西兰花,2
1426,葱爆羊肉,4
1427,地三鲜,2
1427,西红柿鸡蛋汤,1
1427,青椒土豆丝,2
1427,烧茄子,2
1427,麻婆豆腐,2
1427,回锅肉,2
1427,水煮鱼,5
1427,白切鸡,5
1427,蒜蓉西兰花,5
1427,干煸豆角,2
1427,香菇青菜,1
1427,番茄炒蛋,3
1427,葱爆羊肉,5
1427,糖醋里脊,1
1427,手撕包菜,1
1427,酸菜鱼,4
1427,辣子鸡,1
1428,冬瓜排骨汤,3
1428,红烧肉,5
1428,干煸豆角,3
1428,韭菜炒鸡蛋,3
1428,鱼香肉丝,4
1428,辣子鸡,4
1428,木耳炒肉,4
1429,地三鲜,3
1429,木耳炒肉,1
1429,干煸豆角,4
1430,韭菜炒鸡蛋,4
1430,京酱肉丝,3
1430,西红柿鸡蛋汤,4
1430,鱼香肉丝,4
1430,辣子鸡,4
1430,酸菜鱼,4
1430,葱爆羊肉,3
1430,土豆烧牛肉,4
1430,红烧排骨,4
1430,青椒土豆丝,1
1430,干煸豆角,5
1430,麻婆豆腐,3
1430,水煮鱼,2
1430,冬瓜排骨汤,1
1430,蚝油生菜,5
1430,番茄炒蛋,3
1430,烧茄子,2
1430,手撕包菜,5
1430,糖醋里脊,4
1430,酸辣土豆丝,3
1430,蒜蓉西兰花,3
1431,酸菜鱼,4
1431,番茄炒蛋,5
1431,麻婆豆腐,2
1431,香菇青菜,5
1431,地三鲜,5
1431,宫保鸡丁,4
1431,辣子鸡,2
1431,红烧排骨,5
1431,白切鸡,4
1431,土豆烧牛肉,3
1431,蒜蓉西兰花,1
1431,木耳炒肉,1
1431,干煸豆角,4
1431,红烧肉,4
1431,韭菜炒鸡蛋,2
1431,冬瓜排骨汤,3
1431,青椒土豆丝,4
1431,西红柿鸡蛋汤,4
1431,烧茄子,2
1431,蚝油生菜,5
1431,干锅菜花,1
1431,酸辣土豆丝,2
1431,鱼香肉丝,2
1431,水煮鱼,1
1431,葱爆羊肉,3
1431,紫菜蛋花汤,2
1431,回锅肉,1
1431,糖醋里脊,2
1431,京酱肉丝,1
1432,韭菜炒鸡蛋,3
1432,糖醋里脊,3
1432,红烧排骨,5
1432,木耳炒肉,4
1432,青椒土豆丝,3
1432,蚝油生菜,3
1432,鱼香肉丝,2
1432,麻婆豆腐,3
1432,水煮鱼,3
1432,干煸豆角,2
1432,蒜蓉西兰花,5
1432,回锅肉,4
1432,酸辣土豆丝,1
1432,京酱肉丝,3
1432,地三鲜,1
1432,红烧肉,3
1432,冬瓜排骨汤,2
1432,葱爆羊肉,4
1433,干锅菜花,3
1433,回锅肉,4
1433,地三鲜,4
1433,紫菜蛋花汤,5
1433,韭菜炒鸡蛋,4
1433,蒜蓉西兰花,2
1433,糖醋里脊,2
1433,酸菜鱼,5
1433,麻婆豆腐,5
1433,木耳炒肉,3
1433,红烧排骨,5
1433,土豆烧牛肉,4
1433,酸辣土豆丝,3
1433,手撕包菜,1
1433,烧茄子,4
1433,冬瓜排骨汤,5
1433,宫保鸡丁,2
1433,蚝油生菜,3
1433,水煮鱼,4
1433,番茄炒蛋,1
1434,水煮鱼,5
1434,白切鸡,3
1434,西红柿鸡蛋汤,1
1434,酸辣土豆丝,4
1434,红烧排骨,5
1434,紫菜蛋花汤,4
1434,木耳炒肉,2
1434,葱爆羊肉,4
1434,红烧肉,4
1434,回锅肉,5
1434,韭菜炒鸡蛋,5
1434,辣子鸡,1
1434,香菇青菜,1
1434,冬瓜排骨汤,1
1434,番茄炒蛋,2
1434,蚝油生菜,4
1434,手撕包菜,1
1434,糖醋里脊,5
1434,酸菜鱼,1
1434,烧茄子,5
1434,干煸豆角,3
1434,麻婆豆腐,2
1434,京酱肉丝,1
1435,土豆烧牛肉,3
1435,干煸豆角,1
1435,干锅菜花,5
1435,番茄炒蛋,1
1435,水煮鱼,3
1435,红烧肉,3
1435,蚝油生菜,4
1436,木耳炒肉,2
1436,辣子鸡,2
1436,紫菜蛋花汤,1
1436,酸辣土豆丝,1
1436,回锅肉,4
1436,葱爆羊肉,3
1437,葱爆羊肉,2
1437,糖醋里脊,4
1437,烧茄子,2
1437,蚝油生菜,3
1437,青椒土豆丝,2
1437,白切鸡,5
1437,西红柿鸡蛋汤,1
1437,干煸豆角,3
1437,地三鲜,1
1437,宫保鸡丁,2
1437,蒜蓉西兰花,1
1437,红烧肉,4
1437,辣子鸡,3
1437,酸辣土豆丝,3
1438,白切鸡,5
1438,手撕包菜,5
1438,蒜蓉西兰花,4
1438,木耳炒肉,1
1438,辣子鸡,2
1438,麻婆豆腐,3
1438,干煸豆角,3
1438,回锅肉,1
1438,番茄炒蛋,3
1438,宫保鸡丁,2
1438,红烧肉,1
1438,蚝油生菜,1
1438,冬瓜排骨汤,5
1438,红烧排骨,1
1438,糖醋里脊,4
1438,京酱肉丝,4
1438,酸辣土豆丝,1
1438,鱼香肉丝,5
1438,青椒土豆丝,2
1438,紫菜蛋花汤,2
1438,葱爆羊肉,3
1438,干锅菜花,2
1438,水煮鱼,2
1438,土豆烧牛肉,4
1438,烧茄子,4
1438,香菇青菜,2
1438,韭菜炒鸡蛋,4
1438,西红柿鸡蛋汤,4
1439,酸菜鱼,3
1439,回锅肉,3
1439,干锅菜花,5
1439,京酱肉丝,1
1439,麻婆豆腐,3
1439,冬瓜排骨汤,4
1439,红烧肉,1
1439,手撕包菜,2
1439,地三鲜,4
1439,香菇青菜,4
1439,青椒土豆丝,4
1439,紫菜蛋花汤,1
1440,西红柿鸡蛋汤,4
1440,干煸豆角,1
1440,青椒土豆丝,2
1440,红烧排骨,1
1440,糖醋里脊,3
1440,手撕包菜,1
1440,木耳炒肉,1
1440,红烧肉,2
1440,白切鸡,3
1440,回锅肉,2
1440,番茄炒蛋,2
1441,宫保鸡丁,1
1441,葱爆羊肉,2
1441,番茄炒蛋,5
1441,香菇青菜,5
1441,白切鸡,1
1441,酸辣土豆丝,2
1441,土豆烧牛肉,4
1441,蚝油生菜,1
1441,烧茄子,5
1441,酸菜鱼,1
1441,蒜蓉西兰花,2
1441,冬瓜排骨汤,4
1441,辣子鸡,3
1441,干锅菜花,5
1441,木耳炒肉,2
1441,水煮鱼,5
1441,韭菜炒鸡蛋,3
1441,地三鲜,3
1441,手撕包菜,4
1442,紫菜蛋花汤,3
1442,麻婆豆腐,2
1442,辣子鸡,4
1442,蚝油生菜,3
1442,番茄炒蛋,3
1442,西红柿鸡蛋汤,3
1442,酸辣土豆丝,2
1442,手撕包菜,2
1442,葱爆羊肉,5
1442,木耳炒肉,4
1442,烧茄子,5
1442,宫保鸡丁,1
1442,京酱肉丝,3
1442,酸菜鱼,2
1442,韭菜炒鸡蛋,2
1442,鱼香肉丝,1
1442,干锅菜花,1
1442,地三鲜,4
1442,红烧肉,2
1442,土豆烧牛肉,2
1442,水煮鱼,4
1442,糖醋里脊,4
1443,蒜蓉西兰花,1
1443,青椒土豆丝,5
1443,酸菜鱼,1
1443,番茄炒蛋,1
1443,干锅菜花,4
1443,紫菜蛋花汤,2
1443,宫保鸡丁,2
1443,烧茄子,3
1443,手撕包菜,5
1443,蚝油生菜,4
1443,土豆烧牛肉,4
1443,冬瓜排骨汤,4
1443,香菇青菜,3
1443,水煮鱼,3
1443,酸辣土豆丝,4
1443,辣子鸡,3
1443,干煸豆角,5
1443,葱爆羊肉,4
1443,回锅肉,1
1443,木耳炒肉,4
1443,京酱肉丝,2
1443,鱼香肉丝,5
1443,地三鲜,3
1444,烧茄子,1
1444,鱼香肉丝,3
1444,青椒土豆丝,3
1444,辣子鸡,4
1444,回锅肉,2
1444,葱爆羊肉,3
1444,紫菜蛋花汤,1
1444,糖醋里脊,4
1444,冬瓜排骨汤,3
1444,番茄炒蛋,4
1444,木耳炒肉,2
1444,京酱肉丝,3
1444,地三鲜,1
1444,手撕包菜,5
1444,白切鸡,3
1445,蚝油生菜,4
1445,酸辣土豆丝,5
1445,木耳炒肉,4
1445,香菇青菜,3
1446,木耳炒肉,1
1446,红烧排骨,1
1446,地三鲜,5
1446,西红柿鸡蛋汤,2
1446,葱爆羊肉,2
1446,酸菜鱼,2
1446,蚝油生菜,3
1446,鱼香肉丝,1
1446,宫保鸡丁,3
1446,烧茄子,3
1446,青椒土豆丝,3
1446,白切鸡,4
1446,干锅菜花,5
1446,手撕包菜,3
1446,红烧肉,2
1446,麻婆豆腐,4
1446,辣子鸡,2
1446,糖醋里脊,2
1446,冬瓜排骨汤,4
1446,香菇青菜,4
1446,回锅肉,4
1446,蒜蓉西兰花,1
1446,土豆烧牛肉,3
1447,辣子鸡,4
1447,红烧肉,3
1447,紫菜蛋花汤,2
1448,番茄炒蛋,4
1448,白切鸡,1
1449,麻婆豆腐,5
1449,青椒土豆丝,2
1449,蚝油生菜,2
1449,香菇青菜,5
1449,红烧肉,3
1449,番茄炒蛋,1
1449,红烧排骨,1
1449,土豆烧牛肉,3
1449,冬瓜排骨汤,5
1449,水煮鱼,4
1449,鱼香肉丝,2
1449,糖醋里脊,5
1449,地三鲜,3
1449,干煸豆角,1
1449,辣子鸡,4
1449,干锅菜花,4
1449,酸菜鱼,5
1449,烧茄子,3
1450,白切鸡,3
1450,宫保鸡丁,4
1450,土豆烧牛肉,4
1450,干锅菜花,4
1450,冬瓜排骨汤,5
1450,糖醋里脊,1
1450,干煸豆角,1
1451,蒜蓉西兰花,2
1451,红烧肉,5
1451,辣子鸡,4
1451,冬瓜排骨汤,5
1451,京酱肉丝,2
1451,葱爆羊肉,3
1451,蚝油生菜,1
1451,酸辣土豆丝,5
1451,白切鸡,3
1451,木耳炒肉,3
1451,土豆烧牛肉,5
1451,青椒土豆丝,2
1451,手撕包菜,3
1451,鱼香肉丝,4
1451,烧茄子,2
1452,香菇青菜,5
1452,蚝油生菜,2
1452,番茄炒蛋,4
1452,京酱肉丝,1
1452,木耳炒肉,3
1452,红烧排骨,4
1452,红烧肉,2
1452,糖醋里脊,2
1452,酸辣土豆丝,2
1452,酸菜鱼,3
1452,干锅菜花,3
1452,冬瓜排骨汤,4
1452,紫菜蛋花汤,4
1452,青椒土豆丝,4
1452,辣子鸡,1
1452,地三鲜,1
1452,葱爆羊肉,3
1452,韭菜炒鸡蛋,1
1452,回锅肉,3
1453,酸辣土豆丝,3
1453,紫菜蛋花汤,1
1453,京酱肉丝,2
1453,麻婆豆腐,5
1453,土豆烧牛肉,3
1453,宫保鸡丁,1
1453,冬瓜排骨汤,5
1453,蒜蓉西兰花,4
1453,西红柿鸡蛋汤,5
1453,番茄炒蛋,3
1453,韭菜炒鸡蛋,4
1453,蚝油生菜,1
1453,干煸豆角,2
1453,白切鸡,3
1453,香菇青菜,3
1453,辣子鸡,1
1453,木耳炒肉,5
1453,红烧肉,5
1453,红烧排骨,2
1453,干锅菜花,2
1454,水煮鱼,1
1454,土豆烧牛肉,4
1454,青椒土豆丝,2
1454,西红柿鸡蛋汤,1
1454,鱼香肉丝,5
1454,紫菜蛋花汤,3
1454,京酱肉丝,2
1454,红烧排骨,1
1454,糖醋里脊,1
1454,回锅肉,2
1454,香菇青菜,2
1454,葱爆羊肉,5
1454,麻婆豆腐,1
1454,红烧肉,3
1454,干煸豆角,2
1454,冬瓜排骨汤,2
1454,干锅菜花,1
1454,辣子鸡,2
1454,手撕包菜,2
1454,酸菜鱼,4
1454,酸辣土豆丝,2
1454,烧茄子,1
1454,蚝油生菜,3
1454,韭菜炒鸡蛋,1
1454,番茄炒蛋,5
1454,宫保鸡丁,5
1454,蒜蓉西兰花,2
1454,白切鸡,1
1455,香菇青菜,5
1455,宫保鸡丁,4
1455,番茄炒蛋,4
1455,青椒土豆丝,2
1455,水煮鱼,1
1455,土豆烧牛肉,1
1456,白切鸡,4
1456,地三鲜,4
1456,紫菜蛋花汤,3
1456,鱼香肉丝,4
1456,青椒土豆丝,5
1456,水煮鱼,1
1457,韭菜炒鸡蛋,1
1458,水煮鱼,3
1458,烧茄子,3
1458,红烧排骨,4
1458,西红柿鸡蛋汤,3
1458,手撕包菜,4
1458,酸辣土豆丝,5
1458,麻婆豆腐,1
1458,干锅菜花,1
1458,京酱肉丝,4
1458,酸菜鱼,1
1458,糖醋里脊,5
1458,番茄炒蛋,4
1458,辣子鸡,1
1458,土豆烧牛肉,2
1458,青椒土豆丝,4
1458,红烧肉,2
1458,紫菜蛋花汤,5
1458,干煸豆角,2
1458,回锅肉,1
1458,香菇青菜,3
1458,宫保鸡丁,1
1458,冬瓜排骨汤,1
1458,蒜蓉西兰花,5
1459,干煸豆角,3
1459,酸辣土豆丝,5
1459,西红柿鸡蛋汤,1
1459,蒜蓉西兰花,2
1459,鱼香肉丝,2
1459,土豆烧牛肉,2
1459,冬瓜排骨汤,1
1459,糖醋里脊,4
1460,干煸豆角,2
1460,鱼香肉丝,1
1460,西红柿鸡蛋汤,2
1460,地三鲜,1
1460,白切鸡,1
1460,韭菜炒鸡蛋,4
1460,糖醋里脊,4
1460,番茄炒蛋,5
1460,回锅肉,3
1460,麻婆豆腐,3
1460,土豆烧牛肉,2
1460,青椒土豆丝,5
1460,红烧肉,2
1460,木耳炒肉,2
1460,手撕包菜,4
1460,蒜蓉西兰花,4
1460,红烧排骨,1
1460,酸辣土豆丝,1
1460,烧茄子,1
1460,香菇青菜,4
1460,干锅菜花,4
1460,冬瓜排骨汤,5
1461,水煮鱼,4
1461,蚝油生菜,5
1461,葱爆羊肉,4
1461,紫菜蛋花汤,2
1462,鱼香肉丝,1
1462,番茄炒蛋,4
1462,酸菜鱼,3
1462,水煮鱼,2
1462,冬瓜排骨汤,1
1462,糖醋里脊,3
1462,蒜蓉西兰花,1
1462,京酱肉丝,3
1462,回锅肉,2
1462,西红柿鸡蛋汤,1
1462,葱爆羊肉,5
1462,干锅菜花,5
1462,青椒土豆丝,3
1462,紫菜蛋花汤,1
1462,烧茄子,1
1462,麻婆豆腐,3
1462,酸辣土豆丝,1
1462,辣子鸡,4
1462,韭菜炒鸡蛋,3
1462,红烧肉,3
1463,蒜蓉西兰花,3
1464,酸菜鱼,1
1464,番茄炒蛋,5
1464,土豆烧牛肉,2
1464,辣子鸡,1
1464,葱爆羊肉,4
1464,香菇青菜,4
1464,干锅菜花,3
1464,宫保鸡丁,3
1464,青椒土豆丝,1
1464,手撕包菜,3
1464,蒜蓉西兰花,5
1464,回锅肉,2
1464,蚝油生菜,3
1464,酸辣土豆丝,3
1464,烧茄子,1
1464,鱼香肉丝,1
1464,地三鲜,4
1465,番茄炒蛋,1
1465,干锅菜花,5
1465,紫菜蛋花汤,5
1465,西红柿鸡蛋汤,1
1465,烧茄子,3
1465,白切鸡,1
1465,木耳炒肉,2
1465,青椒土豆丝,3
1465,红烧肉,1
1465,土豆烧牛肉,4
1465,冬瓜排骨汤,3
1465,红烧排骨,1
1465,鱼香肉丝,1
1465,水煮鱼,4
1465,韭菜炒鸡蛋,3
1465,麻婆豆腐,4
1465,蚝油生菜,1
1465,手撕包菜,1
1465,宫保鸡丁,4
1465,地三鲜,1
1465,酸辣土豆丝,4
1465,酸菜鱼,3
1465,蒜蓉西兰花,5
1465,辣子鸡,3
1465,葱爆羊肉,4
1465,香菇青菜,5
1465,回锅肉,4
1465,干煸豆角,5
1465,京酱肉丝,5
1466,糖醋里脊,5
1466,烧茄子,1
1466,干煸豆角,2
1466,麻婆豆腐,5
1466,番茄炒蛋,5
1466,回锅肉,1
1466,宫保鸡丁,5
1466,干锅菜花,1
1466,冬瓜排骨汤,1
1466,白切鸡,1
1466,鱼香肉丝,3
1466,辣子鸡,3
1466,红烧排骨,4
1467,蚝油生菜,1
1467,韭菜炒鸡蛋,5
1467,京酱肉丝,2
1467,干锅菜花,1
1467,木耳炒肉,4
1467,葱爆羊肉,4
1467,麻婆豆腐,3
1467,红烧排骨,3
1467,酸菜鱼,1
1467,红烧肉,4
1467,回锅肉,4
1467,西红柿鸡蛋汤,1
1467,冬瓜排骨汤,2
1467,鱼香肉丝,2
1467,水煮鱼,2
1467,青椒土豆丝,5
1468,回锅肉,3
1469,辣子鸡,3
1469,干锅菜花,2
1469,蒜蓉西兰花,2
1469,番茄炒蛋,1
1469,西红柿鸡蛋汤,5
1469,蚝油生菜,3
1469,干煸豆角,5
1469,红烧肉,2
1470,回锅肉,4
1470,蒜蓉西兰花,1
1470,红烧排骨,2
1470,土豆烧牛肉,3
1470,香菇青菜,1
1470,青椒土豆丝,5
1470,地三鲜,2
1470,韭菜炒鸡蛋,5
1470,西红柿鸡蛋汤,5
1470,蚝油生菜,4
1470,番茄炒蛋,4
1470,干锅菜花,2
1470,白切鸡,5
1470,糖醋里脊,5
1470,干煸豆角,3
1470,酸菜鱼,4
1470,酸辣土豆丝,3
1470,木耳炒肉,5
1471,回锅肉,3
1471,红烧肉,2
1471,干煸豆角,2
1471,干锅菜花,5
1471,青椒土豆丝,1
1471,红烧排骨,5
1471,土豆烧牛肉,5
1471,蚝油生菜,4
1471,酸菜鱼,4
1471,京酱肉丝,4
1472,蚝油生菜,2
1472,红烧肉,3
1472,香菇青菜,1
1472,青椒土豆丝,4
1472,酸菜鱼,2
1472,木耳炒肉,1
1473,水煮鱼,2
1473,葱爆羊肉,2
1473,西红柿鸡蛋汤,3
1473,糖醋里脊,4
1473,青椒土豆丝,1
1473,回锅肉,3
1473,宫保鸡丁,3
1473,紫菜蛋花汤,3
1473,手撕包菜,3
1473,红烧肉,3
1473,麻婆豆腐,1
1473,地三鲜,3
1473,京酱肉丝,2
1473,木耳炒肉,3
1473,干煸豆角,3
1473,干锅菜花,2
1473,红烧排骨,1
1473,番茄炒蛋,1
1473,白切鸡,1
1473,蒜蓉西兰花,4
1473,韭菜炒鸡蛋,3
1473,酸菜鱼,3
1473,冬瓜排骨汤,5
1473,香菇青菜,3
1473,烧茄子,3
1473,土豆烧牛肉,5
1473,辣子鸡,3
1473,鱼香肉丝,4
1474,辣子鸡,1
1474,番茄炒蛋,4
1474,手撕包菜,3
1474,木耳炒肉,4
1474,麻婆豆腐,5
1474,烧茄子,2
1474,土豆烧牛肉,3
1474,酸辣土豆丝,4
1474,紫菜蛋花汤,3
1474,西红柿鸡蛋汤,2
1474,干煸豆角,5
1474,京酱肉丝,5
1474,青椒土豆丝,5
1474,蒜蓉西兰花,4
1474,水煮鱼,2
1474,干锅菜花,3
1474,冬瓜排骨汤,4
1474,宫保鸡丁,2
1474,蚝油生菜,3
1474,白切鸡,2
1474,红烧排骨,5
1475,蒜蓉西兰花,2
1475,西红柿鸡蛋汤,3
1475,香菇青菜,4
1475,地三鲜,5
1475,手撕包菜,2
1475,烧茄子,2
1475,红烧排骨,1
1475,水煮鱼,3
1475,木耳炒肉,4
1475,青椒土豆丝,5
1475,鱼香肉丝,2
1475,宫保鸡丁,3
1475,干锅菜花,3
1475,酸菜鱼,2
1475,韭菜炒鸡蛋,1
1475,红烧肉,1
1475,番茄炒蛋,5
1475,紫菜蛋花汤,1
1475,酸辣土豆丝,2
1475,回锅肉,3
1476,辣子鸡,1
1476,西红柿鸡蛋汤,3
1476,青椒土豆丝,4
1476,酸辣土豆丝,1
1476,香菇青菜,4
1476,土豆烧牛肉,4
1476,烧茄子,5
1476,干煸豆角,4
1476,京酱肉丝,1
1476,番茄炒蛋,1
1476,紫菜蛋花汤,4
1476,糖醋里脊,5
1476,宫保鸡丁,4
1477,酸辣土豆丝,4
1477,干锅菜花,5
1477,辣子鸡,1
1477,白切鸡,4
1477,水煮鱼,3
1477,红烧肉,1
1477,麻婆豆腐,4
1477,蒜蓉西兰花,1
1478,手撕包菜,2
1478,回锅肉,2
1478,干锅菜花,1
1478,麻婆豆腐,2
1478,地三鲜,1
1478,红烧排骨,5
1478,鱼香肉丝,4
1478,水煮鱼,1
1478,韭菜炒鸡蛋,3
1478,番茄炒蛋,5
1478,酸菜鱼,5
1478,酸辣土豆丝,3
1478,红烧肉,2
1478,糖醋里脊,3
1478,木耳炒肉,1
1478,蒜蓉西兰花,4
1478,紫菜蛋花汤,5
1478,葱爆羊肉,4
1478,土豆烧牛肉,4
1478,京酱肉丝,5
1478,香菇青菜,5
1478,青椒土豆丝,4
1478,辣子鸡,5
1478,蚝油生菜,3
1478,冬瓜排骨汤,2
1478,烧茄子,1
1478,干煸豆角,1
1478,西红柿鸡蛋汤,1
1479,麻婆豆腐,2
1479,回锅肉,4
1479,木耳炒肉,2
1479,西红柿鸡蛋汤,2
1479,红烧肉,5
1479,冬瓜排骨汤,4
1479,京酱肉丝,1
1479,鱼香肉丝,3
1479,烧茄子,5
1479,香菇青菜,3
1480,蒜蓉西兰花,5
1480,韭菜炒鸡蛋,3
1480,木耳炒肉,4
1480,酸菜鱼,3
1480,酸辣土豆丝,4
1480,白切鸡,4
1481,西红柿鸡蛋汤,2
1481,手撕包菜,5
1481,香菇青菜,2
1481,韭菜炒鸡蛋,1
1481,紫菜蛋花汤,3
1481,白切鸡,3
1481,蒜蓉西兰花,4
1482,红烧排骨,3
1482,香菇青菜,5
1482,干煸豆角,2
1482,木耳炒肉,5
1482,白切鸡,3
1482,烧茄子,5
1482,土豆烧牛肉,1
1482,糖醋里脊,3
1482,京酱肉丝,1
1482,干锅菜花,3
1482,葱爆羊肉,2
1482,鱼香肉丝,5
1482,西红柿鸡蛋汤,1
1482,辣子鸡,2
1482,水煮鱼,3
1482,紫菜蛋花汤,4
1483,鱼香肉丝,1
1483,冬瓜排骨汤,2
1483,红烧肉,1
1483,蒜蓉西兰花,1
1483,地三鲜,1
1483,手撕包菜,5
1483,土豆烧牛肉,3
1483,烧茄子,2
1483,葱爆羊肉,4
1483,白切鸡,2
1483,京酱肉丝,2
1483,干煸豆角,4
1483,紫菜蛋花汤,3
1483,红烧排骨,3
1483,糖醋里脊,1
1483,番茄炒蛋,5
1483,西红柿鸡蛋汤,1
1483,酸菜鱼,2
1483,青椒土豆丝,3
1483,香菇青菜,3
1483,酸辣土豆丝,5
1483,蚝油生菜,3
1483,干锅菜花,1
1483,韭菜炒鸡蛋,5
1484,蚝油生菜,4
1484,白切鸡,4
1484,烧茄子,5
1484,青椒土豆丝,3
1484,酸菜鱼,1
1484,京酱肉丝,4
1484,地三鲜,4
1484,木耳炒肉,3
1484,紫菜蛋花汤,3
1484,番茄炒蛋,4
1484,回锅肉,2
1484,韭菜炒鸡蛋,4
1485,冬瓜排骨汤,5
1485,回锅肉,3
1485,土豆烧牛肉,5
1485,蚝油生菜,4
1485,酸辣土豆丝,3
1485,木耳炒肉,2
1485,地三鲜,2
1485,红烧肉,5
1485,酸菜鱼,4
1485,麻婆豆腐,4
1485,番茄炒蛋,3
1485,白切鸡,5
1485,干煸豆角,5
1485,辣子鸡,5
1485,葱爆羊肉,1
1485,青椒土豆丝,2
1485,京酱肉丝,1
1485,蒜蓉西兰花,2
1485,紫菜蛋花汤,5
1485,鱼香肉丝,3
1485,宫保鸡丁,3
1485,干锅菜花,1
1485,红烧排骨,4
1485,糖醋里脊,1
1485,香菇青菜,1
1485,西红柿鸡蛋汤,5
1485,水煮鱼,3
1485,烧茄子,1
1485,手撕包菜,3
1486,韭菜炒鸡蛋,2
1486,麻婆豆腐,3
1486,红烧肉,2
1486,辣子鸡,5
1486,冬瓜排骨汤,3
1486,葱爆羊肉,4
1486,红烧排骨,1
1486,酸菜鱼,3
1486,香菇青菜,2
1486,紫菜蛋花汤,4
1486,青椒土豆丝,2
1486,土豆烧牛肉,1
1486,烧茄子,3
1486,西红柿鸡蛋汤,1
1486,糖醋里脊,5
1486,酸辣土豆丝,3
1486,木耳炒肉,2
1486,白切鸡,1
1486,干煸豆角,4
1487,青椒土豆丝,1
1487,糖醋里脊,4
1487,回锅肉,1
1487,葱爆羊肉,4
1487,麻婆豆腐,1
1487,蚝油生菜,2
1487,蒜蓉西兰花,2
1487,白切鸡,2
1487,香菇青菜,1
1487,酸辣土豆丝,5
1487,干煸豆角,3
1487,西红柿鸡蛋汤,3
1487,干锅菜花,3
1487,红烧肉,1
1487,番茄炒蛋,5
1487,酸菜鱼,3
1487,红烧排骨,2
1487,韭菜炒鸡蛋,4
1487,辣子鸡,4
1487,水煮鱼,1
1487,土豆烧牛肉,2
1487,冬瓜排骨汤,1
1487,鱼香肉丝,5
1487,手撕包菜,2
1487,紫菜蛋花汤,1
1487,烧茄子,2
1488,紫菜蛋花汤,4
1488,土豆烧牛肉,4
1488,西红柿鸡蛋汤,2
1488,宫保鸡丁,4
1488,酸辣土豆丝,3
1488,番茄炒蛋,4
1488,干煸豆角,4
1488,麻婆豆腐,3
1488,木耳炒肉,3
1488,红烧排骨,3
1488,青椒土豆丝,3
1488,葱爆羊肉,3
1488,香菇青菜,5
1488,烧茄子,1
1488,冬瓜排骨汤,2
1488,白切鸡,3
1489,蒜蓉西兰花,2
1489,水煮鱼,3
1489,白切鸡,1
1489,酸菜鱼,3
1489,蚝油生菜,5
1489,韭菜炒鸡蛋,3
1489,回锅肉,3
1489,糖醋里脊,1
1489,地三鲜,4
1489,西红柿鸡蛋汤,1
1489,烧茄子,2
1489,宫保鸡丁,4
1489,红烧肉,3
1489,京酱肉丝,1
1489,手撕包菜,4
1489,辣子鸡,2
1489,番茄炒蛋,4
1489,葱爆羊肉,1
1489,冬瓜排骨汤,4
1489,干煸豆角,4
1489,鱼香肉丝,3
1489,酸辣土豆丝,1
1489,麻婆豆腐,3
1489,红烧排骨,1
1489,紫菜蛋花汤,3
1489,香菇青菜,3
1489,土豆烧牛肉,5
1489,青椒土豆丝,4
1489,干锅菜花,4
1490,水煮鱼,3
1490,西红柿鸡蛋汤,2
1490,葱爆羊肉,4
1490,辣子鸡,5
1490,土豆烧牛肉,4
1490,青椒土豆丝,2
1491,番茄炒蛋,3
1491,红烧排骨,1
1492,红烧排骨,4
1492,酸菜鱼,4
1492,木耳炒肉,1
1492,香菇青菜,2
1492,番茄炒蛋,3
1492,地三鲜,5
1492,蚝油生菜,2
1492,干煸豆角,5
1492,宫保鸡丁,3
1492,酸辣土豆丝,5
1492,青椒土豆丝,5
1492,手撕包菜,5
1492,蒜蓉西兰花,1
1492,糖醋里脊,5
1493,西红柿鸡蛋汤,3
1493,木耳炒肉,3
1493,韭菜炒鸡蛋,2
1493,红烧排骨,2
1493,辣子鸡,5
1493,白切鸡,1
1493,地三鲜,1
1493,麻婆豆腐,3
1493,京酱肉丝,1
1493,酸菜鱼,3
1493,手撕包菜,2
1493,紫菜蛋花汤,3
1493,冬瓜排骨汤,2
1493,回锅肉,5
1493,烧茄子,4
1493,葱爆羊肉,4
1493,干锅菜花,5
1493,糖醋里脊,3
1493,香菇青菜,3
1493,红烧肉,3
1493,酸辣土豆丝,4
1493,干煸豆角,1
1494,麻婆豆腐,5
1494,蒜蓉西兰花,1
1494,红烧排骨,1
1494,香菇青菜,3
1494,手撕包菜,1
1494,木耳炒肉,4
1494,白切鸡,4
1494,干煸豆角,1
1494,地三鲜,4
1494,宫保鸡丁,2
1494,水煮鱼,3
1494,辣子鸡,4
1494,京酱肉丝,1
1494,干锅菜花,2
1494,烧茄子,1
1494,韭菜炒鸡蛋,4
1494,冬瓜排骨汤,1
1494,酸菜鱼,2
1494,酸辣土豆丝,3
1494,糖醋里脊,1
1494,青椒土豆丝,4
1494,紫菜蛋花汤,5
1494,番茄炒蛋,5
1494,鱼香肉丝,2
1494,葱爆羊肉,1
1494,蚝油生菜,4
1495,回锅肉,1
1495,地三鲜,3
1495,香菇青菜,3
1495,酸菜鱼,4
1495,番茄炒蛋,4
1495,冬瓜排骨汤,1
1495,西红柿鸡蛋汤,4
1495,辣子鸡,4
1495,烧茄子,5
1495,蚝油生菜,5
1495,蒜蓉西兰花,3
1495,糖醋里脊,1
1495,红烧肉,5
1495,京酱肉丝,2
1495,手撕包菜,4
1495,木耳炒肉,2
1495,紫菜蛋花汤,4
1495,干煸豆角,3
1495,宫保鸡丁,4
1495,白切鸡,1
1495,鱼香肉丝,3
1495,红烧排骨,5
1495,葱爆羊肉,3
1495,土豆烧牛肉,3
1495,青椒土豆丝,1
1495,韭菜炒鸡蛋,4
1495,麻婆豆腐,1
1495,酸辣土豆丝,1
1495,水煮鱼,2
1496,红烧排骨,3
1496,酸菜鱼,1
1496,葱爆羊肉,5
1496,糖醋里脊,2
1496,番茄炒蛋,3
1496,红烧肉,4
1496,回锅肉,5
1497,麻婆豆腐,5
1497,红烧排骨,4
1497,红烧肉,5
1497,紫菜蛋花汤,3
1497,冬瓜排骨汤,5
1497,烧茄子,4
1497,韭菜炒鸡蛋,5
1497,葱爆羊肉,5
1497,西红柿鸡蛋汤,5
1497,干锅菜花,4
1497,辣子鸡,2
1497,土豆烧牛肉,1
1497,京酱肉丝,5
1498,紫菜蛋花汤,3
1498,青椒土豆丝,5
1498,宫保鸡丁,1
1498,地三鲜,4
1498,番茄炒蛋,3
1498,香菇青菜,2
1498,烧茄子,2
1498,冬瓜排骨汤,1
1498,回锅肉,1
1498,糖醋里脊,2
1498,京酱肉丝,4
1498,红烧排骨,3
1498,蚝油生菜,4
1498,土豆烧牛肉,5
1499,手撕包菜,4
1499,鱼香肉丝,2
1499,水煮鱼,2
1499,香菇青菜,2
1499,京酱肉丝,1
1499,糖醋里脊,4
1499,冬瓜排骨汤,2
1499,白切鸡,3
1499,麻婆豆腐,4
1499,红烧排骨,4
1499,蒜蓉西兰花,2
1499,葱爆羊肉,3
1499,青椒土豆丝,4
1499,干锅菜花,4
1499,西红柿鸡蛋汤,3
1499,烧茄子,4
1499,回锅肉,5
1499,番茄炒蛋,3
1499,酸菜鱼,2
1499,蚝油生菜,5
1499,酸辣土豆丝,5
1499,紫菜蛋花汤,3
1499,木耳炒肉,1
1500,蚝油生菜,3
1501,鱼香肉丝,1
1501,木耳炒肉,5
1501,韭菜炒鸡蛋,5
1501,宫保鸡丁,2
1501,糖醋里脊,1
1501,酸辣土豆丝,2
1501,番茄炒蛋,5
1501,香菇青菜,1
1501,蚝油生菜,4
1501,紫菜蛋花汤,5
1501,干煸豆角,3
1501,红烧肉,5
1501,辣子鸡,4
1501,蒜蓉西兰花,2
1501,手撕包菜,1
1501,地三鲜,5
1501,青椒土豆丝,3
1501,红烧排骨,2
1501,干锅菜花,1
1501,白切鸡,1
1501,水煮鱼,1
1501,冬瓜排骨汤,2
1501,麻婆豆腐,5
1501,回锅肉,1
1501,酸菜鱼,4
1501,西红柿鸡蛋汤,4
1501,葱爆羊肉,5
1501,京酱肉丝,1
1501,烧茄子,2
1502,京酱肉丝,3
1502,葱爆羊肉,1
1502,紫菜蛋花汤,2
1502,冬瓜排骨汤,2
1502,青椒土豆丝,4
1502,木耳炒肉,5
1502,烧茄子,1
1502,白切鸡,2
1502,辣子鸡,5
1502,香菇青菜,3
1502,番茄炒蛋,1
1502,蒜蓉西兰花,2
1502,麻婆豆腐,4
1502,蚝油生菜,3
1502,韭菜炒鸡蛋,2
1502,糖醋里脊,3
1502,西红柿鸡蛋汤,2
1502,酸辣土豆丝,1
1502,干煸豆角,2
1502,回锅肉,2
1502,红烧肉,3
1503,酸菜鱼,4
1503,红烧肉,3
1503,冬瓜排骨汤,2
1503,韭菜炒鸡蛋,3
1503,干锅菜花,5
1503,木耳炒肉,3
1503,紫菜蛋花汤,5
1503,葱爆羊肉,5
1503,蚝油生菜,1
1503,水煮鱼,5
1503,红烧排骨,3
1503,酸辣土豆丝,2
1503,宫保鸡丁,5
1503,青椒土豆丝,5
1503,土豆烧牛肉,2
1503,番茄炒蛋,5
1503,糖醋里脊,5
1503,回锅肉,2
1503,蒜蓉西兰花,1
1503,京酱肉丝,1
1503,鱼香肉丝,3
1503,地三鲜,1
1503,香菇青菜,3
1503,白切鸡,5
1504,干锅菜花,5
1504,香菇青菜,2
1504,葱爆羊肉,2
1504,回锅肉,4
1504,红烧排骨,1
1504,麻婆豆腐,5
1504,青椒土豆丝,3
1504,京酱肉丝,3
1504,手撕包菜,5
1504,冬瓜排骨汤,1
1504,地三鲜,2
1504,紫菜蛋花汤,5
1504,烧茄子,3
1504,白切鸡,5
1504,红烧肉,3
1505,手撕包菜,1
1505,辣子鸡,5
1505,糖醋里脊,1
1505,干煸豆角,3
1505,酸辣土豆丝,5
1505,回锅肉,3
1505,蚝油生菜,4
1505,酸菜鱼,4
1505,干锅菜花,5
1505,香菇青菜,2
1505,葱爆羊肉,2
1505,京酱肉丝,2
1505,麻婆豆腐,5
1505,青椒土豆丝,3
1505,白切鸡,5
1505,番茄炒蛋,2
1505,韭菜炒鸡蛋,4
1505,木耳炒肉,1
1505,鱼香肉丝,1
1506,手撕包菜,1
1506,辣子鸡,4
1506,麻婆豆腐,2
1506,红烧肉,1
1506,烧茄子,2
1506,干锅菜花,1
1506,鱼香肉丝,2
1506,葱爆羊肉,2
1506,京酱肉丝,5
1506,水煮鱼,5
1506,土豆烧牛肉,1
1506,酸菜鱼,1
1506,青椒土豆丝,2
1506,韭菜炒鸡蛋,1
1506,宫保鸡丁,5
1506,地三鲜,5
1506,回锅肉,4
1506,白切鸡,4
1506,蒜蓉西兰花,4
1507,青椒土豆丝,4
1507,干锅菜花,4
1507,番茄炒蛋,1
1507,鱼香肉丝,4
1507,糖醋里脊,1
1507,烧茄子,5
1507,西红柿鸡蛋汤,1
1507,紫菜蛋花汤,3
1507,辣子鸡,4
1507,回锅肉,3
1507,蒜蓉西兰花,4
1507,韭菜炒鸡蛋,3
1507,京酱肉丝,2
1507,地三鲜,5
1508,香菇青菜,5
1508,紫菜蛋花汤,3
1508,宫保鸡丁,3
1508,酸菜鱼,4
1508,回锅肉,5
1508,京酱肉丝,5
1508,干锅菜花,4
1508,糖醋里脊,2
1508,白切鸡,1
1508,青椒土豆丝,3
1508,麻婆豆腐,5
1508,手撕包菜,5
1508,蚝油生菜,4
1508,鱼香肉丝,5
1509,宫保鸡丁,2
1509,冬瓜排骨汤,1
1509,番茄炒蛋,2
1509,酸菜鱼,5
1510,番茄炒蛋,1
1510,葱爆羊肉,1
1510,木耳炒肉,1
1510,西红柿鸡蛋汤,5
1510,红烧肉,1
1510,酸菜鱼,1
1510,回锅肉,4
1510,香菇青菜,2
1510,蒜蓉西兰花,5
1510,宫保鸡丁,5
1510,烧茄子,3
1510,红烧排骨,3
1510,手撕包菜,4
1510,干煸豆角,4
1510,白切鸡,2
1510,蚝油生菜,3
1510,鱼香肉丝,4
1510,韭菜炒鸡蛋,3
1510,干锅菜花,2
1510,糖醋里脊,4
1510,京酱肉丝,5
1510,紫菜蛋花汤,2
1510,青椒土豆丝,5
1510,土豆烧牛肉,1
1510,酸辣土豆丝,5
1510,冬瓜排骨汤,5
1511,水煮鱼,1
1511,糖醋里脊,5
1511,紫菜蛋花汤,2
1511,红烧排骨,2
1511,蒜蓉西兰花,1
1511,酸菜鱼,2
1511,木耳炒肉,1
1511,京酱肉丝,3
1511,香菇青菜,3
1512,紫菜蛋花汤,2
1512,干煸豆角,3
1512,土豆烧牛肉,1
1512,烧茄子,1
1512,回锅肉,1
1513,红烧排骨,4
1513,烧茄子,4
1513,宫保鸡丁,4
1513,糖醋里脊,1
1513,手撕包菜,4
1513,地三鲜,2
1513,白切鸡,5
1513,辣子鸡,5
1513,鱼香肉丝,3
1513,紫菜蛋花汤,1
1513,韭菜炒鸡蛋,2
1513,番茄炒蛋,3
1513,酸辣土豆丝,1
1513,麻婆豆腐,2
1513,西红柿鸡蛋汤,5
1513,香菇青菜,5
1513,土豆烧牛肉,4
1513,青椒土豆丝,5
1513,葱爆羊肉,2
1513,蚝油生菜,5
1513,酸菜鱼,4
1513,干煸豆角,3
1513,水煮鱼,3
1513,木耳炒肉,2
1513,冬瓜排骨汤,1
1513,干锅菜花,5
1513,京酱肉丝,1
1513,蒜蓉西兰花,5
1513,红烧肉,2
1514,青椒土豆丝,2
1514,番茄炒蛋,5
1514,韭菜炒鸡蛋,2
1514,手撕包菜,1
1514,红烧排骨,4
1514,干煸豆角,1
1514,糖醋里脊,3
1514,烧茄子,3
1514,白切鸡,5
1514,干锅菜花,1
1514,鱼香肉丝,5
1514,西红柿鸡蛋汤,3
1514,京酱肉丝,1
1514,土豆烧牛肉,2
1515,木耳炒肉,3
1515,冬瓜排骨汤,4
1515,水煮鱼,4
1515,麻婆豆腐,4
1515,香菇青菜,4
1515,蒜蓉西兰花,4
1515,葱爆羊肉,1
1515,宫保鸡丁,5
1516,韭菜炒鸡蛋,5
1516,蚝油生菜,5
1516,冬瓜排骨汤,5
1516,木耳炒肉,2
1516,干煸豆角,1
1517,青椒土豆丝,4
1517,宫保鸡丁,2
1517,红烧肉,4
1517,蒜蓉西兰花,3
1517,干锅菜花,3
1517,酸菜鱼,4
1517,蚝油生菜,1
1517,回锅肉,2
1517,西红柿鸡蛋汤,4
1517,地三鲜,3
1517,木耳炒肉,5
1517,番茄炒蛋,4
1517,紫菜蛋花汤,4
1517,鱼香肉丝,3
1517,糖醋里脊,3
1517,香菇青菜,1
1517,白切鸡,3
1517,酸辣土豆丝,3
1517,土豆烧牛肉,2
1517,烧茄子,4
1517,韭菜炒鸡蛋,3
1517,手撕包菜,2
1517,干煸豆角,3
1517,冬瓜排骨汤,4
1517,红烧排骨,3
1517,辣子鸡,3
1517,麻婆豆腐,5
1517,水煮鱼,5
1518,冬瓜排骨汤,5
1518,酸菜鱼,5
1518,红烧肉,1
1518,酸辣土豆丝,1
1518,葱爆羊肉,5
1519,水煮鱼,3
1519,手撕包菜,1
1519,紫菜蛋花汤,3
1519,木耳炒肉,4
1519,冬瓜排骨汤,4
1519,酸菜鱼,3
1519,酸辣土豆丝,4
1519,葱爆羊肉,4
1519,香菇青菜,1
1519,青椒土豆丝,3
1519,烧茄子,1
1519,土豆烧牛肉,4
1520,冬瓜排骨汤,3
1520,紫菜蛋花汤,3
1520,土豆烧牛肉,4
1520,鱼香肉丝,2
1520,白切鸡,2
1520,西红柿鸡蛋汤,2
1520,糖醋里脊,5
1520,蒜蓉西兰花,5
1520,酸辣土豆丝,2
1520,麻婆豆腐,2
1520,红烧排骨,3
1520,青椒土豆丝,5
1520,回锅肉,3
1520,葱爆羊肉,2
1520,酸菜鱼,3
1520,地三鲜,3
1520,木耳炒肉,4
1520,烧茄子,1
1520,蚝油生菜,3
1520,番茄炒蛋,1
1520,手撕包菜,3
1520,干煸豆角,3
1520,韭菜炒鸡蛋,4
1520,宫保鸡丁,5
1520,香菇青菜,2
1521,糖醋里脊,1
1521,土豆烧牛肉,5
1521,西红柿鸡蛋汤,4
1521,鱼香肉丝,2
1521,烧茄子,5
1521,紫菜蛋花汤,4
1521,番茄炒蛋,5
1521,回锅肉,4
1521,干煸豆角,3
1521,红烧肉,4
1521,干锅菜花,4
1521,麻婆豆腐,2
1521,京酱肉丝,2
1522,香菇青菜,2
1522,鱼香肉丝,5
1522,糖醋里脊,3
1522,干煸豆角,1
1522,土豆烧牛肉,2
1522,地三鲜,2
1522,烧茄子,2
1522,回锅肉,5
1522,紫菜蛋花汤,1
1522,蚝油生菜,4
1522,干锅菜花,2
1522,番茄炒蛋,3
1522,葱爆羊肉,2
1522,蒜蓉西兰花,5
1522,水煮鱼,3
1522,辣子鸡,1
1522,酸辣土豆丝,5
1522,木耳炒肉,3
1522,宫保鸡丁,3
1522,白切鸡,3
1522,麻婆豆腐,3
1523,麻婆豆腐,1
1523,木耳炒肉,3
1523,土豆烧牛肉,1
1523,白切鸡,1
1523,番茄炒蛋,2
1523,酸菜鱼,3
1523,冬瓜排骨汤,4
1523,蒜蓉西兰花,2
1523,青椒土豆丝,1
1524,西红柿鸡蛋汤,3
1524,番茄炒蛋,3
1524,蒜蓉西兰花,5
1524,红烧肉,1
1524,葱爆羊肉,3
1524,香菇青菜,4
1524,糖醋里脊,5
1525,手撕包菜,4
1525,土豆烧牛肉,4
1525,京酱肉丝,1
1525,地三鲜,5
1525,干锅菜花,5
1525,水煮鱼,2
1525,葱爆羊肉,2
1525,蒜蓉西兰花,1
1525,红烧排骨,5
1525,酸辣土豆丝,2
1525,红烧肉,3
1525,麻婆豆腐,5
1525,糖醋里脊,4
1525,白切鸡,2
1525,木耳炒肉,5
1525,鱼香肉丝,5
1525,回锅肉,3
1525,西红柿鸡蛋汤,4
1525,干煸豆角,4
1525,烧茄子,2
1525,冬瓜排骨汤,4
1525,酸菜鱼,2
1525,番茄炒蛋,1
1525,紫菜蛋花汤,4
1525,香菇青菜,2
1525,宫保鸡丁,2
1525,青椒土豆丝,1
1526,土豆烧牛肉,2
1526,辣子鸡,1
1526,京酱肉丝,2
1526,宫保鸡丁,1
1526,水煮鱼,1
1526,香菇青菜,1
1526,番茄炒蛋,4
1526,冬瓜排骨汤,4
1526,红烧肉,2
1526,蒜蓉西兰花,4
1526,鱼香肉丝,4
1526,青椒土豆丝,2
1526,糖醋里脊,2
1526,韭菜炒鸡蛋,5
1526,西红柿鸡蛋汤,3
1526,手撕包菜,3
1526,白切鸡,3
1526,回锅肉,3
1526,干煸豆角,1
1526,酸菜鱼,3
1526,红烧排骨,1
1526,地三鲜,5
1526,木耳炒肉,3
1526,酸辣土豆丝,4
1526,葱爆羊肉,5
1526,蚝油生菜,4
1526,干锅菜花,2
1526,烧茄子,2
1527,红烧排骨,4
1527,地三鲜,3
1527,麻婆豆腐,5
1527,手撕包菜,3
1527,水煮鱼,2
1527,烧茄子,5
1527,鱼香肉丝,5
1527,蒜蓉西兰花,1
1527,辣子鸡,4
1527,韭菜炒鸡蛋,2
1527,葱爆羊肉,3
1527,冬瓜排骨汤,3
1527,宫保鸡丁,1
1527,京酱肉丝,1
1527,白切鸡,4
1527,西红柿鸡蛋汤,4
1527,酸辣土豆丝,4
1527,干锅菜花,5
1527,酸菜鱼,5
1527,香菇青菜,3
1527,紫菜蛋花汤,3
1527,糖醋里脊,4
1527,木耳炒肉,2
1527,干煸豆角,2
1527,蚝油生菜,1
1527,红烧肉,4
1527,青椒土豆丝,3
1527,回锅肉,1
1527,番茄炒蛋,2
1528,回锅肉,1
1528,红烧肉,2
1528,糖醋里脊,2
1528,手撕包菜,1
1528,蒜蓉西兰花,3
1528,红烧排骨,1
1528,冬瓜排骨汤,4
1528,地三鲜,4
1528,紫菜蛋花汤,4
1528,干煸豆角,1
1528,鱼香肉丝,3
1528,干锅菜花,5
1528,麻婆豆腐,3
1528,土豆烧牛肉,2
1528,白切鸡,2
1528,酸菜鱼,2
1528,青椒土豆丝,1
1528,京酱肉丝,4
1528,蚝油生菜,1
1528,辣子鸡,3
1528,烧茄子,4
1528,番茄炒蛋,5
1529,酸菜鱼,2
1529,地三鲜,1
1529,回锅肉,5
1529,酸辣土豆丝,5
1529,蚝油生菜,3
1529,麻婆豆腐,2
1529,番茄炒蛋,1
1529,红烧排骨,4
1529,土豆烧牛肉,4
1529,木耳炒肉,5
1529,辣子鸡,1
1529,韭菜炒鸡蛋,1
1529,烧茄子,2
1529,干煸豆角,4
1529,鱼香肉丝,5
1529,葱爆羊肉,4
1529,京酱肉丝,2
1529,手撕包菜,3
1529,冬瓜排骨汤,1
1529,紫菜蛋花汤,3
1529,西红柿鸡蛋汤,1
1529,宫保鸡丁,4
1529,蒜蓉西兰花,2
1529,糖醋里脊,2
1529,青椒土豆丝,3
1530,紫菜蛋花汤,1
1530,白切鸡,2
1530,麻婆豆腐,4
1530,青椒土豆丝,4
1530,西红柿鸡蛋汤,3
1530,辣子鸡,3
1530,木耳炒肉,2
1530,宫保鸡丁,5
1530,酸辣土豆丝,5
1530,番茄炒蛋,5
1530,地三鲜,3
1530,韭菜炒鸡蛋,2
1530,烧茄子,5
1530,香菇青菜,3
1530,回锅肉,5
1530,手撕包菜,1
1530,糖醋里脊,2
1530,冬瓜排骨汤,2
1530,水煮鱼,1
1530,蒜蓉西兰花,5
1530,蚝油生菜,4
1530,酸菜鱼,3
1530,红烧肉,1
1530,京酱肉丝,3
1531,葱爆羊肉,5
1531,烧茄子,1
1531,青椒土豆丝,3
1531,木耳炒肉,1
1531,红烧肉,5
1531,红烧排骨,2
1531,西红柿鸡蛋汤,2
1531,宫保鸡丁,4
1531,蒜蓉西兰花,4
1531,酸菜鱼,2
1531,鱼香肉丝,1
1531,酸辣土豆丝,1
1531,韭菜炒鸡蛋,5
1531,回锅肉,1
1531,香菇青菜,4
1531,手撕包菜,3
1531,土豆烧牛肉,3
1531,番茄炒蛋,3
1532,红烧排骨,4
1532,韭菜炒鸡蛋,5
1532,青椒土豆丝,5
1532,紫菜蛋花汤,3
1532,水煮鱼,5
1532,西红柿鸡蛋汤,4
1532,麻婆豆腐,3
1532,香菇青菜,4
1532,蚝油生菜,2
1532,手撕包菜,4
1532,回锅肉,3
1532,鱼香肉丝,3
1532,木耳炒肉,5
1532,糖醋里脊,4
1532,白切鸡,4
1532,番茄炒蛋,4
1533,干锅菜花,2
1534,京酱肉丝,1
1534,紫菜蛋花汤,2
1534,酸辣土豆丝,1
1534,宫保鸡丁,5
1534,手撕包菜,1
1534,辣子鸡,5
1534,香菇青菜,1
1534,回锅肉,2
1535,蒜蓉西兰花,5
1535,白切鸡,2
1535,糖醋里脊,3
1535,紫菜蛋花汤,1
1535,烧茄子,4
1535,红烧肉,1
1535,地三鲜,2
1535,手撕包菜,4
1535,土豆烧牛肉,5
1535,红烧排骨,3
1535,辣子鸡,4
1535,鱼香肉丝,4
1535,西红柿鸡蛋汤,3
1535,冬瓜排骨汤,2
1536,紫菜蛋花汤,3
1536,葱爆羊肉,2
1536,西红柿鸡蛋汤,4
1536,土豆烧牛肉,4
1536,辣子鸡,3
1536,木耳炒肉,2
1536,宫保鸡丁,5
1536,糖醋里脊,5
1536,干煸豆角,2
1536,水煮鱼,5
1536,冬瓜排骨汤,2
1536,韭菜炒鸡蛋,1
1536,京酱肉丝,2
1536,香菇青菜,5
1536,麻婆豆腐,3
1536,青椒土豆丝,2
1536,番茄炒蛋,5
1536,蒜蓉西兰花,3
1536,红烧肉,2
1536,酸菜鱼,4
1536,回锅肉,1
1536,酸辣土豆丝,5
1536,烧茄子,5
1537,糖醋里脊,5
1537,番茄炒蛋,5
1537,白切鸡,4
1537,蚝油生菜,3
1537,土豆烧牛肉,4
1537,干锅菜花,3
1537,青椒土豆丝,3
1537,辣子鸡,4
1537,鱼香肉丝,2
1537,麻婆豆腐,4
1537,烧茄子,4
1537,回锅肉,1
1538,手撕包菜,5
1538,红烧排骨,3
1538,白切鸡,3
1538,宫保鸡丁,4
1538,西红柿鸡蛋汤,3
1538,葱爆羊肉,5
1538,干锅菜花,4
1538,土豆烧牛肉,4
1538,麻婆豆腐,2
1539,京酱肉丝,1
1539,水煮鱼,4
1539,手撕包菜,3
1539,宫保鸡丁,4
1539,干煸豆角,5
1539,糖醋里脊,3
1539,蚝油生菜,2
1539,回锅肉,1
1539,鱼香肉丝,4
1539,酸菜鱼,2
1539,香菇青菜,1
1539,冬瓜排骨汤,5
1539,紫菜蛋花汤,5
1539,西红柿鸡蛋汤,4
1539,木耳炒肉,4
1539,韭菜炒鸡蛋,1
1539,葱爆羊肉,4
1539,地三鲜,5
1539,酸辣土豆丝,5
1539,红烧肉,1
1540,酸菜鱼,3
1540,蒜蓉西兰花,4
1540,干锅菜花,5
1540,番茄炒蛋,4
1540,青椒土豆丝,4
1540,葱爆羊肉,1
1540,蚝油生菜,2
1540,辣子鸡,4
1540,麻婆豆腐,3
1540,水煮鱼,4
1540,宫保鸡丁,2
1540,回锅肉,5
1540,土豆烧牛肉,1
1541,红烧肉,1
1541,木耳炒肉,5
1541,手撕包菜,4
1541,红烧排骨,1
1541,水煮鱼,5
1541,番茄炒蛋,3
1541,香菇青菜,1
1541,土豆烧牛肉,3
1541,白切鸡,5
1541,烧茄子,3
1541,韭菜炒鸡蛋,3
1541,蒜蓉西兰花,2
1541,地三鲜,4
1541,冬瓜排骨汤,2
1541,回锅肉,1
1541,辣子鸡,3
1541,酸菜鱼,2
1541,干锅菜花,4
1542,葱爆羊肉,4
1542,糖醋里脊,1
1542,水煮鱼,2
1542,蒜蓉西兰花,2
1542,酸菜鱼,1
1542,地三鲜,1
1542,红烧排骨,4
1542,京酱肉丝,3
1542,香菇青菜,1
1542,鱼香肉丝,4
1542,干煸豆角,5
1542,冬瓜排骨汤,4
1542,紫菜蛋花汤,2
1542,回锅肉,5
1542,木耳炒肉,4
1542,白切鸡,5
1542,手撕包菜,2
1542,宫保鸡丁,2
1542,红烧肉,5
1542,土豆烧牛肉,5
1542,烧茄子,3
1542,辣子鸡,3
1542,干锅菜花,2
1542,番茄炒蛋,4
1542,西红柿鸡蛋汤,2
1542,麻婆豆腐,3
1542,青椒土豆丝,3
1542,韭菜炒鸡蛋,5
1542,蚝油生菜,4
1543,木耳炒肉,5
1543,酸辣土豆丝,2
1543,白切鸡,4
1543,红烧肉,1
1543,地三鲜,1
1543,水煮鱼,3
1543,烧茄子,2
1543,冬瓜排骨汤,5
1543,香菇青菜,2
1543,糖醋里脊,3
1543,葱爆羊肉,5
1543,韭菜炒鸡蛋,1
1543,酸菜鱼,4
1543,回锅肉,4
1543,干锅菜花,4
1543,蚝油生菜,1
1543,番茄炒蛋,5
1543,蒜蓉西兰花,3
1543,青椒土豆丝,2
1544,京酱肉丝,4
1544,鱼香肉丝,3
1544,手撕包菜,2
1544,烧茄子,4
1544,水煮鱼,1
1544,香菇青菜,4
1544,辣子鸡,1
1544,青椒土豆丝,2
1544,西红柿鸡蛋汤,4
1544,回锅肉,5
1544,宫保鸡丁,4
1544,番茄炒蛋,1
1544,地三鲜,4
1544,紫菜蛋花汤,4
1544,白切鸡,2
1544,干煸豆角,3
1544,红烧肉,1
1544,冬瓜排骨汤,4
1544,蚝油生菜,3
1544,蒜蓉西兰花,2
1544,糖醋里脊,4
1544,酸辣土豆丝,2
1544,韭菜炒鸡蛋,5
1545,白切鸡,2
1545,鱼香肉丝,5
1545,韭菜炒鸡蛋,1
1545,辣子鸡,3
1545,糖醋里脊,5
1545,蒜蓉西兰花,3
1545,土豆烧牛肉,4
1545,烧茄子,3
1545,水煮鱼,4
1545,香菇青菜,2
1545,葱爆羊肉,3
1545,干锅菜花,4
1545,京酱肉丝,1
1545,红烧肉,3
1545,番茄炒蛋,4
1545,紫菜蛋花汤,4
1545,青椒土豆丝,5
1545,西红柿鸡蛋汤,2
1545,麻婆豆腐,1
1545,冬瓜排骨汤,2
1545,手撕包菜,4
1545,干煸豆角,5
1545,宫保鸡丁,1
1545,回锅肉,4
1546,紫菜蛋花汤,4
1546,水煮鱼,4
1546,酸菜鱼,4
1546,韭菜炒鸡蛋,4
1546,蚝油生菜,4
1546,木耳炒肉,3
1546,地三鲜,3
1546,宫保鸡丁,1
1546,干煸豆角,3
1546,番茄炒蛋,2
1546,京酱肉丝,2
1546,麻婆豆腐,3
1546,青椒土豆丝,2
1546,回锅肉,1
1546,鱼香肉丝,4
1546,酸辣土豆丝,5
1546,辣子鸡,3
1546,土豆烧牛肉,2
1546,西红柿鸡蛋汤,3
1546,手撕包菜,2
1546,红烧排骨,2
1546,葱爆羊肉,5
1546,香菇青菜,4
1547,干锅菜花,1
1547,土豆烧牛肉,3
1547,干煸豆角,5
1548,麻婆豆腐,4
1548,青椒土豆丝,1
1548,蒜蓉西兰花,3
1548,宫保鸡丁,2
1548,酸菜鱼,5
1548,干锅菜花,3
1548,西红柿鸡蛋汤,1
1548,番茄炒蛋,5
1548,水煮鱼,4
1548,酸辣土豆丝,5
1548,京酱肉丝,4
1548,手撕包菜,3
1548,土豆烧牛肉,3
1548,白切鸡,1
1548,辣子鸡,2
1548,韭菜炒鸡蛋,2
1548,红烧排骨,3
1548,葱爆羊肉,5
1548,紫菜蛋花汤,5
1548,糖醋里脊,5
1548,木耳炒肉,5
1548,冬瓜排骨汤,4
1548,香菇青菜,2
1548,鱼香肉丝,3
1548,干煸豆角,5
1548,蚝油生菜,4
1548,地三鲜,5
1548,回锅肉,2
1548,烧茄子,4
1549,酸菜鱼,3
1549,葱爆羊肉,1
1549,鱼香肉丝,3
1549,宫保鸡丁,1
1549,京酱肉丝,4
1549,烧茄子,5
1549,番茄炒蛋,4
1549,紫菜蛋花汤,3
1550,冬瓜排骨汤,4
1550,红烧排骨,5
1550,糖醋里脊,3
1551,酸菜鱼,3
1551,糖醋里脊,4
1551,麻婆豆腐,1
1551,木耳炒肉,4
1551,番茄炒蛋,3
1551,干锅菜花,4
1551,西红柿鸡蛋汤,1
1551,回锅肉,3
1551,韭菜炒鸡蛋,2
1551,紫菜蛋花汤,4
1551,蒜蓉西兰花,3
1551,鱼香肉丝,2
1551,冬瓜排骨汤,2
1551,香菇青菜,2
1551,葱爆羊肉,2
1551,地三鲜,3
1551,土豆烧牛肉,4
1551,宫保鸡丁,1
1551,水煮鱼,5
1552,鱼香肉丝,1
1552,水煮鱼,2
1552,回锅肉,5
1552,蒜蓉西兰花,4
1553,白切鸡,1
1553,土豆烧牛肉,5
1553,回锅肉,5
1554,干煸豆角,5
1554,回锅肉,1
1554,青椒土豆丝,3
1554,干锅菜花,1
1554,手撕包菜,2
1554,辣子鸡,2
1554,土豆烧牛肉,3
1554,紫菜蛋花汤,1
1554,烧茄子,3
1554,水煮鱼,1
1554,红烧肉,5
1554,京酱肉丝,1
1554,蒜蓉西兰花,1
1554,韭菜炒鸡蛋,3
1554,香菇青菜,4
1554,红烧排骨,2
1554,蚝油生菜,3
1554,酸辣土豆丝,5
1554,鱼香肉丝,4
1554,地三鲜,5
1554,西红柿鸡蛋汤,5
1554,酸菜鱼,1
1554,番茄炒蛋,2
1554,白切鸡,1
1554,糖醋里脊,2
1554,冬瓜排骨汤,1
1554,葱爆羊肉,1
1554,宫保鸡丁,4
1554,木耳炒肉,4
1555,辣子鸡,3
1555,葱爆羊肉,5
1555,鱼香肉丝,5
1555,红烧肉,2
1555,烧茄子,4
1555,麻婆豆腐,2
1555,番茄炒蛋,1
1555,紫菜蛋花汤,4
1555,西红柿鸡蛋汤,3
1555,干锅菜花,5
1555,干煸豆角,5
1555,回锅肉,5
1555,木耳炒肉,3
1555,蒜蓉西兰花,5
1555,水煮鱼,3
1555,手撕包菜,5
1555,地三鲜,1
1555,酸菜鱼,2
1555,白切鸡,4
1556,冬瓜排骨汤,5
1557,鱼香肉丝,3
1557,青椒土豆丝,4
1557,麻婆豆腐,3
1557,酸辣土豆丝,4
1557,木耳炒肉,3
1558,韭菜炒鸡蛋,1
1558,西红柿鸡蛋汤,3
1558,冬瓜排骨汤,2
1558,水煮鱼,5
1558,手撕包菜,5
1558,葱爆羊肉,4
1558,京酱肉丝,3
1558,地三鲜,1
1558,香菇青菜,4
1558,蒜蓉西兰花,3
1558,木耳炒肉,3
1558,糖醋里脊,1
1558,鱼香肉丝,5
1558,辣子鸡,4
1558,紫菜蛋花汤,2
1558,蚝油生菜,5
1559,酸菜鱼,3
1559,糖醋里脊,5
1559,蚝油生菜,2
1559,红烧肉,5
1559,手撕包菜,2
1559,木耳炒肉,3
1559,青椒土豆丝,1
1559,鱼香肉丝,5
1559,香菇青菜,2
1559,冬瓜排骨汤,3
1559,回锅肉,3
1559,土豆烧牛肉,3
1559,干煸豆角,2
1559,京酱肉丝,4
1559,白切鸡,5
1559,宫保鸡丁,5
1559,麻婆豆腐,3
1559,西红柿鸡蛋汤,5
1559,干锅菜花,5
1559,水煮鱼,5
1559,辣子鸡,1
1559,番茄炒蛋,5
1559,红烧排骨,2
1559,紫菜蛋花汤,1
1559,葱爆羊肉,4
1559,酸辣土豆丝,5
1559,蒜蓉西兰花,4
1559,韭菜炒鸡蛋,3
1559,烧茄子,4
1560,糖醋里脊,3
1560,番茄炒蛋,1
1560,地三鲜,5
1560,干煸豆角,2
1560,白切鸡,5
1560,葱爆羊肉,5
1560,红烧肉,3
1560,干锅菜花,3
1560,手撕包菜,4
1560,西红柿鸡蛋汤,5
1560,酸辣土豆丝,1
1560,青椒土豆丝,2
1560,木耳炒肉,2
1560,红烧排骨,5
1560,麻婆豆腐,1
1560,京酱肉丝,1
1560,香菇青菜,4
1560,蒜蓉西兰花,4
1560,烧茄子,1
1560,水煮鱼,1
1561,红烧肉,3
1561,红烧排骨,2
1561,辣子鸡,3
1561,地三鲜,1
1561,鱼香肉丝,3
1561,紫菜蛋花汤,2
1561,酸辣土豆丝,5
1561,京酱肉丝,1
1561,干煸豆角,1
1561,西红柿鸡蛋汤,2
1561,冬瓜排骨汤,2
1561,回锅肉,2
1561,干锅菜花,1
1561,青椒土豆丝,5
1562,木耳炒肉,2
1562,干煸豆角,1
1562,酸辣土豆丝,1
1562,葱爆羊肉,1
1562,干锅菜花,1
1562,红烧排骨,3
1562,烧茄子,1
1562,宫保鸡丁,5
1562,紫菜蛋花汤,2
1562,西红柿鸡蛋汤,5
1562,香菇青菜,3
1562,回锅肉,2
1562,白切鸡,4
1562,土豆烧牛肉,5
1563,京酱肉丝,4
1563,鱼香肉丝,4
1563,蚝油生菜,4
1563,麻婆豆腐,5
1563,烧茄子,3
1563,土豆烧牛肉,2
1564,冬瓜排骨汤,5
1564,酸辣土豆丝,2
1564,辣子鸡,5
1564,红烧肉,2
1564,木耳炒肉,2
1564,酸菜鱼,3
1564,糖醋里脊,2
1565,西红柿鸡蛋汤,3
1565,手撕包菜,1
1565,香菇青菜,2
1565,冬瓜排骨汤,1
1565,干锅菜花,5
1565,紫菜蛋花汤,5
1565,番茄炒蛋,3
1565,蚝油生菜,2
1565,韭菜炒鸡蛋,1
1565,回锅肉,1
1565,地三鲜,3
1565,干煸豆角,5
1566,葱爆羊肉,5
1566,宫保鸡丁,4
1566,青椒土豆丝,5
1566,韭菜炒鸡蛋,5
1566,京酱肉丝,3
1566,糖醋里脊,2
1566,蒜蓉西兰花,1
1566,冬瓜排骨汤,3
1566,红烧排骨,4
1566,蚝油生菜,3
1567,韭菜炒鸡蛋,4
1567,烧茄子,1
1567,紫菜蛋花汤,4
1567,红烧排骨,4
1567,手撕包菜,5
1567,土豆烧牛肉,3
1567,青椒土豆丝,4
1567,地三鲜,4
1567,干煸豆角,4
1567,蒜蓉西兰花,5
1567,白切鸡,1
1567,辣子鸡,5
1567,干锅菜花,5
1567,香菇青菜,5
1567,宫保鸡丁,4
1567,蚝油生菜,2
1567,糖醋里脊,4
1567,木耳炒肉,1
1567,冬瓜排骨汤,2
1567,水煮鱼,5
1567,京酱肉丝,3
1567,麻婆豆腐,5
1567,番茄炒蛋,3
1567,西红柿鸡蛋汤,3
1567,葱爆羊肉,5
1567,鱼香肉丝,2
1567,酸辣土豆丝,1
1567,酸菜鱼,1
1567,回锅肉,5
1568,酸辣土豆丝,4
1568,干锅菜花,2
1568,番茄炒蛋,4
1568,青椒土豆丝,4
1568,烧茄子,5
1568,酸菜鱼,4
1568,蚝油生菜,2
1568,宫保鸡丁,4
1568,麻婆豆腐,2
1568,白切鸡,5
1568,回锅肉,5
1569,西红柿鸡蛋汤,5
1569,木耳炒肉,2
1569,地三鲜,2
1569,辣子鸡,1
1569,手撕包菜,1
1569,红烧排骨,5
1569,白切鸡,1
1569,香菇青菜,1
1569,干煸豆角,1
1569,干锅菜花,1
1569,蚝油生菜,3
1569,麻婆豆腐,2
1569,韭菜炒鸡蛋,5
1570,葱爆羊肉,1
1570,干煸豆角,3
1570,紫菜蛋花汤,3
1570,白切鸡,5
1570,宫保鸡丁,4
1570,京酱肉丝,2
1570,番茄炒蛋,3
1570,酸菜鱼,2
1570,麻婆豆腐,2
1570,韭菜炒鸡蛋,4
1570,香菇青菜,3
1570,烧茄子,5
1570,红烧排骨,4
1570,水煮鱼,4
1570,回锅肉,3
1570,冬瓜排骨汤,2
1570,辣子鸡,5
1570,手撕包菜,3
1570,鱼香肉丝,5
1570,干锅菜花,2
1570,糖醋里脊,1
1570,青椒土豆丝,3
1570,蚝油生菜,1
1570,酸辣土豆丝,4
1570,土豆烧牛肉,1
1570,地三鲜,5
1570,红烧肉,4
1571,酸辣土豆丝,2
1571,酸菜鱼,3
1571,麻婆豆腐,2
1571,番茄炒蛋,2
1571,烧茄子,3
1572,葱爆羊肉,4
1572,干锅菜花,2
1572,地三鲜,3
1572,干煸豆角,2
1572,西红柿鸡蛋汤,4
1572,木耳炒肉,3
1572,香菇青菜,5
1572,酸辣土豆丝,4
1573,宫保鸡丁,1
1573,糖醋里脊,3
1573,干煸豆角,1
1573,麻婆豆腐,4
1573,鱼香肉丝,4
1573,辣子鸡,1
1573,韭菜炒鸡蛋,2
1573,烧茄子,5
1573,红烧排骨,1
1573,干锅菜花,4
1573,白切鸡,1
1574,红烧排骨,4
1574,白切鸡,4
1574,宫保鸡丁,5
1574,香菇青菜,2
1574,回锅肉,1
1574,京酱肉丝,2
1574,手撕包菜,2
1574,韭菜炒鸡蛋,3
1574,葱爆羊肉,2
1574,西红柿鸡蛋汤,4
1574,木耳炒肉,5
1574,蚝油生菜,3
1574,烧茄子,2
1574,红烧肉,3
1574,麻婆豆腐,3
1574,青椒土豆丝,5
1574,冬瓜排骨汤,4
1574,酸辣土豆丝,4
1574,土豆烧牛肉,4
1574,蒜蓉西兰花,2
1574,水煮鱼,3
1574,番茄炒蛋,1
1575,土豆烧牛肉,4
1575,手撕包菜,1
1575,麻婆豆腐,2
1575,酸辣土豆丝,4
1575,宫保鸡丁,1
1575,干煸豆角,3
1575,香菇青菜,5
1575,番茄炒蛋,5
1575,蒜蓉西兰花,2
1575,青椒土豆丝,4
1575,白切鸡,2
1575,辣子鸡,1
1575,干锅菜花,5
1575,京酱肉丝,4
1575,回锅肉,2
1575,地三鲜,4
1576,京酱肉丝,3
1576,韭菜炒鸡蛋,4
1576,辣子鸡,4
1576,回锅肉,2
1576,青椒土豆丝,1
1576,红烧排骨,1
1576,宫保鸡丁,4
1576,手撕包菜,2
1576,酸菜鱼,4
1576,麻婆豆腐,2
1576,白切鸡,1
1577,宫保鸡丁,2
1577,地三鲜,5
1577,干煸豆角,3
1577,麻婆豆腐,5
1577,京酱肉丝,5
1577,回锅肉,4
1577,紫菜蛋花汤,4
1577,干锅菜花,4
1577,蒜蓉西兰花,4
1577,韭菜炒鸡蛋,1
1577,酸辣土豆丝,3
1577,辣子鸡,3
1577,冬瓜排骨汤,3
1577,水煮鱼,5
1577,木耳炒肉,5
1577,土豆烧牛肉,5
1577,西红柿鸡蛋汤,1
1577,酸菜鱼,4
1577,番茄炒蛋,1
1577,烧茄子,2
1577,青椒土豆丝,5
1577,蚝油生菜,5
1577,糖醋里脊,4
1577,香菇青菜,5
1577,白切鸡,5
1577,手撕包菜,1
1578,辣子鸡,2
1578,韭菜炒鸡蛋,1
1578,土豆烧牛肉,2
1578,番茄炒蛋,2
1578,香菇青菜,4
1578,鱼香肉丝,5
1578,宫保鸡丁,5
1578,干煸豆角,2
1578,红烧肉,4
1578,红烧排骨,3
1578,青椒土豆丝,4
1579,番茄炒蛋,1
1580,葱爆羊肉,4
1580,手撕包菜,1
1580,土豆烧牛肉,2
1580,冬瓜排骨汤,5
1580,辣子鸡,1
1580,麻婆豆腐,5
1580,地三鲜,3
1580,香菇青菜,2
1581,烧茄子,1
1581,紫菜蛋花汤,4
1581,地三鲜,2
1581,麻婆豆腐,1
1581,酸辣土豆丝,2
1581,红烧排骨,2
1581,冬瓜排骨汤,5
1581,葱爆羊肉,2
1581,木耳炒肉,5
1581,香菇青菜,2
1581,韭菜炒鸡蛋,2
1581,蚝油生菜,3
1581,酸菜鱼,2
1581,番茄炒蛋,5
1581,红烧肉,4
1581,水煮鱼,5
1581,手撕包菜,5
1581,蒜蓉西兰花,4
1581,京酱肉丝,1
1581,干煸豆角,3
1581,回锅肉,2
1581,白切鸡,3
1581,青椒土豆丝,5
1582,葱爆羊肉,1
1582,辣子鸡,1
1582,香菇青菜,5
1582,番茄炒蛋,3
1582,紫菜蛋花汤,1
1582,蒜蓉西兰花,5
1582,干煸豆角,5
1582,西红柿鸡蛋汤,1
1582,冬瓜排骨汤,5
1582,回锅肉,4
1582,蚝油生菜,3
1582,烧茄子,4
1582,地三鲜,3
1582,酸菜鱼,3
1582,宫保鸡丁,1
1582,青椒土豆丝,3
1582,手撕包菜,5
1582,麻婆豆腐,1
1582,红烧排骨,1
1582,水煮鱼,3
1582,酸辣土豆丝,5
1583,水煮鱼,1
1584,西红柿鸡蛋汤,5
1584,烧茄子,4
1584,土豆烧牛肉,4
1584,干煸豆角,2
1584,葱爆羊肉,4
1584,香菇青菜,3
1584,白切鸡,4
1584,手撕包菜,3
1584,回锅肉,2
1584,木耳炒肉,2
1584,韭菜炒鸡蛋,2
1584,蚝油生菜,3
1584,麻婆豆腐,4
1584,糖醋里脊,4
1584,干锅菜花,3
1584,紫菜蛋花汤,5
1584,京酱肉丝,4
1584,红烧排骨,2
1585,香菇青菜,2
1585,红烧排骨,5
1585,冬瓜排骨汤,1
1585,红烧肉,5
1585,木耳炒肉,1
1585,韭菜炒鸡蛋,3
1585,葱爆羊肉,1
1586,糖醋里脊,4
1586,香菇青菜,2
1586,辣子鸡,3
1586,紫菜蛋花汤,3
1586,土豆烧牛肉,1
1586,烧茄子,3
1587,水煮鱼,1
1587,白切鸡,3
1587,辣子鸡,4
1587,鱼香肉丝,2
1587,酸菜鱼,4
1587,烧茄子,1
1588,香菇青菜,5
1588,冬瓜排骨汤,1
1588,烧茄子,5
1588,红烧排骨,5
1588,葱爆羊肉,1
1588,番茄炒蛋,4
1588,白切鸡,3
1588,麻婆豆腐,4
1588,回锅肉,2
1588,地三鲜,4
1588,木耳炒肉,4
1588,紫菜蛋花汤,3
1588,干锅菜花,2
1588,青椒土豆丝,5
1588,蚝油生菜,4
1588,糖醋里脊,5
1588,鱼香肉丝,5
1588,辣子鸡,3
1588,干煸豆角,5
1588,手撕包菜,4
1589,辣子鸡,2
1589,蒜蓉西兰花,3
1589,酸辣土豆丝,4
1589,白切鸡,3
1589,干煸豆角,4
1589,蚝油生菜,4
1589,地三鲜,4
1589,烧茄子,3
1589,冬瓜排骨汤,2
1589,干锅菜花,4
1589,水煮鱼,2
1589,青椒土豆丝,1
1589,木耳炒肉,2
1589,回锅肉,2
1589,西红柿鸡蛋汤,5
1589,红烧肉,3
1589,京酱肉丝,5
1589,手撕包菜,4
1589,紫菜蛋花汤,4
1589,糖醋里脊,3
1589,宫保鸡丁,4
1589,酸菜鱼,1
1589,土豆烧牛肉,5
1589,香菇青菜,1
1589,韭菜炒鸡蛋,5
1589,麻婆豆腐,5
1590,蒜蓉西兰花,3
1590,香菇青菜,1
1590,酸菜鱼,3
1590,地三鲜,5
1590,西红柿鸡蛋汤,1
1590,红烧排骨,5
1590,干煸豆角,2
1590,土豆烧牛肉,3
1590,青椒土豆丝,3
1590,红烧肉,2
1590,番茄炒蛋,3
1590,宫保鸡丁,4
1590,鱼香肉丝,2
1590,手撕包菜,4
1590,冬瓜排骨汤,1
1590,辣子鸡,2
1590,韭菜炒鸡蛋,2
1590,白切鸡,5
1590,烧茄子,2
1590,京酱肉丝,2
1590,紫菜蛋花汤,1
1590,酸辣土豆丝,4
1590,水煮鱼,3
1590,回锅肉,2
1590,麻婆豆腐,2
1590,木耳炒肉,3
1590,蚝油生菜,2
1591,韭菜炒鸡蛋,2
1591,地三鲜,4
1591,白切鸡,4
1591,香菇青菜,2
1591,酸菜鱼,1
1591,红烧排骨,5
1591,干煸豆角,4
1591,土豆烧牛肉,4
1591,鱼香肉丝,2
1591,手撕包菜,5
1591,京酱肉丝,5
1591,番茄炒蛋,2
1591,蒜蓉西兰花,4
1591,烧茄子,4
1591,水煮鱼,4
1591,辣子鸡,1
1591,糖醋里脊,5
1591,酸辣土豆丝,4
1591,回锅肉,5
1591,青椒土豆丝,4
1591,西红柿鸡蛋汤,5
1591,蚝油生菜,3
1591,紫菜蛋花汤,3
1591,干锅菜花,1
1591,木耳炒肉,1
1591,红烧肉,3
1591,宫保鸡丁,3
1591,麻婆豆腐,3
1591,葱爆羊肉,1
1592,韭菜炒鸡蛋,4
1592,红烧肉,3
1592,白切鸡,2
1592,京酱肉丝,4
1592,番茄炒蛋,5
1592,冬瓜排骨汤,2
1592,酸辣土豆丝,3
1592,鱼香肉丝,3
1592,干煸豆角,4
1592,麻婆豆腐,2
1592,紫菜蛋花汤,1
1592,干锅菜花,3
1592,青椒土豆丝,5
1592,蚝油生菜,3
1592,西红柿鸡蛋汤,1
1593,地三鲜,4
1593,葱爆羊肉,3
1593,香菇青菜,3
1593,水煮鱼,2
1593,麻婆豆腐,5
1593,干锅菜花,1
1593,手撕包菜,3
1593,酸菜鱼,2
1593,糖醋里脊,4
1593,红烧排骨,3
1593,土豆烧牛肉,5
1593,酸辣土豆丝,4
1593,番茄炒蛋,2
1593,回锅肉,4
1593,韭菜炒鸡蛋,5
1593,蒜蓉西兰花,2
1593,宫保鸡丁,5
1593,紫菜蛋花汤,3
1593,辣子鸡,1
1593,烧茄子,4
1593,青椒土豆丝,1
1593,鱼香肉丝,3
1593,红烧肉,1
1593,冬瓜排骨汤,2
1594,宫保鸡丁,5
1594,葱爆羊肉,2
1594,白切鸡,3
1594,西红柿鸡蛋汤,1
1594,干锅菜花,2
1594,番茄炒蛋,4
1594,麻婆豆腐,1
1594,红烧肉,4
1594,土豆烧牛肉,2
1594,水煮鱼,1
1594,酸菜鱼,4
1594,京酱肉丝,2
1594,干煸豆角,5
1594,青椒土豆丝,1
1594,蚝油生菜,5
1594,红烧排骨,3
1594,鱼香肉丝,5
1594,酸辣土豆丝,2
1594,蒜蓉西兰花,1
1594,回锅肉,4
1594,手撕包菜,5
1594,烧茄子,3
1594,地三鲜,5
1594,韭菜炒鸡蛋,2
1594,糖醋里脊,4
1594,紫菜蛋花汤,5
1594,木耳炒肉,1
1594,辣子鸡,4
1595,番茄炒蛋,4
1595,糖醋里脊,2
1595,土豆烧牛肉,3
1595,京酱肉丝,3
1595,葱爆羊肉,1
1595,酸菜鱼,1
1595,干煸豆角,3
1595,蚝油生菜,4
1595,宫保鸡丁,4
1595,木耳炒肉,2
1595,香菇青菜,3
1595,白切鸡,1
1595,地三鲜,3
1595,冬瓜排骨汤,1
1595,蒜蓉西兰花,2
1596,韭菜炒鸡蛋,5
1596,木耳炒肉,3
1596,蚝油生菜,3
1596,酸辣土豆丝,5
1596,土豆烧牛肉,4
1596,烧茄子,2
1596,白切鸡,2
1596,蒜蓉西兰花,3
1596,冬瓜排骨汤,4
1596,麻婆豆腐,5
1596,鱼香肉丝,3
1597,地三鲜,1
1597,蚝油生菜,5
1597,香菇青菜,1
1597,烧茄子,4
1597,红烧肉,1
1597,宫保鸡丁,1
1597,蒜蓉西兰花,3
1597,鱼香肉丝,3
1597,西红柿鸡蛋汤,4
1597,辣子鸡,4
1597,水煮鱼,1
1597,韭菜炒鸡蛋,2
1597,木耳炒肉,3
1597,麻婆豆腐,1
1597,紫菜蛋花汤,3
1597,红烧排骨,4
1597,京酱肉丝,3
1597,青椒土豆丝,1
1597,冬瓜排骨汤,1
1597,干煸豆角,1
1597,土豆烧牛肉,3
1597,白切鸡,3
1597,手撕包菜,5
1597,回锅肉,3
1597,糖醋里脊,1
1598,土豆烧牛肉,1
1598,红烧排骨,2
1598,红烧肉,4
1598,冬瓜排骨汤,2
1598,烧茄子,5
1598,香菇青菜,2
1598,鱼香肉丝,4
1598,京酱肉丝,3
1598,西红柿鸡蛋汤,4
1598,白切鸡,2
1598,宫保鸡丁,2
1598,韭菜炒鸡蛋,3
1598,辣子鸡,3
1598,紫菜蛋花汤,3
1598,青椒土豆丝,5
1598,番茄炒蛋,1
1598,糖醋里脊,4
1598,酸菜鱼,1
1598,干锅菜花,5
1598,干煸豆角,2
1598,回锅肉,2
1599,麻婆豆腐,4
1599,蚝油生菜,2
1599,手撕包菜,5
1599,冬瓜排骨汤,1
1599,辣子鸡,1
1599,烧茄子,1
1599,干煸豆角,3
1599,番茄炒蛋,3
1599,回锅肉,2
1599,酸辣土豆丝,5
1599,白切鸡,5
1599,葱爆羊肉,1
1600,韭菜炒鸡蛋,2
1600,冬瓜排骨汤,3
1600,酸辣土豆丝,1
1600,土豆烧牛肉,3
1600,手撕包菜,1
1600,木耳炒肉,5
1600,西红柿鸡蛋汤,4
1600,葱爆羊肉,1
1600,香菇青菜,4
1601,红烧排骨,4
1601,蒜蓉西兰花,2
1602,香菇青菜,5
1602,木耳炒肉,5
1602,鱼香肉丝,1
1603,京酱肉丝,2
1603,葱爆羊肉,3
1603,土豆烧牛肉,2
1603,冬瓜排骨汤,4
1603,水煮鱼,1
1603,青椒土豆丝,2
1603,鱼香肉丝,4
1603,手撕包菜,4
1603,烧茄子,5
1603,木耳炒肉,5
1603,辣子鸡,4
1603,紫菜蛋花汤,4
1603,蚝油生菜,2
1603,番茄炒蛋,2
1603,干煸豆角,5
1603,蒜蓉西兰花,3
1603,酸辣土豆丝,4
1603,宫保鸡丁,5
1603,糖醋里脊,3
1603,红烧肉,4
1603,干锅菜花,3
1603,酸菜鱼,3
1603,地三鲜,1
1603,香菇青菜,5
1603,红烧排骨,1
1603,麻婆豆腐,5
1603,韭菜炒鸡蛋,5
1603,西红柿鸡蛋汤,5
1603,回锅肉,4
1604,干锅菜花,2
1604,西红柿鸡蛋汤,1
1604,青椒土豆丝,3
1604,烧茄子,4
1605,紫菜蛋花汤,3
1605,葱爆羊肉,2
1605,宫保鸡丁,4
1605,西红柿鸡蛋汤,1
1606,木耳炒肉,3
1606,手撕包菜,1
1606,回锅肉,3
1606,干锅菜花,2
1606,麻婆豆腐,4
1606,葱爆羊肉,3
1606,酸菜鱼,3
1606,宫保鸡丁,3
1606,冬瓜排骨汤,5
1607,烧茄子,5
1607,红烧肉,2
1607,白切鸡,5
1607,蚝油生菜,2
1607,葱爆羊肉,4
1607,酸辣土豆丝,2
1607,冬瓜排骨汤,5
1607,辣子鸡,4
1607,地三鲜,3
1607,回锅肉,2
1607,麻婆豆腐,3
1607,红烧排骨,2
1607,水煮鱼,4
1607,青椒土豆丝,4
1607,干锅菜花,1
1607,紫菜蛋花汤,4
1607,鱼香肉丝,3
1607,西红柿鸡蛋汤,1
1607,韭菜炒鸡蛋,3
1607,香菇青菜,4
1607,蒜蓉西兰花,3
1607,糖醋里脊,3
1607,手撕包菜,1
1607,木耳炒肉,2
1608,韭菜炒鸡蛋,2
1608,水煮鱼,4
1608,糖醋里脊,2
1608,地三鲜,1
1608,冬瓜排骨汤,2
1608,辣子鸡,5
1608,红烧肉,3
1608,酸菜鱼,1
1608,木耳炒肉,3
1608,紫菜蛋花汤,3
1608,京酱肉丝,1
1608,麻婆豆腐,1
1608,土豆烧牛肉,5
1608,蚝油生菜,3
1609,紫菜蛋花汤,1
1609,红烧肉,3
1609,冬瓜排骨汤,4
1609,烧茄子,5
1609,地三鲜,5
1609,手撕包菜,1
1609,西红柿鸡蛋汤,5
1609,香菇青菜,3
1609,酸菜鱼,5
1610,韭菜炒鸡蛋,2
1610,鱼香肉丝,4
1610,干锅菜花,2
1610,番茄炒蛋,2
1610,香菇青菜,3
1610,麻婆豆腐,1
1611,干煸豆角,3
1611,番茄炒蛋,4
1611,紫菜蛋花汤,5
1611,白切鸡,3
1611,糖醋里脊,5
1611,香菇青菜,5
1611,蒜蓉西兰花,1
1611,水煮鱼,5
1611,青椒土豆丝,3
1611,红烧肉,4
1611,葱爆羊肉,5
1611,手撕包菜,4
1611,西红柿鸡蛋汤,4
1611,干锅菜花,3
1611,冬瓜排骨汤,5
1611,韭菜炒鸡蛋,2
1611,麻婆豆腐,5
1611,蚝油生菜,3
1611,木耳炒肉,3
1611,红烧排骨,5
1611,酸菜鱼,5
1611,京酱肉丝,2
1611,辣子鸡,1
1612,葱爆羊肉,4
1612,香菇青菜,4
1612,地三鲜,5
1612,烧茄子,3
1612,西红柿鸡蛋汤,5
1612,番茄炒蛋,1
1612,酸辣土豆丝,3
1613,京酱肉丝,1
1613,烧茄子,2
1613,葱爆羊肉,1
1613,干锅菜花,4
1613,西红柿鸡蛋汤,1
1613,蒜蓉西兰花,2
1613,糖醋里脊,1
1613,番茄炒蛋,4
1614,白切鸡,1
1614,鱼香肉丝,5
1614,酸菜鱼,1
1614,青椒土豆丝,1
1614,辣子鸡,4
1614,宫保鸡丁,4
1614,糖醋里脊,3
1614,土豆烧牛肉,5
1614,干煸豆角,1
1614,韭菜炒鸡蛋,2
1614,木耳炒肉,2
1614,酸辣土豆丝,4
1614,红烧排骨,2
1614,水煮鱼,5
1614,冬瓜排骨汤,1
1615,水煮鱼,5
1615,冬瓜排骨汤,1
1615,白切鸡,1
1615,青椒土豆丝,4
1615,蒜蓉西兰花,4
1615,蚝油生菜,1
1615,韭菜炒鸡蛋,5
1615,西红柿鸡蛋汤,4
1615,烧茄子,2
1615,地三鲜,2
1615,糖醋里脊,4
1615,麻婆豆腐,3
1615,紫菜蛋花汤,1
1615,干煸豆角,3
1615,回锅肉,4
1615,京酱肉丝,1
1615,酸菜鱼,2
1615,土豆烧牛肉,4
1615,辣子鸡,2
1615,木耳炒肉,2
1615,香菇青菜,3
1615,宫保鸡丁,4
1615,番茄炒蛋,5
1615,干锅菜花,5
1615,手撕包菜,2
1615,红烧排骨,2
1615,鱼香肉丝,3
1615,葱爆羊肉,1
1616,蚝油生菜,4
1616,土豆烧牛肉,1
1616,韭菜炒鸡蛋,4
1616,红烧肉,2
1616,葱爆羊肉,5
1616,烧茄子,5
1616,水煮鱼,1
1616,青椒土豆丝,1
1616,酸菜鱼,5
1616,宫保鸡丁,5
1616,紫菜蛋花汤,4
1616,木耳炒肉,3
1616,麻婆豆腐,2
1616,手撕包菜,4
1616,辣子鸡,5
1616,鱼香肉丝,4
1616,蒜蓉西兰花,4
1616,番茄炒蛋,3
1616,冬瓜排骨汤,1
1616,香菇青菜,5
1616,干煸豆角,2
1617,土豆烧牛肉,1
1617,麻婆豆腐,5
1617,手撕包菜,4
1617,京酱肉丝,1
1617,紫菜蛋花汤,3
1617,干煸豆角,2
1617,番茄炒蛋,5
1617,水煮鱼,1
1617,辣子鸡,2
1617,宫保鸡丁,5
1617,干锅菜花,1
1617,青椒土豆丝,5
1617,香菇青菜,2
1617,糖醋里脊,1
1618,酸菜鱼,4
1618,冬瓜排骨汤,2
1619,蚝油生菜,5
1619,宫保鸡丁,5
1619,香菇青菜,5
1619,鱼香肉丝,5
1619,烧茄子,5
1619,番茄炒蛋,2
1619,紫菜蛋花汤,1
1619,辣子鸡,2
1619,冬瓜排骨汤,2
1619,韭菜炒鸡蛋,4
1619,蒜蓉西兰花,2
1619,酸菜鱼,5
1619,干锅菜花,1
1620,酸菜鱼,5
1620,番茄炒蛋,5
1620,红烧肉,4
1620,白切鸡,3
1620,蚝油生菜,3
1620,糖醋里脊,5
1620,西红柿鸡蛋汤,3
1620,冬瓜排骨汤,4
1620,红烧排骨,5
1620,干锅菜花,1
1620,酸辣土豆丝,1
1620,紫菜蛋花汤,4
1620,回锅肉,5
1620,宫保鸡丁,2
1620,水煮鱼,3
1620,韭菜炒鸡蛋,4
1620,辣子鸡,2
1620,干煸豆角,4
1620,京酱肉丝,4
1620,香菇青菜,5
1620,土豆烧牛肉,5
1620,烧茄子,2
1620,青椒土豆丝,4
1620,手撕包菜,3
1620,麻婆豆腐,3
1620,木耳炒肉,3
1620,蒜蓉西兰花,1
1620,葱爆羊肉,3
1620,鱼香肉丝,3
1621,青椒土豆丝,1
1621,土豆烧牛肉,1
1621,香菇青菜,2
1621,地三鲜,3
1621,宫保鸡丁,5
1621,鱼香肉丝,5
1621,酸辣土豆丝,1
1621,冬瓜排骨汤,3
1621,干锅菜花,2
1621,蚝油生菜,2
1621,白切鸡,2
1621,红烧排骨,1
1621,烧茄子,3
1621,糖醋里脊,4
1621,水煮鱼,5
1621,紫菜蛋花汤,4
1621,京酱肉丝,3
1621,麻婆豆腐,1
1622,宫保鸡丁,1
1622,麻婆豆腐,1
1622,辣子鸡,5
1622,京酱肉丝,2
1623,酸菜鱼,1
1623,番茄炒蛋,5
1623,鱼香肉丝,2
1623,葱爆羊肉,1
1623,西红柿鸡蛋汤,4
1623,蚝油生菜,3
1623,京酱肉丝,2
1624,京酱肉丝,3
1624,紫菜蛋花汤,1
1624,木耳炒肉,3
1624,青椒土豆丝,1
1624,冬瓜排骨汤,5
1624,水煮鱼,5
1624,西红柿鸡蛋汤,3
1624,手撕包菜,1
1624,辣子鸡,5
1624,宫保鸡丁,1
1624,土豆烧牛肉,5
1624,红烧肉,1
1624,糖醋里脊,1
1624,韭菜炒鸡蛋,3
1624,鱼香肉丝,4
1624,烧茄子,4
1624,蚝油生菜,2
1624,干锅菜花,3
1624,地三鲜,2
1624,葱爆羊肉,4
1624,酸辣土豆丝,2
1624,红烧排骨,3
1624,番茄炒蛋,5
1624,蒜蓉西兰花,3
1624,酸菜鱼,1
1625,蚝油生菜,1
1625,葱爆羊肉,4
1625,青椒土豆丝,4
1625,地三鲜,3
1625,番茄炒蛋,4
1625,回锅肉,1
1625,水煮鱼,2
1625,冬瓜排骨汤,3
1625,烧茄子,5
1625,鱼香肉丝,2
1625,红烧肉,2
1625,紫菜蛋花汤,3
1625,蒜蓉西兰花,4
1625,京酱肉丝,4
1625,香菇青菜,4
1625,宫保鸡丁,3
1626,干煸豆角,1
1626,辣子鸡,3
1626,红烧排骨,4
1627,香菇青菜,2
1627,酸菜鱼,2
1627,糖醋里脊,4
1628,干煸豆角,2
1628,白切鸡,3
1628,西红柿鸡蛋汤,1
1628,木耳炒肉,2
1628,香菇青菜,3
1628,韭菜炒鸡蛋,5
1628,紫菜蛋花汤,3
1628,地三鲜,3
1628,番茄炒蛋,3
1628,京酱肉丝,4
1628,水煮鱼,4
1628,酸菜鱼,2
1628,蒜蓉西兰花,1
1628,干锅菜花,2
1628,冬瓜排骨汤,4
1628,糖醋里脊,1
1628,葱爆羊肉,4
1628,手撕包菜,3
1628,回锅肉,1
1628,蚝油生菜,5
1628,宫保鸡丁,1
1628,青椒土豆丝,4
1628,辣子鸡,4
1628,麻婆豆腐,5
1628,鱼香肉丝,3
1628,酸辣土豆丝,3
1628,红烧肉,3
1628,烧茄子,1
1629,地三鲜,2
1629,香菇青菜,1
1629,酸辣土豆丝,1
1629,木耳炒肉,1
1629,鱼香肉丝,2
1629,糖醋里脊,4
1629,回锅肉,2
1629,蚝油生菜,5
1629,水煮鱼,2
1629,烧茄子,1
1629,麻婆豆腐,5
1629,西红柿鸡蛋汤,1
1629,京酱肉丝,4
1629,白切鸡,2
1629,干锅菜花,1
1629,韭菜炒鸡蛋,2
1629,手撕包菜,3
1629,宫保鸡丁,4
1630,京酱肉丝,2
1630,地三鲜,3
1630,木耳炒肉,1
1630,葱爆羊肉,1
1630,回锅肉,4
1630,鱼香肉丝,3
1630,手撕包菜,2
1630,麻婆豆腐,3
1630,红烧排骨,2
1630,韭菜炒鸡蛋,3
1630,酸菜鱼,1
1630,辣子鸡,1
1630,红烧肉,3
1630,紫菜蛋花汤,4
1630,宫保鸡丁,3
1630,西红柿鸡蛋汤,3
1630,冬瓜排骨汤,4
1630,青椒土豆丝,4
1630,蚝油生菜,2
1631,紫菜蛋花汤,3
1631,手撕包菜,2
1631,蒜蓉西兰花,1
1631,红烧肉,1
1631,木耳炒肉,4
1631,青椒土豆丝,5
1631,宫保鸡丁,3
1631,烧茄子,4
1631,葱爆羊肉,1
1632,蒜蓉西兰花,3
1632,蚝油生菜,5
1632,白切鸡,2
1632,西红柿鸡蛋汤,2
1632,地三鲜,3
1632,水煮鱼,4
1632,烧茄子,4
1632,韭菜炒鸡蛋,3
1633,麻婆豆腐,4
1633,冬瓜排骨汤,3
1633,手撕包菜,3
1633,香菇青菜,2
1633,辣子鸡,2
1634,葱爆羊肉,5
1634,手撕包菜,3
1634,冬瓜排骨汤,1
1634,回锅肉,4
1635,手撕包菜,3
1635,酸菜鱼,1
1636,韭菜炒鸡蛋,1
1636,西红柿鸡蛋汤,2
1636,糖醋里脊,3
1636,香菇青菜,4
1637,西红柿鸡蛋汤,3
1637,蚝油生菜,1
1637,青椒土豆丝,3
1637,烧茄子,3
1637,水煮鱼,3
1637,手撕包菜,4
1637,干煸豆角,3
1637,鱼香肉丝,4
1637,香菇青菜,2
1637,土豆烧牛肉,2
1637,白切鸡,3
1637,宫保鸡丁,2
1637,酸辣土豆丝,3
1637,葱爆羊肉,5
1637,酸菜鱼,4
1637,冬瓜排骨汤,2
1637,地三鲜,4
1637,糖醋里脊,5
1637,韭菜炒鸡蛋,4
1637,红烧排骨,1
1637,回锅肉,1
1637,辣子鸡,4
1637,紫菜蛋花汤,5
1637,蒜蓉西兰花,3
1638,木耳炒肉,4
1638,地三鲜,3
1638,青椒土豆丝,1
1638,麻婆豆腐,3
1638,干煸豆角,1
1639,红烧排骨,4
1639,糖醋里脊,5
1639,香菇青菜,2
1639,鱼香肉丝,5
1639,麻婆豆腐,1
1639,酸辣土豆丝,5
1639,水煮鱼,3
1639,蒜蓉西兰花,4
1639,酸菜鱼,2
1639,白切鸡,4
1639,京酱肉丝,4
1639,土豆烧牛肉,5
1639,干锅菜花,1
1639,回锅肉,4
1639,木耳炒肉,2
1639,地三鲜,5
1639,辣子鸡,5
1639,番茄炒蛋,2
1639,蚝油生菜,3
1639,葱爆羊肉,1
1639,冬瓜排骨汤,4
1639,烧茄子,1
1639,韭菜炒鸡蛋,1
1639,干煸豆角,5
1639,红烧肉,3
1639,紫菜蛋花汤,3
1640,蚝油生菜,4
1640,韭菜炒鸡蛋,2
1641,香菇青菜,2
1641,蒜蓉西兰花,2
1641,烧茄子,2
1641,白切鸡,1
1641,鱼香肉丝,2
1641,西红柿鸡蛋汤,3
1641,土豆烧牛肉,4
1641,冬瓜排骨汤,4
1641,宫保鸡丁,4
1641,京酱肉丝,2
1641,手撕包菜,3
1641,糖醋里脊,1
1641,麻婆豆腐,2
1641,水煮鱼,5
1641,红烧肉,3
1641,酸菜鱼,4
1641,葱爆羊肉,1
1641,干煸豆角,4
1641,青椒土豆丝,2
1641,辣子鸡,4
1641,番茄炒蛋,1
1641,酸辣土豆丝,3
1641,回锅肉,1
1641,红烧排骨,2
1642,蚝油生菜,3
1642,番茄炒蛋,4
1642,香菇青菜,2
1642,烧茄子,4
1642,韭菜炒鸡蛋,3
1642,冬瓜排骨汤,2
1642,糖醋里脊,1
1642,红烧肉,3
1642,酸辣土豆丝,2
1643,白切鸡,3
1644,宫保鸡丁,1
1644,干锅菜花,3
1644,白切鸡,5
1644,青椒土豆丝,4
1644,香菇青菜,1
1644,回锅肉,5
1645,白切鸡,2
1645,辣子鸡,4
1645,红烧肉,2
1645,酸菜鱼,4
1645,宫保鸡丁,5
1645,干煸豆角,3
1645,木耳炒肉,4
1645,红烧排骨,2
1645,冬瓜排骨汤,2
1645,酸辣土豆丝,5
1645,青椒土豆丝,1
1645,鱼香肉丝,4
1645,地三鲜,1
1645,土豆烧牛肉,2
1645,香菇青菜,5
1645,紫菜蛋花汤,2
1645,西红柿鸡蛋汤,1
1645,京酱肉丝,2
1645,蒜蓉西兰花,3
1645,葱爆羊肉,1
1645,水煮鱼,1
1645,糖醋里脊,1
1645,手撕包菜,2
1646,糖醋里脊,2
1646,宫保鸡丁,2
1646,水煮鱼,2
1646,鱼香肉丝,2
1646,香菇青菜,1
1646,酸菜鱼,5
1646,紫菜蛋花汤,4
1646,地三鲜,2
1646,干煸豆角,5
1646,西红柿鸡蛋汤,3
1646,番茄炒蛋,4
1646,回锅肉,1
1646,京酱肉丝,5
1646,红烧排骨,3
1646,辣子鸡,2
1646,韭菜炒鸡蛋,5
1646,干锅菜花,1
1646,烧茄子,2
1646,麻婆豆腐,4
1646,冬瓜排骨汤,1
1646,葱爆羊肉,5
1647,土豆烧牛肉,5
1647,西红柿鸡蛋汤,2
1647,干锅菜花,2
1647,蒜蓉西兰花,4
1647,糖醋里脊,1
1647,香菇青菜,5
1647,白切鸡,1
1647,番茄炒蛋,5
1647,水煮鱼,5
1647,青椒土豆丝,2
1647,干煸豆角,4
1647,葱爆羊肉,1
1648,水煮鱼,5
1648,白切鸡,1
1648,青椒土豆丝,2
1648,麻婆豆腐,4
1648,干锅菜花,3
1648,土豆烧牛肉,4
1648,辣子鸡,2
1648,回锅肉,5
1648,西红柿鸡蛋汤,1
1648,手撕包菜,1
1648,烧茄子,2
1648,冬瓜排骨汤,2
1649,宫保鸡丁,1
1649,干煸豆角,3
1649,回锅肉,2
1649,红烧排骨,3
1649,冬瓜排骨汤,3
1649,京酱肉丝,5
1649,番茄炒蛋,5
1649,辣子鸡,2
1649,地三鲜,2
1649,酸菜鱼,3
1649,韭菜炒鸡蛋,5
1649,鱼香肉丝,1
1649,干锅菜花,1
1649,香菇青菜,5
1649,木耳炒肉,1
1650,土豆烧牛肉,3
1650,蚝油生菜,2
1650,番茄炒蛋,4
1650,红烧排骨,1
1650,烧茄子,3
1650,酸辣土豆丝,4
1650,青椒土豆丝,3
1650,蒜蓉西兰花,1
1650,酸菜鱼,3
1650,宫保鸡丁,2
1650,红烧肉,2
1650,紫菜蛋花汤,1
1650,回锅肉,4
1650,香菇青菜,1
1650,韭菜炒鸡蛋,4
1650,辣子鸡,4
1650,木耳炒肉,4
1650,京酱肉丝,4
1650,麻婆豆腐,1
1650,冬瓜排骨汤,4
1650,葱爆羊肉,2
1650,手撕包菜,2
1651,水煮鱼,1
1651,红烧排骨,4
1651,蚝油生菜,1
1652,红烧排骨,1
1652,酸菜鱼,5
1652,酸辣土豆丝,2
1652,青椒土豆丝,4
1653,酸辣土豆丝,2
1653,水煮鱼,4
1653,木耳炒肉,4
1653,糖醋里脊,5
1653,回锅肉,1
1653,干煸豆角,4
1653,宫保鸡丁,1
1654,糖醋里脊,3
1654,香菇青菜,4
1654,红烧排骨,3
1654,烧茄子,2
1654,木耳炒肉,3
1654,紫菜蛋花汤,4
1654,鱼香肉丝,5
1654,葱爆羊肉,3
1654,水煮鱼,4
1654,土豆烧牛肉,2
1654,冬瓜排骨汤,2
1654,红烧肉,3
1654,宫保鸡丁,3
1654,酸辣土豆丝,1
1654,辣子鸡,4
1654,干锅菜花,3
1654,番茄炒蛋,2
1654,回锅肉,5
1654,麻婆豆腐,5
1654,蒜蓉西兰花,1
1654,青椒土豆丝,3
1654,地三鲜,2
1654,蚝油生菜,4
1654,干煸豆角,4
1654,西红柿鸡蛋汤,5
1655,水煮鱼,5
1655,红烧肉,5
1655,鱼香肉丝,4
1655,木耳炒肉,5
1655,干锅菜花,3
1655,番茄炒蛋,3
1655,酸辣土豆丝,3
1655,宫保鸡丁,4
1655,白切鸡,3
1655,地三鲜,4
1655,香菇青菜,5
1655,土豆烧牛肉,1
1655,冬瓜排骨汤,4
1655,青椒土豆丝,3
1655,酸菜鱼,3
1655,烧茄子,2
1655,蚝油生菜,1
1655,手撕包菜,3
1655,红烧排骨,3
1655,回锅肉,1
1655,韭菜炒鸡蛋,3
1656,麻婆豆腐,3
1656,西红柿鸡蛋汤,1
1656,地三鲜,3
1656,韭菜炒鸡蛋,5
1656,干煸豆角,1
1656,酸菜鱼,4
1656,葱爆羊肉,4
1656,香菇青菜,1
1656,回锅肉,5
1656,鱼香肉丝,1
1656,红烧排骨,3
1656,番茄炒蛋,3
1656,宫保鸡丁,4
1656,水煮鱼,3
1656,京酱肉丝,3
1656,手撕包菜,5
1656,青椒土豆丝,3
1656,木耳炒肉,1
1656,白切鸡,1
1656,辣子鸡,1
1656,干锅菜花,1
1656,蒜蓉西兰花,3
1656,烧茄子,1
1656,酸辣土豆丝,1
1656,糖醋里脊,3
1656,土豆烧牛肉,4
1656,紫菜蛋花汤,3
1656,蚝油生菜,3
1656,冬瓜排骨汤,3
1657,干锅菜花,3
1657,京酱肉丝,4
1657,蒜蓉西兰花,4
1657,蚝油生菜,2
1657,糖醋里脊,3
1657,辣子鸡,4
1657,酸辣土豆丝,4
1657,土豆烧牛肉,1
1657,紫菜蛋花汤,1
1657,地三鲜,2
1657,番茄炒蛋,5
1657,烧茄子,1
1657,葱爆羊肉,4
1657,鱼香肉丝,5
1657,手撕包菜,3
1657,干煸豆角,1
1657,回锅肉,1
1657,香菇青菜,5
1657,西红柿鸡蛋汤,1
1657,麻婆豆腐,2
1658,西红柿鸡蛋汤,4
1658,水煮鱼,1
1658,蚝油生菜,4
1658,木耳炒肉,3
1658,京酱肉丝,1
1658,地三鲜,4
1658,番茄炒蛋,3
1658,干煸豆角,4
1658,韭菜炒鸡蛋,4
1658,手撕包菜,4
1658,宫保鸡丁,2
1658,土豆烧牛肉,1
1658,紫菜蛋花汤,1
1658,烧茄子,2
1658,酸菜鱼,2
1658,辣子鸡,2
1658,鱼香肉丝,1
1658,红烧肉,5
1658,红烧排骨,4
1658,白切鸡,4
1658,酸辣土豆丝,4
1658,葱爆羊肉,1
1659,地三鲜,3
1659,辣子鸡,3
1659,京酱肉丝,3
1659,水煮鱼,4
1659,葱爆羊肉,5
1659,蒜蓉西兰花,4
1660,地三鲜,1
1660,手撕包菜,5
1660,烧茄子,2
1660,蒜蓉西兰花,2
1660,白切鸡,5
1660,西红柿鸡蛋汤,1
1660,番茄炒蛋,1
1660,回锅肉,2
1660,干煸豆角,4
1660,辣子鸡,2
1661,酸辣土豆丝,5
1661,干煸豆角,4
1661,西红柿鸡蛋汤,3
1661,回锅肉,5
1661,手撕包菜,1
1661,香菇青菜,3
1661,韭菜炒鸡蛋,3
1661,白切鸡,5
1661,番茄炒蛋,5
1662,鱼香肉丝,4
1662,西红柿鸡蛋汤,2
1662,紫菜蛋花汤,5
1662,红烧排骨,2
1662,干煸豆角,3
1662,辣子鸡,5
1662,京酱肉丝,5
1662,酸菜鱼,4
1662,土豆烧牛肉,5
1662,回锅肉,1
1663,香菇青菜,3
1663,手撕包菜,1
1663,青椒土豆丝,5
1663,紫菜蛋花汤,1
1663,京酱肉丝,5
1663,干煸豆角,4
1663,烧茄子,1
1663,西红柿鸡蛋汤,4
1663,木耳炒肉,2
1663,葱爆羊肉,5
1663,回锅肉,5
1663,红烧排骨,4
1663,韭菜炒鸡蛋,3
1663,糖醋里脊,4
1663,干锅菜花,4
1663,白切鸡,4
1663,鱼香肉丝,4
1663,番茄炒蛋,4
1663,水煮鱼,4
1663,红烧肉,1
1663,麻婆豆腐,5
1664,红烧排骨,2
1664,水煮鱼,3
1664,白切鸡,2
1665,木耳炒肉,1
1665,回锅肉,5
1665,红烧肉,3
1665,酸菜鱼,4
1665,红烧排骨,4
1665,干煸豆角,3
1665,烧茄子,5
1665,白切鸡,1
1665,糖醋里脊,1
1665,水煮鱼,3
1665,干锅菜花,4
1665,葱爆羊肉,2
1665,香菇青菜,5
1666,干煸豆角,1
1666,木耳炒肉,1
1666,葱爆羊肉,3
1666,香菇青菜,3
1666,宫保鸡丁,3
1666,紫菜蛋花汤,3
1666,辣子鸡,5
1666,回锅肉,3
1666,干锅菜花,1
1666,西红柿鸡蛋汤,5
1666,烧茄子,5
1666,水煮鱼,5
1666,韭菜炒鸡蛋,3
1666,蚝油生菜,4
1666,地三鲜,3
1666,京酱肉丝,2
1666,青椒土豆丝,3
1666,冬瓜排骨汤,4
1666,鱼香肉丝,2
1666,麻婆豆腐,4
1666,番茄炒蛋,3
1667,紫菜蛋花汤,4
1667,酸辣土豆丝,4
1667,土豆烧牛肉,4
1667,回锅肉,2
1667,地三鲜,2
1667,酸菜鱼,3
1667,西红柿鸡蛋汤,3
1667,手撕包菜,2
1667,干煸豆角,1
1668,西红柿鸡蛋汤,1
1668,酸菜鱼,5
1668,鱼香肉丝,5
1668,红烧排骨,3
1668,紫菜蛋花汤,2
1668,糖醋里脊,4
1668,冬瓜排骨汤,4
1668,干煸豆角,1
1668,干锅菜花,2
1668,番茄炒蛋,4
1668,香菇青菜,4
1668,白切鸡,5
1668,红烧肉,5
1668,蒜蓉西兰花,1
1668,土豆烧牛肉,2
1668,青椒土豆丝,4
1668,手撕包菜,4
1668,辣子鸡,3
1668,烧茄子,3
1668,蚝油生菜,5
1668,回锅肉,2
1668,京酱肉丝,5
1668,韭菜炒鸡蛋,3
1669,韭菜炒鸡蛋,1
1669,地三鲜,4
1669,宫保鸡丁,3
1669,冬瓜排骨汤,2
1669,香菇青菜,4
1669,白切鸡,4
1669,京酱肉丝,4
1670,蒜蓉西兰花,5
1670,回锅肉,2
1670,红烧肉,3
1670,西红柿鸡蛋汤,1
1670,香菇青菜,1
1670,水煮鱼,4
1670,葱爆羊肉,5
1670,辣子鸡,1
1670,红烧排骨,3
1670,麻婆豆腐,4
1670,干煸豆角,5
1670,手撕包菜,4
1670,京酱肉丝,5
1670,糖醋里脊,1
1670,酸辣土豆丝,4
1670,韭菜炒鸡蛋,5
1670,番茄炒蛋,5
1670,鱼香肉丝,2
1670,酸菜鱼,2
1670,青椒土豆丝,1
1670,烧茄子,4
1670,蚝油生菜,1
1671,蒜蓉西兰花,1
1672,糖醋里脊,1
1672,手撕包菜,2
1672,冬瓜排骨汤,2
1672,酸辣土豆丝,4
1672,辣子鸡,3
1672,木耳炒肉,2
1672,红烧排骨,2
1673,葱爆羊肉,1
1673,红烧排骨,5
1673,冬瓜排骨汤,2
1673,韭菜炒鸡蛋,5
1673,番茄炒蛋,4
1673,手撕包菜,5
1673,回锅肉,1
1673,白切鸡,3
1673,辣子鸡,4
1673,水煮鱼,3
1673,土豆烧牛肉,5
1673,鱼香肉丝,3
1673,麻婆豆腐,1
1673,京酱肉丝,1
1673,地三鲜,2
1673,干锅菜花,1
1673,干煸豆角,2
1673,紫菜蛋花汤,2
1673,宫保鸡丁,5
1673,香菇青菜,1
1673,木耳炒肉,3
1673,红烧肉,5
1673,糖醋里脊,4
1673,蒜蓉西兰花,4
1673,西红柿鸡蛋汤,4
1673,酸菜鱼,5
1673,蚝油生菜,3
1674,糖醋里脊,2
1674,红烧排骨,5
1674,紫菜蛋花汤,2
1674,辣子鸡,4
1674,木耳炒肉,3
1675,冬瓜排骨汤,2
1675,干煸豆角,3
1675,酸辣土豆丝,1
1675,辣子鸡,3
1675,番茄炒蛋,3
1675,蒜蓉西兰花,2
1675,手撕包菜,2
1675,木耳炒肉,4
1675,京酱肉丝,4
1675,青椒土豆丝,5
1675,香菇青菜,5
1675,白切鸡,2
1675,烧茄子,3
1675,韭菜炒鸡蛋,3
1675,酸菜鱼,5
1675,鱼香肉丝,2
1675,地三鲜,4
1675,水煮鱼,2
1675,干锅菜花,4
1675,麻婆豆腐,5
1675,土豆烧牛肉,4
1675,紫菜蛋花汤,4
1675,红烧排骨,5
1675,蚝油生菜,2
1675,葱爆羊肉,5
1675,西红柿鸡蛋汤,5
1675,宫保鸡丁,5
1675,糖醋里脊,3
1675,红烧肉,5
1676,蚝油生菜,5
1676,番茄炒蛋,4
1676,冬瓜排骨汤,4
1677,蒜蓉西兰花,4
1677,香菇青菜,5
1677,西红柿鸡蛋汤,1
1677,回锅肉,1
1677,冬瓜排骨汤,3
1677,土豆烧牛肉,1
1678,京酱肉丝,2
1678,韭菜炒鸡蛋,1
1678,冬瓜排骨汤,5
1678,蚝油生菜,1
1678,番茄炒蛋,2
1678,白切鸡,1
1678,紫菜蛋花汤,3
1678,手撕包菜,1
1678,酸辣土豆丝,3
1678,酸菜鱼,1
1678,木耳炒肉,1
1678,辣子鸡,4
1678,水煮鱼,1
1678,烧茄子,5
1678,香菇青菜,1
1679,白切鸡,2
1679,手撕包菜,4
1679,蚝油生菜,1
1679,回锅肉,2
1679,青椒土豆丝,4
1680,干锅菜花,2
1680,蒜蓉西兰花,3
1680,水煮鱼,2
1680,辣子鸡,1
1680,白切鸡,1
1680,京酱肉丝,1
1680,青椒土豆丝,1
1680,地三鲜,3
1680,酸菜鱼,5
1680,鱼香肉丝,3
1680,麻婆豆腐,3
1680,红烧排骨,4
1681,木耳炒肉,3
1681,青椒土豆丝,4
1681,麻婆豆腐,1
1681,紫菜蛋花汤,4
1681,西红柿鸡蛋汤,2
1681,香菇青菜,1
1681,宫保鸡丁,2
1681,韭菜炒鸡蛋,1
1681,酸辣土豆丝,4
1681,冬瓜排骨汤,2
1681,干锅菜花,4
1681,回锅肉,2
1681,糖醋里脊,2
1681,烧茄子,5
1681,白切鸡,4
1682,烧茄子,3
1682,干煸豆角,5
1682,宫保鸡丁,4
1682,麻婆豆腐,4
1682,鱼香肉丝,1
1682,水煮鱼,2
1682,西红柿鸡蛋汤,3
1682,辣子鸡,1
1682,红烧排骨,3
1682,番茄炒蛋,2
1682,葱爆羊肉,3
1682,紫菜蛋花汤,5
1682,木耳炒肉,1
1682,酸辣土豆丝,3
1682,蒜蓉西兰花,4
1682,地三鲜,1
1682,酸菜鱼,1
1682,红烧肉,5
1682,蚝油生菜,1
1682,干锅菜花,1
1682,糖醋里脊,3
1682,冬瓜排骨汤,3
1682,手撕包菜,1
1682,京酱肉丝,1
1682,青椒土豆丝,3
1682,土豆烧牛肉,2
1683,韭菜炒鸡蛋,3
1683,水煮鱼,5
1683,红烧排骨,4
1684,木耳炒肉,4
1684,红烧肉,4
1685,手撕包菜,1
1685,糖醋里脊,3
1685,蚝油生菜,2
1685,韭菜炒鸡蛋,2
1685,回锅肉,3
1685,紫菜蛋花汤,4
1685,香菇青菜,3
1685,酸辣土豆丝,1
1685,白切鸡,4
1685,葱爆羊肉,5
1685,烧茄子,3
1685,宫保鸡丁,5
1685,酸菜鱼,4
1685,冬瓜排骨汤,1
1685,土豆烧牛肉,4
1685,西红柿鸡蛋汤,3
1685,麻婆豆腐,3
1685,番茄炒蛋,1
1685,青椒土豆丝,5
1685,京酱肉丝,2
1686,手撕包菜,4
1686,香菇青菜,3
1686,水煮鱼,3
1686,蚝油生菜,4
1686,冬瓜排骨汤,1
1686,辣子鸡,5
1686,土豆烧牛肉,2
1686,酸辣土豆丝,4
1686,木耳炒肉,4
1686,京酱肉丝,5
1686,宫保鸡丁,4
1686,地三鲜,3
1686,韭菜炒鸡蛋,1
1686,鱼香肉丝,3
1686,麻婆豆腐,3
1686,紫菜蛋花汤,3
1687,西红柿鸡蛋汤,2
1687,辣子鸡,5
1687,回锅肉,3
1688,红烧肉,5
1688,酸辣土豆丝,4
1688,京酱肉丝,1
1688,香菇青菜,3
1688,蚝油生菜,2
1688,烧茄子,3
1688,鱼香肉丝,1
1688,蒜蓉西兰花,4
1688,土豆烧牛肉,5
1688,宫保鸡丁,5
1688,地三鲜,1
1688,手撕包菜,3
1688,麻婆豆腐,2
1688,酸菜鱼,1
1688,水煮鱼,4
1688,木耳炒肉,4
1688,青椒土豆丝,5
1688,韭菜炒鸡蛋,1
1688,回锅肉,4
1688,冬瓜排骨汤,1
1688,糖醋里脊,1
1688,干煸豆角,4
1688,辣子鸡,5
1688,紫菜蛋花汤,1
1688,白切鸡,3
1689,葱爆羊肉,4
1689,地三鲜,4
1689,红烧排骨,4
1689,香菇青菜,1
1689,红烧肉,1
1689,干煸豆角,3
1689,青椒土豆丝,3
1689,白切鸡,1
1690,干锅菜花,5
1690,蚝油生菜,4
1690,麻婆豆腐,4
1690,酸菜鱼,4
1690,宫保鸡丁,1
1690,鱼香肉丝,4
1690,香菇青菜,4
1690,葱爆羊肉,4
1690,手撕包菜,2
1690,冬瓜排骨汤,1
1690,紫菜蛋花汤,5
1690,地三鲜,2
1690,水煮鱼,2
1690,干煸豆角,5
1690,蒜蓉西兰花,2
1690,白切鸡,3
1690,青椒土豆丝,5
1690,韭菜炒鸡蛋,1
1690,回锅肉,3
1690,红烧肉,2
1690,烧茄子,1
1690,红烧排骨,5
1690,木耳炒肉,2
1690,辣子鸡,1
1690,糖醋里脊,3
1690,土豆烧牛肉,2
1690,京酱肉丝,4
1690,酸辣土豆丝,2
1691,地三鲜,2
1691,白切鸡,2
1691,香菇青菜,3
1691,土豆烧牛肉,4
1691,青椒土豆丝,2
1691,糖醋里脊,1
1691,葱爆羊肉,5
1691,干锅菜花,2
1691,回锅肉,4
1691,宫保鸡丁,1
1691,蒜蓉西兰花,1
1691,红烧排骨,5
1691,水煮鱼,5
1691,番茄炒蛋,1
1691,烧茄子,2
1691,西红柿鸡蛋汤,3
1691,辣子鸡,4
1691,酸辣土豆丝,1
1691,红烧肉,1
1691,紫菜蛋花汤,4
1691,蚝油生菜,2
1691,手撕包菜,1
1691,鱼香肉丝,4
1691,京酱肉丝,2
1692,宫保鸡丁,4
1692,青椒土豆丝,2
1692,地三鲜,5
1692,酸菜鱼,4
1692,白切鸡,3
1692,冬瓜排骨汤,5
1692,蚝油生菜,4
1692,水煮鱼,2
1692,木耳炒肉,4
1692,韭菜炒鸡蛋,1
1692,京酱肉丝,2
1692,干锅菜花,3
1692,酸辣土豆丝,2
1692,麻婆豆腐,4
1692,葱爆羊肉,5
1693,糖醋里脊,5
1693,红烧肉,4
1693,蚝油生菜,5
1693,宫保鸡丁,4
1693,白切鸡,2
1693,西红柿鸡蛋汤,5
1693,番茄炒蛋,4
1693,酸菜鱼,1
1693,回锅肉,5
1693,地三鲜,2
1693,木耳炒肉,3
1693,土豆烧牛肉,1
1693,鱼香肉丝,1
1693,京酱肉丝,1
1693,干煸豆角,1
1693,红烧排骨,4
1694,酸菜鱼,1
1694,土豆烧牛肉,2
1694,辣子鸡,3
1694,蒜蓉西兰花,4
1694,冬瓜排骨汤,1
1694,青椒土豆丝,5
1694,韭菜炒鸡蛋,5
1694,红烧排骨,4
1694,手撕包菜,1
1694,鱼香肉丝,4
1694,烧茄子,3
1694,回锅肉,5
1694,葱爆羊肉,2
1695,地三鲜,1
1695,白切鸡,2
1695,蚝油生菜,4
1695,鱼香肉丝,5
1695,辣子鸡,5
1695,冬瓜排骨汤,1
1695,干锅菜花,2
1695,西红柿鸡蛋汤,4
1695,宫保鸡丁,4
1695,烧茄子,3
1695,酸菜鱼,3
1695,土豆烧牛肉,1
1695,青椒土豆丝,2
1695,干煸豆角,1
1695,回锅肉,1
1695,红烧排骨,3
1696,蚝油生菜,4
1696,宫保鸡丁,2
1696,冬瓜排骨汤,5
1696,水煮鱼,2
1696,白切鸡,5
1696,土豆烧牛肉,3
1696,酸菜鱼,1
1696,香菇青菜,4
1696,酸辣土豆丝,2
1696,辣子鸡,3
1696,韭菜炒鸡蛋,3
1696,糖醋里脊,2
1696,手撕包菜,2
1696,蒜蓉西兰花,1
1696,鱼香肉丝,3
1696,回锅肉,2
1696,红烧肉,5
1696,麻婆豆腐,3
1696,青椒土豆丝,1
1696,葱爆羊肉,3
1696,紫菜蛋花汤,3
1697,宫保鸡丁,3
1697,水煮鱼,1
1697,糖醋里脊,2
1697,酸菜鱼,1
1697,番茄炒蛋,1
1697,回锅肉,4
1697,干锅菜花,3
1697,麻婆豆腐,1
1697,韭菜炒鸡蛋,3
1697,酸辣土豆丝,3
1697,土豆烧牛肉,1
1697,蒜蓉西兰花,3
1697,香菇青菜,4
1697,地三鲜,5
1697,鱼香肉丝,5
1697,红烧排骨,2
1697,蚝油生菜,2
1697,紫菜蛋花汤,2
1697,西红柿鸡蛋汤,4
1697,辣子鸡,4
1697,京酱肉丝,5
1697,手撕包菜,2
1697,红烧肉,4
1697,白切鸡,5
1697,青椒土豆丝,5
1697,冬瓜排骨汤,5
1697,干煸豆角,3
1697,烧茄子,4
1697,葱爆羊肉,2
1698,干锅菜花,4
1698,木耳炒肉,1
1698,白切鸡,4
1698,糖醋里脊,1
1698,宫保鸡丁,2
1698,红烧排骨,3
1698,红烧肉,1
1698,干煸豆角,2
1698,地三鲜,4
1698,番茄炒蛋,2
1698,西红柿鸡蛋汤,5
1698,蚝油生菜,3
1698,京酱肉丝,5
1698,手撕包菜,1
1698,韭菜炒鸡蛋,2
1698,冬瓜排骨汤,3
1698,水煮鱼,5
1699,麻婆豆腐,5
1699,红烧排骨,5
1699,青椒土豆丝,3
1699,葱爆羊肉,1
1699,京酱肉丝,3
1699,西红柿鸡蛋汤,4
1699,辣子鸡,2
1699,糖醋里脊,1
1699,木耳炒肉,5
1699,酸辣土豆丝,4
1699,韭菜炒鸡蛋,5
1699,干煸豆角,5
1699,地三鲜,5
1699,白切鸡,4
1699,紫菜蛋花汤,4
1699,酸菜鱼,2
1699,红烧肉,2
1699,土豆烧牛肉,1
1699,番茄炒蛋,2
1699,烧茄子,2
1699,手撕包菜,1
1699,蚝油生菜,3
1699,蒜蓉西兰花,2
1699,干锅菜花,2
1699,鱼香肉丝,2
1699,香菇青菜,2
1699,回锅肉,5
1700,烧茄子,3
1700,手撕包菜,2
1700,青椒土豆丝,5
1700,水煮鱼,4
1700,干煸豆角,4
1700,红烧排骨,4
1700,京酱肉丝,5
1700,鱼香肉丝,3
1700,红烧肉,4
1700,酸菜鱼,1
1700,韭菜炒鸡蛋,4
1700,蚝油生菜,2
1700,香菇青菜,4
1700,白切鸡,1
1700,回锅肉,2
1700,蒜蓉西兰花,4
1700,干锅菜花,3
1701,酸辣土豆丝,5
1701,蒜蓉西兰花,5
1701,白切鸡,2
1701,葱爆羊肉,2
1701,木耳炒肉,2
1701,糖醋里脊,1
1701,蚝油生菜,5
1701,西红柿鸡蛋汤,4
1701,鱼香肉丝,1
1701,地三鲜,1
1701,手撕包菜,5
1701,香菇青菜,5
1701,冬瓜排骨汤,5
1701,韭菜炒鸡蛋,2
1701,宫保鸡丁,3
1701,紫菜蛋花汤,4
1702,宫保鸡丁,4
1702,烧茄子,5
1702,干煸豆角,2
1702,干锅菜花,5
1702,地三鲜,1
1702,水煮鱼,4
1702,蒜蓉西兰花,5
1702,韭菜炒鸡蛋,5
1702,京酱肉丝,4
1702,红烧肉,1
1702,手撕包菜,1
1702,鱼香肉丝,4
1702,酸辣土豆丝,4
1702,葱爆羊肉,5
1702,糖醋里脊,5
1702,香菇青菜,1
1703,紫菜蛋花汤,1
1703,番茄炒蛋,2
1703,香菇青菜,1
1703,红烧排骨,1
1703,宫保鸡丁,5
1703,辣子鸡,1
1703,酸辣土豆丝,5
1703,西红柿鸡蛋汤,2
1703,地三鲜,3
1703,韭菜炒鸡蛋,5
1703,土豆烧牛肉,1
1703,回锅肉,5
1703,京酱肉丝,5
1703,酸菜鱼,3
1703,鱼香肉丝,3
1703,糖醋里脊,3
1703,木耳炒肉,5
1703,白切鸡,4
1703,蚝油生菜,5
1703,蒜蓉西兰花,5
1703,青椒土豆丝,1
1703,麻婆豆腐,3
1703,葱爆羊肉,5
1703,烧茄子,2
1703,手撕包菜,2
1703,冬瓜排骨汤,3
1703,水煮鱼,4
1703,干锅菜花,3
1703,干煸豆角,5
1704,紫菜蛋花汤,1
1704,韭菜炒鸡蛋,4
1704,干锅菜花,4
1704,酸辣土豆丝,4
1704,烧茄子,3
1704,红烧肉,1
1704,京酱肉丝,3
1704,宫保鸡丁,5
1704,番茄炒蛋,5
1704,水煮鱼,4
1704,糖醋里脊,3
1704,麻婆豆腐,2
1704,蒜蓉西兰花,1
1705,香菇青菜,5
1705,酸辣土豆丝,5
1705,土豆烧牛肉,4
1705,鱼香肉丝,1
1705,韭菜炒鸡蛋,3
1705,糖醋里脊,1
1705,干锅菜花,3
1705,蒜蓉西兰花,3
1705,番茄炒蛋,4
1705,烧茄子,5
1705,酸菜鱼,1
1705,青椒土豆丝,2
1705,西红柿鸡蛋汤,4
1705,水煮鱼,2
1705,红烧肉,1
1705,手撕包菜,3
1705,地三鲜,2
1706,木耳炒肉,4
1706,香菇青菜,2
1706,干煸豆角,3
1706,酸菜鱼,4
1707,白切鸡,3
1707,回锅肉,1
1707,酸辣土豆丝,4
1707,西红柿鸡蛋汤,5
1707,青椒土豆丝,3
1707,糖醋里脊,4
1707,水煮鱼,3
1707,香菇青菜,1
1707,土豆烧牛肉,1
1707,番茄炒蛋,3
1707,干锅菜花,4
1707,蚝油生菜,4
1707,宫保鸡丁,3
1707,地三鲜,4
1707,韭菜炒鸡蛋,4
1707,手撕包菜,2
1707,紫菜蛋花汤,1
1707,麻婆豆腐,5
1707,鱼香肉丝,5
1707,木耳炒肉,4
1708,干煸豆角,5
1708,酸菜鱼,2
1708,木耳炒肉,5
1708,葱爆羊肉,5
1708,西红柿鸡蛋汤,1
1708,烧茄子,4
1708,红烧肉,2
1708,蚝油生菜,2
1708,韭菜炒鸡蛋,4
1708,辣子鸡,4
1708,酸辣土豆丝,5
1708,回锅肉,3
1708,紫菜蛋花汤,1
1708,冬瓜排骨汤,4
1708,京酱肉丝,1
1708,青椒土豆丝,1
1708,麻婆豆腐,3
1709,回锅肉,3
1709,水煮鱼,4
1709,青椒土豆丝,5
1709,蒜蓉西兰花,4
1709,番茄炒蛋,2
1709,干锅菜花,5
1709,韭菜炒鸡蛋,4
1709,冬瓜排骨汤,4
1709,土豆烧牛肉,1
1709,葱爆羊肉,1
1709,干煸豆角,2
1709,木耳炒肉,3
1709,糖醋里脊,4
1709,酸辣土豆丝,3
1709,红烧肉,4
1709,京酱肉丝,3
1709,西红柿鸡蛋汤,5
1709,紫菜蛋花汤,1
1709,酸菜鱼,5
1709,辣子鸡,3
1709,手撕包菜,2
1709,白切鸡,4
1709,麻婆豆腐,1
1709,宫保鸡丁,3
1709,红烧排骨,5
1710,葱爆羊肉,1
1710,红烧肉,4
1710,香菇青菜,1
1710,青椒土豆丝,1
1710,烧茄子,1
1710,地三鲜,2
1711,葱爆羊肉,1
1711,紫菜蛋花汤,1
1711,冬瓜排骨汤,4
1711,辣子鸡,5
1711,京酱肉丝,3
1711,烧茄子,4
1711,宫保鸡丁,2
1711,红烧排骨,4
1711,西红柿鸡蛋汤,3
1711,麻婆豆腐,2
1711,木耳炒肉,1
1711,酸辣土豆丝,3
1711,手撕包菜,2
1711,鱼香肉丝,2
1711,韭菜炒鸡蛋,3
1711,白切鸡,5
1711,香菇青菜,5
1711,糖醋里脊,5
1711,蚝油生菜,4
1711,番茄炒蛋,2
1711,干锅菜花,1
1711,酸菜鱼,4
1711,红烧肉,2
1711,土豆烧牛肉,2
1711,地三鲜,1
1711,干煸豆角,4
1711,蒜蓉西兰花,4
1712,木耳炒肉,1
1712,手撕包菜,1
1712,京酱肉丝,4
1712,红烧排骨,1
1712,水煮鱼,2
1712,宫保鸡丁,3
1712,酸辣土豆丝,1
1712,干锅菜花,2
1712,西红柿鸡蛋汤,3
1712,烧茄子,1
1712,土豆烧牛肉,1
1712,冬瓜排骨汤,4
1713,番茄炒蛋,3
1713,红烧肉,4
1713,干锅菜花,3
1713,葱爆羊肉,2
1713,蚝油生菜,4
1713,回锅肉,3
1713,青椒土豆丝,1
1713,辣子鸡,3
1713,红烧排骨,2
1714,香菇青菜,5
1714,西红柿鸡蛋汤,3
1714,紫菜蛋花汤,5
1714,干煸豆角,3
1714,回锅肉,2
1714,麻婆豆腐,5
1714,手撕包菜,5
1714,葱爆羊肉,4
1714,鱼香肉丝,3
1714,番茄炒蛋,3
1715,烧茄子,3
1715,西红柿鸡蛋汤,2
1715,土豆烧牛肉,1
1715,香菇青菜,2
1715,酸菜鱼,2
1715,红烧排骨,5
1715,酸辣土豆丝,4
1715,番茄炒蛋,4
1715,宫保鸡丁,3
1715,回锅肉,3
1715,麻婆豆腐,3
1715,地三鲜,2
1715,蚝油生菜,2
1715,韭菜炒鸡蛋,2
1715,蒜蓉西兰花,5
1715,京酱肉丝,3
1715,水煮鱼,3
1715,鱼香肉丝,4
1715,干煸豆角,5
1715,糖醋里脊,4
1716,韭菜炒鸡蛋,5
1716,烧茄子,2
1716,酸辣土豆丝,3
1716,辣子鸡,1
1716,紫菜蛋花汤,5
1716,宫保鸡丁,1
1716,木耳炒肉,4
1716,香菇青菜,4
1716,干锅菜花,1
1716,红烧肉,1
1716,回锅肉,1
1716,京酱肉丝,5
1716,白切鸡,5
1716,蚝油生菜,4
1716,西红柿鸡蛋汤,5
1716,红烧排骨,3
1717,番茄炒蛋,3
1717,白切鸡,2
1717,蒜蓉西兰花,1
1717,紫菜蛋花汤,2
1717,红烧排骨,5
1717,蚝油生菜,2
1717,青椒土豆丝,4
1717,麻婆豆腐,3
1717,京酱肉丝,5
1717,烧茄子,3
1718,香菇青菜,2
1718,手撕包菜,3
1718,宫保鸡丁,3
1718,西红柿鸡蛋汤,4
1718,番茄炒蛋,3
1718,辣子鸡,1
1718,蒜蓉西兰花,2
1718,红烧排骨,2
1718,麻婆豆腐,3
1718,鱼香肉丝,2
1718,酸菜鱼,3
1718,地三鲜,3
1718,紫菜蛋花汤,1
1718,干煸豆角,4
1718,韭菜炒鸡蛋,1
1718,京酱肉丝,5
1718,葱爆羊肉,1
1718,回锅肉,4
1718,土豆烧牛肉,2
1718,红烧肉,1
1719,青椒土豆丝,1
1719,红烧排骨,2
1719,酸菜鱼,4
1719,白切鸡,3
1719,烧茄子,2
1719,辣子鸡,1
1719,紫菜蛋花汤,5
1719,冬瓜排骨汤,1
1719,干锅菜花,3
1719,土豆烧牛肉,3
1719,回锅肉,3
1719,韭菜炒鸡蛋,4
1719,鱼香肉丝,5
1719,香菇青菜,5
1719,糖醋里脊,5
1719,地三鲜,2
1719,干煸豆角,4
1719,宫保鸡丁,4
1719,麻婆豆腐,1
1719,木耳炒肉,4
1719,葱爆羊肉,1
1719,京酱肉丝,3
1719,西红柿鸡蛋汤,1
1719,蒜蓉西兰花,4
1720,白切鸡,3
1721,酸辣土豆丝,5
1721,鱼香肉丝,5
1721,烧茄子,1
1721,京酱肉丝,3
1721,红烧肉,4
1721,木耳炒肉,1
1721,干煸豆角,4
1721,糖醋里脊,5
1721,番茄炒蛋,5
1721,干锅菜花,2
1721,手撕包菜,4
1721,紫菜蛋花汤,5
1721,回锅肉,5
1721,韭菜炒鸡蛋,4
1721,蚝油生菜,4
1721,蒜蓉西兰花,3
1721,红烧排骨,2
1721,青椒土豆丝,2
1721,麻婆豆腐,5
1721,西红柿鸡蛋汤,5
1721,白切鸡,5
1722,木耳炒肉,5
1722,紫菜蛋花汤,3
1722,糖醋里脊,4
1722,京酱肉丝,5
1722,红烧排骨,2
1722,水煮鱼,5
1722,蒜蓉西兰花,2
1722,辣子鸡,4
1722,地三鲜,2
1722,回锅肉,5
1722,烧茄子,1
1722,手撕包菜,1
1722,土豆烧牛肉,4
1722,青椒土豆丝,3
1723,酸菜鱼,3
1723,白切鸡,2
1723,酸辣土豆丝,4
1723,红烧排骨,3
1724,冬瓜排骨汤,5
1724,蚝油生菜,2
1724,土豆烧牛肉,1
1724,木耳炒肉,2
1724,酸辣土豆丝,3
1724,香菇青菜,4
1724,水煮鱼,3
1724,地三鲜,4
1724,烧茄子,1
1724,酸菜鱼,5
1724,青椒土豆丝,4
1724,糖醋里脊,1
1724,红烧排骨,4
1724,麻婆豆腐,4
1724,干锅菜花,3
1725,宫保鸡丁,3
1725,红烧肉,2
1725,水煮鱼,5
1725,蚝油生菜,1
1725,鱼香肉丝,4
1725,木耳炒肉,2
1725,紫菜蛋花汤,1
1725,番茄炒蛋,5
1725,香菇青菜,1
1725,蒜蓉西兰花,3
1725,葱爆羊肉,2
1725,辣子鸡,4
1725,地三鲜,4
1725,烧茄子,5
1725,干锅菜花,2
1725,手撕包菜,2
1725,京酱肉丝,5
1725,干煸豆角,4
1725,韭菜炒鸡蛋,5
1725,酸辣土豆丝,2
1725,麻婆豆腐,4
1726,干煸豆角,4
1726,木耳炒肉,3
1726,蚝油生菜,2
1726,京酱肉丝,1
1726,手撕包菜,1
1726,番茄炒蛋,3
1726,冬瓜排骨汤,2
1726,西红柿鸡蛋汤,3
1726,蒜蓉西兰花,2
1726,白切鸡,5
1727,红烧肉,5
1727,冬瓜排骨汤,4
1727,干煸豆角,3
1727,鱼香肉丝,3
1727,干锅菜花,5
1727,酸菜鱼,4
1727,蚝油生菜,2
1727,白切鸡,3
1727,糖醋里脊,2
1727,水煮鱼,5
1727,辣子鸡,3
1727,韭菜炒鸡蛋,1
1727,回锅肉,5
1727,土豆烧牛肉,2
1727,烧茄子,4
1727,红烧排骨,4
1728,麻婆豆腐,2
1728,冬瓜排骨汤,1
1728,地三鲜,5
1728,干锅菜花,4
1728,青椒土豆丝,4
1728,干煸豆角,2
1728,烧茄子,1
1728,葱爆羊肉,4
1728,蒜蓉西兰花,3
1728,酸菜鱼,5
1728,鱼香肉丝,1
1728,木耳炒肉,3
1728,宫保鸡丁,3
1728,酸辣土豆丝,3
1728,水煮鱼,4
1728,红烧排骨,4
1728,回锅肉,1
1728,紫菜蛋花汤,5
1728,番茄炒蛋,4
1728,土豆烧牛肉,4
1728,手撕包菜,4
1728,白切鸡,4
1729,鱼香肉丝,3
1729,麻婆豆腐,4
1729,酸辣土豆丝,2
1729,酸菜鱼,2
1729,宫保鸡丁,5
1729,韭菜炒鸡蛋,4
1729,回锅肉,4
1729,青椒土豆丝,3
1729,冬瓜排骨汤,1
1729,紫菜蛋花汤,1
1729,西红柿鸡蛋汤,3
1729,烧茄子,1
1729,番茄炒蛋,4
1729,京酱肉丝,5
1729,地三鲜,3
1729,土豆烧牛肉,5
1729,手撕包菜,1
1729,糖醋里脊,2
1729,香菇青菜,2
1729,红烧肉,2
1729,葱爆羊肉,1
1729,干锅菜花,5
1729,蒜蓉西兰花,3
1729,辣子鸡,4
1729,干煸豆角,2
1729,水煮鱼,1
1730,韭菜炒鸡蛋,2
1730,香菇青菜,1
1730,烧茄子,3
1730,鱼香肉丝,2
1730,葱爆羊肉,3
1730,水煮鱼,2
1730,京酱肉丝,5
1730,酸菜鱼,5
1730,青椒土豆丝,1
1730,干锅菜花,4
1731,蒜蓉西兰花,2
1731,麻婆豆腐,4
1731,烧茄子,4
1731,木耳炒肉,1
1731,葱爆羊肉,3
1731,红烧肉,5
1731,红烧排骨,1
1731,糖醋里脊,3
1731,宫保鸡丁,1
1731,酸辣土豆丝,1
1731,京酱肉丝,4
1731,水煮鱼,5
1731,地三鲜,4
1731,干煸豆角,4
1731,香菇青菜,5
1731,紫菜蛋花汤,4
1731,蚝油生菜,2
1731,鱼香肉丝,1
1731,韭菜炒鸡蛋,5
1731,土豆烧牛肉,5
1731,干锅菜花,3
1731,酸菜鱼,4
1731,白切鸡,4
1732,红烧排骨,5
1732,紫菜蛋花汤,4
1733,宫保鸡丁,5
1733,土豆烧牛肉,5
1733,干锅菜花,2
1733,回锅肉,3
1733,白切鸡,2
1733,葱爆羊肉,4
1733,麻婆豆腐,3
1733,红烧肉,5
1733,韭菜炒鸡蛋,4
1733,蚝油生菜,5
1733,蒜蓉西兰花,4
1733,青椒土豆丝,5
1733,鱼香肉丝,4
1733,烧茄子,2
1733,香菇青菜,4
1733,木耳炒肉,3
1733,冬瓜排骨汤,5
1733,干煸豆角,2
1733,地三鲜,2
1733,红烧排骨,1
1733,酸菜鱼,1
1733,手撕包菜,5
1734,干锅菜花,3
1734,麻婆豆腐,1
1734,酸菜鱼,5
1734,回锅肉,2
1734,香菇青菜,5
1734,冬瓜排骨汤,2
1734,红烧排骨,3
1734,地三鲜,4
1734,鱼香肉丝,3
1734,水煮鱼,5
1734,糖醋里脊,1
1734,白切鸡,2
1734,京酱肉丝,4
1734,紫菜蛋花汤,1
1734,红烧肉,4
1734,韭菜炒鸡蛋,3
1734,手撕包菜,1
1734,宫保鸡丁,5
1734,土豆烧牛肉,3
1734,番茄炒蛋,2
1734,酸辣土豆丝,2
1734,青椒土豆丝,1
1734,蒜蓉西兰花,3
1735,葱爆羊肉,1
1735,烧茄子,1
1735,青椒土豆丝,3
1735,香菇青菜,4
1735,土豆烧牛肉,5
1735,麻婆豆腐,1
1735,冬瓜排骨汤,3
1735,水煮鱼,4
1735,西红柿鸡蛋汤,3
1735,白切鸡,3
1735,手撕包菜,5
1735,地三鲜,3
1735,韭菜炒鸡蛋,1
1735,蒜蓉西兰花,3
1735,干煸豆角,5
1735,红烧排骨,1
1735,蚝油生菜,3
1735,糖醋里脊,1
1735,辣子鸡,5
1736,青椒土豆丝,3
1736,白切鸡,1
1736,回锅肉,4
1736,红烧肉,4
1736,香菇青菜,4
1736,土豆烧牛肉,1
1736,红烧排骨,1
1736,麻婆豆腐,4
1736,烧茄子,4
1736,韭菜炒鸡蛋,2
1736,西红柿鸡蛋汤,5
1736,番茄炒蛋,3
1736,葱爆羊肉,2
1736,宫保鸡丁,1
1736,鱼香肉丝,4
1736,辣子鸡,4
1736,冬瓜排骨汤,1
1736,糖醋里脊,5
1736,酸菜鱼,1
1736,蚝油生菜,3
1736,京酱肉丝,5
1736,手撕包菜,3
1736,蒜蓉西兰花,5
1736,干锅菜花,2
1736,干煸豆角,3
1737,鱼香肉丝,4
1737,回锅肉,1
1737,白切鸡,4
1737,烧茄子,3
1737,香菇青菜,5
1737,蚝油生菜,5
1737,韭菜炒鸡蛋,5
1737,干煸豆角,4
1737,红烧排骨,2
1737,酸菜鱼,2
1737,手撕包菜,3
1737,番茄炒蛋,5
1737,辣子鸡,3
1737,紫菜蛋花汤,4
1737,宫保鸡丁,4
1737,水煮鱼,3
1737,蒜蓉西兰花,1
1737,干锅菜花,5
1737,冬瓜排骨汤,3
1737,酸辣土豆丝,5
1737,地三鲜,3
1737,西红柿鸡蛋汤,5
1738,番茄炒蛋,1
1738,地三鲜,2
1738,麻婆豆腐,4
1738,白切鸡,2
1738,红烧排骨,2
1738,宫保鸡丁,3
1738,冬瓜排骨汤,5
1739,红烧肉,1
1739,紫菜蛋花汤,2
1739,干锅菜花,5
1739,手撕包菜,1
1739,香菇青菜,1
1739,韭菜炒鸡蛋,1
1739,蚝油生菜,3
1739,宫保鸡丁,3
1739,土豆烧牛肉,4
1739,酸菜鱼,4
1739,红烧排骨,5
1739,辣子鸡,3
1739,番茄炒蛋,1
1739,葱爆羊肉,3
1739,干煸豆角,1
1739,水煮鱼,2
1739,白切鸡,5
1739,烧茄子,5
1739,地三鲜,3
1739,酸辣土豆丝,3
1739,京酱肉丝,2
1739,西红柿鸡蛋汤,2
1739,冬瓜排骨汤,2
1739,蒜蓉西兰花,4
1739,麻婆豆腐,3
1739,糖醋里脊,1
1739,木耳炒肉,5
1740,糖醋里脊,4
1740,白切鸡,3
1740,香菇青菜,4
1740,青椒土豆丝,2
1740,水煮鱼,5
1740,干锅菜花,1
1740,酸菜鱼,4
1740,番茄炒蛋,2
1740,酸辣土豆丝,2
1740,红烧肉,3
1740,木耳炒肉,1
1740,烧茄子,1
1740,回锅肉,4
1740,西红柿鸡蛋汤,3
1740,土豆烧牛肉,3
1740,地三鲜,3
1740,麻婆豆腐,5
1740,宫保鸡丁,1
1740,手撕包菜,3
1740,蚝油生菜,5
1740,辣子鸡,2
1740,韭菜炒鸡蛋,5
1740,蒜蓉西兰花,3
1740,紫菜蛋花汤,1
1740,红烧排骨,4
1741,干煸豆角,1
1741,土豆烧牛肉,3
1741,番茄炒蛋,3
1741,蒜蓉西兰花,5
1741,京酱肉丝,2
1741,冬瓜排骨汤,2
1741,地三鲜,4
1741,酸辣土豆丝,2
1741,木耳炒肉,2
1741,干锅菜花,1
1741,手撕包菜,4
1741,红烧排骨,4
1741,糖醋里脊,3
1741,烧茄子,1
1741,鱼香肉丝,1
1741,蚝油生菜,1
1741,西红柿鸡蛋汤,3
1741,紫菜蛋花汤,2
1741,麻婆豆腐,2
1741,酸菜鱼,4
1741,白切鸡,1
1741,回锅肉,2
1741,青椒土豆丝,3
1741,辣子鸡,1
1741,宫保鸡丁,3
1741,水煮鱼,4
1741,香菇青菜,4
1741,韭菜炒鸡蛋,3
1742,京酱肉丝,5
1742,冬瓜排骨汤,1
1742,韭菜炒鸡蛋,2
1742,土豆烧牛肉,2
1742,蒜蓉西兰花,2
1742,西红柿鸡蛋汤,5
1742,干煸豆角,4
1742,葱爆羊肉,3
1742,糖醋里脊,4
1742,香菇青菜,3
1742,麻婆豆腐,2
1742,青椒土豆丝,4
1742,干锅菜花,4
1742,烧茄子,3
1742,鱼香肉丝,3
1742,回锅肉,3
1742,蚝油生菜,1
1742,紫菜蛋花汤,2
1742,地三鲜,3
1742,番茄炒蛋,4
1742,水煮鱼,2
1742,木耳炒肉,2
1742,白切鸡,2
1742,红烧肉,1
1742,酸辣土豆丝,5
1743,干煸豆角,1
1743,糖醋里脊,4
1743,蚝油生菜,5
1743,回锅肉,2
1743,手撕包菜,5
1743,葱爆羊肉,2
1743,木耳炒肉,5
1743,紫菜蛋花汤,2
1743,酸辣土豆丝,1
1743,红烧肉,4
1743,红烧排骨,2
1743,白切鸡,5
1743,京酱肉丝,5
1743,水煮鱼,4
1743,西红柿鸡蛋汤,1
1743,韭菜炒鸡蛋,3
1743,鱼香肉丝,2
1743,青椒土豆丝,4
1743,宫保鸡丁,5
1743,干锅菜花,3
1743,香菇青菜,4
1743,冬瓜排骨汤,1
1743,辣子鸡,1
1743,烧茄子,2
1743,土豆烧牛肉,4
1743,地三鲜,2
1743,麻婆豆腐,1
1743,番茄炒蛋,3
1743,酸菜鱼,4
1744,酸菜鱼,5
1744,烧茄子,5
1744,西红柿鸡蛋汤,1
1744,手撕包菜,5
1744,葱爆羊肉,5
1744,番茄炒蛋,5
1744,紫菜蛋花汤,4
1744,冬瓜排骨汤,1
1744,宫保鸡丁,5
1744,红烧排骨,1
1744,京酱肉丝,1
1744,辣子鸡,1
1744,麻婆豆腐,4
1744,红烧肉,1
1744,糖醋里脊,3
1744,木耳炒肉,5
1744,土豆烧牛肉,2
1744,回锅肉,2
1744,白切鸡,4
1744,地三鲜,1
1745,手撕包菜,5
1745,葱爆羊肉,3
1745,蒜蓉西兰花,3
1745,鱼香肉丝,3
1745,冬瓜排骨汤,2
1745,烧茄子,4
1745,酸菜鱼,2
1745,土豆烧牛肉,1
1746,糖醋里脊,5
1746,番茄炒蛋,3
1746,葱爆羊肉,2
1746,蚝油生菜,1
1746,韭菜炒鸡蛋,5
1746,木耳炒肉,1
1746,香菇青菜,5
1746,酸辣土豆丝,1
1746,冬瓜排骨汤,1
1746,紫菜蛋花汤,5
1746,土豆烧牛肉,4
1746,青椒土豆丝,3
1746,麻婆豆腐,4
1746,白切鸡,2
1746,宫保鸡丁,5
1746,京酱肉丝,1
1746,红烧肉,2
1746,水煮鱼,1
1746,回锅肉,1
1746,干煸豆角,2
1746,干锅菜花,4
1746,鱼香肉丝,3
1746,红烧排骨,5
1746,酸菜鱼,4
1746,辣子鸡,3
1746,蒜蓉西兰花,4
1746,西红柿鸡蛋汤,1
1747,宫保鸡丁,4
1747,红烧肉,5
1747,干煸豆角,1
1747,糖醋里脊,4
1747,水煮鱼,1
1747,西红柿鸡蛋汤,3
1747,麻婆豆腐,2
1748,青椒土豆丝,2
1748,冬瓜排骨汤,4
1748,红烧肉,1
1748,香菇青菜,5
1748,酸菜鱼,5
1748,蒜蓉西兰花,1
1748,土豆烧牛肉,1
1748,酸辣土豆丝,5
1748,麻婆豆腐,3
1748,干煸豆角,2
1748,韭菜炒鸡蛋,1
1748,蚝油生菜,1
1748,番茄炒蛋,1
1748,鱼香肉丝,1
1748,葱爆羊肉,4
1748,水煮鱼,5
1748,手撕包菜,2
1748,西红柿鸡蛋汤,3
1748,宫保鸡丁,1
1748,糖醋里脊,2
1748,白切鸡,4
1748,烧茄子,2
1748,紫菜蛋花汤,2
1749,土豆烧牛肉,1
1749,烧茄子,2
1749,鱼香肉丝,1
1749,麻婆豆腐,5
1749,糖醋里脊,5
1749,干煸豆角,1
1749,干锅菜花,5
1750,鱼香肉丝,4
1750,麻婆豆腐,1
1750,冬瓜排骨汤,4
1750,手撕包菜,4
1750,回锅肉,2
1750,京酱肉丝,4
1750,白切鸡,2
1750,木耳炒肉,1
1750,西红柿鸡蛋汤,3
1750,青椒土豆丝,3
1751,韭菜炒鸡蛋,5
1751,红烧排骨,1
1752,酸辣土豆丝,4
1752,木耳炒肉,2
1752,糖醋里脊,3
1752,韭菜炒鸡蛋,1
1752,干煸豆角,1
1752,地三鲜,3
1752,青椒土豆丝,5
1752,紫菜蛋花汤,3
1752,冬瓜排骨汤,4
1752,手撕包菜,1
1752,鱼香肉丝,4
1752,水煮鱼,2
1752,京酱肉丝,1
1752,番茄炒蛋,3
1753,麻婆豆腐,3
1753,蚝油生菜,1
1753,酸辣土豆丝,2
1753,酸菜鱼,3
1753,水煮鱼,5
1753,糖醋里脊,4
1753,青椒土豆丝,4
1753,干煸豆角,3
1753,红烧肉,2
1753,鱼香肉丝,2
1753,红烧排骨,5
1753,京酱肉丝,1
1753,干锅菜花,2
1753,手撕包菜,4
1753,宫保鸡丁,2
1753,葱爆羊肉,5
1753,土豆烧牛肉,3
1753,辣子鸡,4
1753,紫菜蛋花汤,3
1753,韭菜炒鸡蛋,2
1753,烧茄子,2
1753,冬瓜排骨汤,5
1754,红烧排骨,1
1754,酸菜鱼,1
1754,冬瓜排骨汤,1
1754,蒜蓉西兰花,5
1755,水煮鱼,4
1755,京酱肉丝,5
1755,红烧肉,2
1755,干煸豆角,1
1755,西红柿鸡蛋汤,3
1755,香菇青菜,4
1755,地三鲜,3
1755,宫保鸡丁,1
1755,麻婆豆腐,1
1755,辣子鸡,2
1756,回锅肉,2
1756,手撕包菜,2
1756,烧茄子,2
1756,地三鲜,1
1756,木耳炒肉,1
1756,蒜蓉西兰花,4
1756,韭菜炒鸡蛋,3
1756,干煸豆角,1
1756,辣子鸡,5
1756,京酱肉丝,5
1756,酸辣土豆丝,5
1756,番茄炒蛋,5
1756,宫保鸡丁,1
1756,水煮鱼,4
1756,西红柿鸡蛋汤,1
1756,冬瓜排骨汤,5
1756,酸菜鱼,1
1756,白切鸡,4
1756,鱼香肉丝,3
1757,干锅菜花,1
1757,酸菜鱼,5
1758,京酱肉丝,1
1758,木耳炒肉,3
1758,干锅菜花,4
1758,香菇青菜,1
1758,烧茄子,4
1758,地三鲜,2
1759,红烧肉,1
1759,干煸豆角,2
1759,烧茄子,4
1759,蒜蓉西兰花,3
1759,冬瓜排骨汤,2
1759,辣子鸡,3
1759,糖醋里脊,4
1759,白切鸡,4
1759,西红柿鸡蛋汤,3
1759,葱爆羊肉,1
1759,地三鲜,3
1759,蚝油生菜,3
1759,土豆烧牛肉,2
1759,香菇青菜,4
1759,番茄炒蛋,1
1759,鱼香肉丝,5
1759,麻婆豆腐,4
1759,干锅菜花,3
1759,紫菜蛋花汤,3
1759,回锅肉,2
1759,青椒土豆丝,1
1759,宫保鸡丁,3
1760,红烧排骨,5
1760,地三鲜,3
1760,西红柿鸡蛋汤,3
1760,鱼香肉丝,4
1760,土豆烧牛肉,2
1760,宫保鸡丁,3
1760,手撕包菜,4
1760,红烧肉,3
1760,烧茄子,2
1760,白切鸡,4
1760,木耳炒肉,2
1760,葱爆羊肉,5
1761,糖醋里脊,2
1761,葱爆羊肉,3
1761,烧茄子,3
1761,麻婆豆腐,1
1761,宫保鸡丁,5
1761,白切鸡,1
1761,鱼香肉丝,3
1761,红烧排骨,4
1761,蒜蓉西兰花,3
1762,宫保鸡丁,3
1762,红烧肉,2
1762,木耳炒肉,3
1762,糖醋里脊,3
1762,葱爆羊肉,2
1762,鱼香肉丝,1
1762,干锅菜花,2
1762,辣子鸡,3
1762,水煮鱼,1
1762,香菇青菜,4
1762,紫菜蛋花汤,4
1762,蚝油生菜,2
1762,手撕包菜,2
1762,番茄炒蛋,5
1762,蒜蓉西兰花,1
1763,地三鲜,4
1763,辣子鸡,2
1763,麻婆豆腐,5
1763,香菇青菜,2
1763,紫菜蛋花汤,2
1763,回锅肉,5
1763,干煸豆角,4
1763,宫保鸡丁,5
1763,水煮鱼,1
1763,京酱肉丝,1
1763,青椒土豆丝,5
1763,干锅菜花,2
1763,韭菜炒鸡蛋,5
1763,蚝油生菜,4
1763,手撕包菜,3
1763,木耳炒肉,4
1763,冬瓜排骨汤,1
1763,红烧排骨,2
1763,土豆烧牛肉,1
1764,木耳炒肉,5
1764,京酱肉丝,2
1764,辣子鸡,3
1764,西红柿鸡蛋汤,4
1764,回锅肉,1
1764,酸辣土豆丝,5
1764,葱爆羊肉,5
1764,香菇青菜,2
1764,紫菜蛋花汤,5
1764,蚝油生菜,4
1764,干锅菜花,1
1764,土豆烧牛肉,1
1764,地三鲜,2
1764,干煸豆角,5
1764,番茄炒蛋,3
1764,韭菜炒鸡蛋,3
1764,鱼香肉丝,1
1764,烧茄子,3
1764,红烧肉,2
1764,白切鸡,5
1764,手撕包菜,2
1764,宫保鸡丁,3
1764,红烧排骨,3
1764,蒜蓉西兰花,2
1764,青椒土豆丝,1
1764,酸菜鱼,2
1765,紫菜蛋花汤,4
1765,干煸豆角,3
1765,冬瓜排骨汤,5
1765,酸辣土豆丝,1
1765,土豆烧牛肉,5
1765,手撕包菜,1
1766,木耳炒肉,1
1766,红烧排骨,4
1766,蚝油生菜,4
1766,蒜蓉西兰花,4
1766,宫保鸡丁,4
1766,手撕包菜,5
1766,地三鲜,2
1766,番茄炒蛋,1
1766,紫菜蛋花汤,5
1766,糖醋里脊,1
1766,白切鸡,1
1766,冬瓜排骨汤,3
1766,酸菜鱼,1
1766,烧茄子,4
1766,鱼香肉丝,1
1766,干煸豆角,5
1766,青椒土豆丝,4
1766,水煮鱼,1
1766,香菇青菜,5
1766,土豆烧牛肉,3
1766,回锅肉,4
1766,京酱肉丝,3
1766,酸辣土豆丝,3
1766,西红柿鸡蛋汤,3
1766,红烧肉,3
1766,韭菜炒鸡蛋,1
1766,麻婆豆腐,4
1766,葱爆羊肉,5
1767,西红柿鸡蛋汤,4
1767,辣子鸡,4
1767,青椒土豆丝,4
1767,蒜蓉西兰花,2
1768,烧茄子,4
1768,辣子鸡,2
1768,青椒土豆丝,2
1768,水煮鱼,4
1768,手撕包菜,2
1768,韭菜炒鸡蛋,2
1768,紫菜蛋花汤,3
1768,酸菜鱼,2
1768,地三鲜,4
1768,葱爆羊肉,1
1768,香菇青菜,2
1768,酸辣土豆丝,5
1768,蚝油生菜,1
1768,干锅菜花,5
1768,番茄炒蛋,1
1768,西红柿鸡蛋汤,3
1768,糖醋里脊,4
1768,麻婆豆腐,4
1769,酸菜鱼,4
1769,干煸豆角,1
1769,蚝油生菜,3
1769,水煮鱼,1
1769,回锅肉,5
1769,麻婆豆腐,1
1769,西红柿鸡蛋汤,4
1769,青椒土豆丝,1
1769,辣子鸡,2
1769,糖醋里脊,3
1769,鱼香肉丝,2
1769,干锅菜花,2
1769,京酱肉丝,4
1769,蒜蓉西兰花,2
1769,韭菜炒鸡蛋,4
1769,手撕包菜,3
1769,酸辣土豆丝,2
1769,土豆烧牛肉,4
1769,冬瓜排骨汤,2
1769,香菇青菜,5
1769,烧茄子,1
1769,地三鲜,1
1769,宫保鸡丁,2
1769,番茄炒蛋,1
1769,葱爆羊肉,5
1770,糖醋里脊,4
1770,辣子鸡,5
1770,麻婆豆腐,2
1770,紫菜蛋花汤,4
1770,地三鲜,1
1770,干煸豆角,1
1770,香菇青菜,1
1770,韭菜炒鸡蛋,3
1770,水煮鱼,4
1771,紫菜蛋花汤,1
1771,西红柿鸡蛋汤,3
1771,番茄炒蛋,3
1771,鱼香肉丝,3
1771,干锅菜花,4
1771,糖醋里脊,3
1771,回锅肉,4
1771,蚝油生菜,2
1771,土豆烧牛肉,1
1771,香菇青菜,1
1771,青椒土豆丝,4
1771,地三鲜,5
1771,辣子鸡,5
1772,红烧排骨,5
1772,番茄炒蛋,3
1772,京酱肉丝,2
1772,冬瓜排骨汤,5
1772,青椒土豆丝,2
1772,香菇青菜,1
1772,烧茄子,1
1772,鱼香肉丝,3
1772,韭菜炒鸡蛋,5
1772,土豆烧牛肉,3
1772,蒜蓉西兰花,4
1773,酸辣土豆丝,4
1773,西红柿鸡蛋汤,2
1773,水煮鱼,5
1773,京酱肉丝,5
1773,地三鲜,2
1773,葱爆羊肉,4
1773,鱼香肉丝,1
1773,蒜蓉西兰花,4
1773,韭菜炒鸡蛋,2
1773,宫保鸡丁,3
1773,回锅肉,4
1773,麻婆豆腐,1
1773,干煸豆角,5
1773,烧茄子,4
1773,红烧肉,2
1773,香菇青菜,4
1773,干锅菜花,2
1774,回锅肉,1
1774,红烧排骨,5
1774,糖醋里脊,1
1775,干锅菜花,5
1775,红烧肉,1
1775,手撕包菜,3
1775,西红柿鸡蛋汤,3
1775,红烧排骨,1
1775,酸辣土豆丝,2
1775,糖醋里脊,1
1776,西红柿鸡蛋汤,2
1776,烧茄子,2
1776,蒜蓉西兰花,4
1776,蚝油生菜,2
1776,酸辣土豆丝,2
1776,青椒土豆丝,4
1776,回锅肉,5
1776,红烧排骨,1
1776,水煮鱼,5
1776,紫菜蛋花汤,1
1776,麻婆豆腐,3
1776,京酱肉丝,3
1776,辣子鸡,2
1776,香菇青菜,5
1776,葱爆羊肉,2
1776,红烧肉,3
1776,土豆烧牛肉,5
1776,白切鸡,5
1776,地三鲜,2
1776,手撕包菜,1
1776,干煸豆角,2
1776,木耳炒肉,1
1776,糖醋里脊,2
1776,干锅菜花,4
1776,鱼香肉丝,4
1777,葱爆羊肉,2
1777,宫保鸡丁,2
1777,烧茄子,5
1778,麻婆豆腐,4
1778,酸辣土豆丝,3
1778,香菇青菜,5
1778,手撕包菜,1
1778,蒜蓉西兰花,4
1778,干锅菜花,2
1778,京酱肉丝,4
1778,鱼香肉丝,3
1778,红烧肉,5
1778,蚝油生菜,5
1779,鱼香肉丝,1
1779,酸菜鱼,2
1779,韭菜炒鸡蛋,5
1780,葱爆羊肉,1
1780,香菇青菜,2
1780,土豆烧牛肉,5
1781,干煸豆角,5
1781,青椒土豆丝,1
1781,干锅菜花,3
1781,白切鸡,4
1781,烧茄子,5
1781,西红柿鸡蛋汤,3
1781,木耳炒肉,2
1781,蚝油生菜,5
1781,土豆烧牛肉,3
1781,酸菜鱼,2
1781,红烧排骨,4
1781,手撕包菜,5
1781,宫保鸡丁,5
1781,红烧肉,2
1781,番茄炒蛋,2
1781,京酱肉丝,2
1781,酸辣土豆丝,1
1782,番茄炒蛋,4
1782,烧茄子,5
1782,辣子鸡,1
1782,木耳炒肉,1
1782,蒜蓉西兰花,5
1782,葱爆羊肉,3
1782,水煮鱼,4
1782,干煸豆角,4
1782,麻婆豆腐,1
1782,酸菜鱼,1
1782,手撕包菜,3
1782,紫菜蛋花汤,1
1782,青椒土豆丝,2
1782,宫保鸡丁,5
1782,京酱肉丝,1
1783,辣子鸡,3
1783,干锅菜花,5
1783,水煮鱼,4
1783,番茄炒蛋,3
1783,宫保鸡丁,5
1783,土豆烧牛肉,3
1783,糖醋里脊,4
1783,葱爆羊肉,2
1783,红烧肉,2
1784,干锅菜花,4
1784,土豆烧牛肉,3
1784,烧茄子,4
1784,西红柿鸡蛋汤,3
1784,葱爆羊肉,1
1784,韭菜炒鸡蛋,4
1784,麻婆豆腐,5
1784,香菇青菜,5
1784,青椒土豆丝,3
1784,红烧肉,2
1784,紫菜蛋花汤,4
1784,白切鸡,4
1784,蚝油生菜,2
1784,鱼香肉丝,2
1784,木耳炒肉,4
1784,京酱肉丝,3
1784,水煮鱼,4
1784,辣子鸡,1
1784,酸菜鱼,5
1784,地三鲜,3
1784,番茄炒蛋,3
1784,宫保鸡丁,2
1784,手撕包菜,3
1784,干煸豆角,4
1784,冬瓜排骨汤,4
1784,红烧排骨,4
1784,蒜蓉西兰花,4
1785,蒜蓉西兰花,1
1785,地三鲜,2
1785,红烧排骨,3
1785,红烧肉,4
1785,韭菜炒鸡蛋,4
1785,白切鸡,1
1785,回锅肉,2
1785,酸菜鱼,1
1785,紫菜蛋花汤,4
1785,青椒土豆丝,5
1785,葱爆羊肉,2
1785,麻婆豆腐,5
1785,土豆烧牛肉,3
1785,干煸豆角,5
1785,糖醋里脊,5
1785,烧茄子,5
1785,木耳炒肉,1
1785,手撕包菜,4
1785,酸辣土豆丝,1
1785,辣子鸡,1
1785,冬瓜排骨汤,2
1785,水煮鱼,4
1785,香菇青菜,4
1785,鱼香肉丝,2
1785,蚝油生菜,2
1785,宫保鸡丁,5
1785,番茄炒蛋,3
1785,京酱肉丝,1
1785,西红柿鸡蛋汤,2
1786,蚝油生菜,5
1786,蒜蓉西兰花,2
1786,木耳炒肉,1
1786,酸辣土豆丝,2
1786,鱼香肉丝,2
1786,辣子鸡,5
1786,糖醋里脊,3
1786,香菇青菜,1
1786,回锅肉,2
1786,麻婆豆腐,4
1786,番茄炒蛋,3
1786,葱爆羊肉,5
1786,土豆烧牛肉,3
1786,紫菜蛋花汤,2
1786,京酱肉丝,3
1786,白切鸡,1
1786,干锅菜花,1
1786,宫保鸡丁,4
1786,西红柿鸡蛋汤,3
1786,干煸豆角,4
1786,冬瓜排骨汤,3
1786,韭菜炒鸡蛋,3
1786,青椒土豆丝,3
1786,地三鲜,4
1786,水煮鱼,3
1786,红烧肉,5
1786,酸菜鱼,4
1787,烧茄子,4
1787,红烧肉,1
1787,土豆烧牛肉,3
1787,麻婆豆腐,4
1787,鱼香肉丝,1
1787,干煸豆角,3
1787,手撕包菜,3
1788,糖醋里脊,1
1788,蒜蓉西兰花,3
1788,韭菜炒鸡蛋,2
1788,烧茄子,1
1788,手撕包菜,4
1788,辣子鸡,4
1788,水煮鱼,4
1788,宫保鸡丁,1
1788,红烧排骨,2
1788,京酱肉丝,3
1788,鱼香肉丝,3
1788,白切鸡,3
1788,葱爆羊肉,4
1788,木耳炒肉,5
1788,酸辣土豆丝,4
1788,紫菜蛋花汤,5
1789,蒜蓉西兰花,2
1789,麻婆豆腐,2
1789,辣子鸡,4
1790,白切鸡,4
1790,干锅菜花,4
1790,酸菜鱼,1
1790,西红柿鸡蛋汤,5
1790,冬瓜排骨汤,1
1790,地三鲜,5
1790,回锅肉,4
1790,京酱肉丝,3
1790,鱼香肉丝,5
1790,韭菜炒鸡蛋,5
1790,土豆烧牛肉,1
1790,糖醋里脊,3
1790,酸辣土豆丝,1
1790,番茄炒蛋,3
1790,葱爆羊肉,1
1790,干煸豆角,2
1790,蒜蓉西兰花,4
1790,水煮鱼,2
1790,烧茄子,3
1790,紫菜蛋花汤,5
1790,蚝油生菜,4
1790,麻婆豆腐,3
1790,红烧肉,3
1790,青椒土豆丝,1
1790,香菇青菜,2
1790,红烧排骨,4
1790,手撕包菜,1
1790,辣子鸡,5
1791,青椒土豆丝,2
1791,冬瓜排骨汤,3
1791,干锅菜花,4
1791,白切鸡,4
1791,宫保鸡丁,5
1791,番茄炒蛋,4
1791,手撕包菜,2
1791,烧茄子,2
1791,木耳炒肉,1
1791,糖醋里脊,4
1791,鱼香肉丝,2
1791,辣子鸡,4
1791,红烧排骨,3
1791,韭菜炒鸡蛋,4
1791,麻婆豆腐,5
1791,酸菜鱼,2
1791,香菇青菜,4
1791,蚝油生菜,1
1791,水煮鱼,3
1791,红烧肉,1
1791,酸辣土豆丝,1
1791,土豆烧牛肉,3
1791,紫菜蛋花汤,1
1791,西红柿鸡蛋汤,2
1791,蒜蓉西兰花,4
1791,回锅肉,4
1791,干煸豆角,4
1791,地三鲜,4
1791,京酱肉丝,4
1792,白切鸡,5
1792,地三鲜,4
1792,蚝油生菜,4
1792,红烧排骨,3
1792,干煸豆角,3
1792,韭菜炒鸡蛋,4
1792,烧茄子,5
1792,糖醋里脊,1
1792,红烧肉,2
1792,冬瓜排骨汤,1
1792,回锅肉,5
1792,京酱肉丝,3
1792,香菇青菜,3
1792,手撕包菜,3
1792,干锅菜花,1
1792,宫保鸡丁,2
1793,韭菜炒鸡蛋,4
1793,白切鸡,4
1793,紫菜蛋花汤,3
1793,回锅肉,5
1793,辣子鸡,5
1793,糖醋里脊,4
1793,土豆烧牛肉,5
1793,蒜蓉西兰花,5
1793,红烧肉,5
1793,京酱肉丝,4
1793,红烧排骨,5
1793,干锅菜花,1
1793,烧茄子,5
1793,木耳炒肉,4
1793,水煮鱼,5
1793,香菇青菜,4
1793,酸菜鱼,2
1793,手撕包菜,5
1794,辣子鸡,2
1794,水煮鱼,3
1794,土豆烧牛肉,5
1795,酸辣土豆丝,5
1795,西红柿鸡蛋汤,3
1796,宫保鸡丁,5
1796,干煸豆角,4
1796,辣子鸡,1
1796,蚝油生菜,1
1796,冬瓜排骨汤,5
1796,回锅肉,3
1796,干锅菜花,3
1796,手撕包菜,4
1796,番茄炒蛋,2
1796,酸辣土豆丝,5
1796,紫菜蛋花汤,4
1796,烧茄子,3
1796,红烧肉,1
1796,地三鲜,4
1796,木耳炒肉,3
1796,土豆烧牛肉,1
1796,西红柿鸡蛋汤,5
1796,蒜蓉西兰花,2
1796,麻婆豆腐,5
1796,青椒土豆丝,1
1797,京酱肉丝,2
1797,蚝油生菜,3
1797,鱼香肉丝,4
1797,青椒土豆丝,5
1797,干锅菜花,5
1797,土豆烧牛肉,5
1797,番茄炒蛋,1
1797,手撕包菜,1
1797,冬瓜排骨汤,5
1798,烧茄子,2
1798,地三鲜,1
1798,土豆烧牛肉,4
1798,香菇青菜,4
1798,木耳炒肉,1
1798,干锅菜花,5
1798,鱼香肉丝,4
1798,蚝油生菜,2
1798,西红柿鸡蛋汤,4
1798,酸辣土豆丝,4
1798,水煮鱼,4
1798,糖醋里脊,5
1798,红烧排骨,4
1798,番茄炒蛋,1
1798,酸菜鱼,4
1798,冬瓜排骨汤,2
1798,青椒土豆丝,2
1798,辣子鸡,5
1798,葱爆羊肉,4
1798,红烧肉,2
1798,手撕包菜,5
1799,青椒土豆丝,4
1799,鱼香肉丝,2
1799,糖醋里脊,3
1799,红烧肉,5
1800,葱爆羊肉,3
1800,辣子鸡,2
1800,鱼香肉丝,3
1800,白切鸡,5
1800,回锅肉,3
1800,京酱肉丝,3
1800,手撕包菜,1
1800,地三鲜,2
1800,蚝油生菜,1
1800,红烧排骨,4
1800,香菇青菜,4
1800,干锅菜花,2
1800,冬瓜排骨汤,1
1800,酸菜鱼,5
1800,青椒土豆丝,1
1800,糖醋里脊,1
1800,红烧肉,2
1801,蒜蓉西兰花,1
1801,白切鸡,5
1801,青椒土豆丝,2
1801,回锅肉,2
1801,紫菜蛋花汤,2
1801,番茄炒蛋,1
1801,土豆烧牛肉,3
1801,鱼香肉丝,2
1801,韭菜炒鸡蛋,3
1801,红烧排骨,1
1801,手撕包菜,3
1801,干煸豆角,1
1801,地三鲜,3
1801,冬瓜排骨汤,4
1801,京酱肉丝,3
1801,西红柿鸡蛋汤,5
1801,烧茄子,3
1801,红烧肉,2
1801,酸菜鱼,4
1801,干锅菜花,4
1801,糖醋里脊,5
1801,木耳炒肉,4
1801,辣子鸡,1
1801,香菇青菜,2
1801,水煮鱼,4
1801,蚝油生菜,4
1801,葱爆羊肉,5
1801,酸辣土豆丝,2
1802,青椒土豆丝,1
1802,紫菜蛋花汤,1
1802,西红柿鸡蛋汤,2
1802,木耳炒肉,1
1802,酸菜鱼,5
1802,葱爆羊肉,3
1802,白切鸡,1
1802,辣子鸡,4
1802,红烧肉,2
1802,鱼香肉丝,2
1802,麻婆豆腐,4
1802,土豆烧牛肉,3
1802,回锅肉,2
1802,红烧排骨,2
1802,蚝油生菜,3
1802,冬瓜排骨汤,4
1802,糖醋里脊,3
1802,手撕包菜,3
1802,宫保鸡丁,3
1802,京酱肉丝,4
1802,酸辣土豆丝,1
1802,番茄炒蛋,2
1802,烧茄子,1
1802,蒜蓉西兰花,2
1802,水煮鱼,5
1802,韭菜炒鸡蛋,3
1803,葱爆羊肉,2
1803,干锅菜花,3
1803,干煸豆角,4
1803,番茄炒蛋,2
1803,紫菜蛋花汤,5
1803,回锅肉,4
1803,辣子鸡,1
1803,冬瓜排骨汤,4
1803,宫保鸡丁,5
1803,麻婆豆腐,1
1803,白切鸡,2
1803,蒜蓉西兰花,5
1803,木耳炒肉,3
1803,红烧排骨,4
1803,水煮鱼,3
1803,西红柿鸡蛋汤,1
1803,红烧肉,2
1803,酸菜鱼,3
1803,香菇青菜,1
1803,土豆烧牛肉,4
1803,地三鲜,3
1803,京酱肉丝,5
1803,蚝油生菜,1
1803,糖醋里脊,5
1804,酸辣土豆丝,4
1804,酸菜鱼,2
1804,鱼香肉丝,3
1804,地三鲜,2
1804,韭菜炒鸡蛋,1
1804,土豆烧牛肉,2
1804,红烧肉,1
1804,干煸豆角,3
1804,回锅肉,5
1804,宫保鸡丁,3
1804,木耳炒肉,4
1804,西红柿鸡蛋汤,3
1804,蚝油生菜,2
1804,葱爆羊肉,5
1804,白切鸡,3
1804,烧茄子,3
1804,麻婆豆腐,2
1804,冬瓜排骨汤,5
1804,糖醋里脊,1
1804,辣子鸡,3
1804,京酱肉丝,3
1804,香菇青菜,1
1804,干锅菜花,1
1804,红烧排骨,5
1804,紫菜蛋花汤,2
1804,蒜蓉西兰花,2
1804,水煮鱼,1
1804,手撕包菜,5
1805,紫菜蛋花汤,1
1805,宫保鸡丁,2
1805,香菇青菜,3
1805,土豆烧牛肉,2
1805,冬瓜排骨汤,2
1805,青椒土豆丝,5
1805,鱼香肉丝,2
1805,酸菜鱼,4
1805,干煸豆角,2
1805,糖醋里脊,1
1805,红烧排骨,3
1805,酸辣土豆丝,3
1806,韭菜炒鸡蛋,5
1806,地三鲜,3
1806,紫菜蛋花汤,1
1806,西红柿鸡蛋汤,5
1806,酸辣土豆丝,5
1806,京酱肉丝,5
1806,红烧肉,3
1806,蒜蓉西兰花,4
1806,辣子鸡,5
1806,白切鸡,4
1806,香菇青菜,5
1806,木耳炒肉,2
1806,手撕包菜,5
1806,红烧排骨,1
1806,干锅菜花,5
1806,回锅肉,3
1806,冬瓜排骨汤,4
1806,水煮鱼,2
1806,土豆烧牛肉,5
1806,干煸豆角,2
1806,葱爆羊肉,5
1806,蚝油生菜,4
1806,酸菜鱼,5
1806,鱼香肉丝,2
1806,糖醋里脊,1
1807,冬瓜排骨汤,4
1807,麻婆豆腐,1
1807,土豆烧牛肉,2
1807,白切鸡,2
1807,紫菜蛋花汤,4
1807,葱爆羊肉,1
1807,地三鲜,5
1807,烧茄子,5
1807,韭菜炒鸡蛋,4
1807,红烧排骨,3
1807,蒜蓉西兰花,5
1807,辣子鸡,4
1807,京酱肉丝,3
1807,鱼香肉丝,1
1807,干锅菜花,5
1807,蚝油生菜,5
1807,红烧肉,1
1807,番茄炒蛋,2
1807,糖醋里脊,1
1807,西红柿鸡蛋汤,4
1807,香菇青菜,3
1807,酸辣土豆丝,2
1808,回锅肉,5
1808,京酱肉丝,1
1809,干锅菜花,1
1809,辣子鸡,1
1809,糖醋里脊,2
1809,红烧排骨,1
1809,鱼香肉丝,2
1809,烧茄子,4
1809,京酱肉丝,4
1809,回锅肉,2
1809,土豆烧牛肉,5
1809,韭菜炒鸡蛋,1
1809,香菇青菜,4
1809,白切鸡,5
1809,冬瓜排骨汤,3
1809,番茄炒蛋,2
1809,宫保鸡丁,4
1809,麻婆豆腐,1
1809,红烧肉,4
1809,酸菜鱼,4
1809,葱爆羊肉,4
1809,地三鲜,3
1809,蚝油生菜,4
1809,青椒土豆丝,1
1809,水煮鱼,1
1809,蒜蓉西兰花,4
1809,西红柿鸡蛋汤,5
1809,酸辣土豆丝,2
1809,手撕包菜,3
1809,干煸豆角,2
1809,紫菜蛋花汤,4
1810,葱爆羊肉,1
1810,地三鲜,1
1810,红烧肉,4
1810,韭菜炒鸡蛋,1
1810,木耳炒肉,5
1810,鱼香肉丝,2
1810,土豆烧牛肉,2
1810,青椒土豆丝,1
1810,水煮鱼,3
1810,糖醋里脊,2
1810,手撕包菜,5
1811,宫保鸡丁,4
1811,木耳炒肉,3
1812,蚝油生菜,4
1812,酸辣土豆丝,3
1812,京酱肉丝,2
1813,土豆烧牛肉,1
1813,京酱肉丝,3
1814,土豆烧牛肉,4
1814,冬瓜排骨汤,4
1814,干煸豆角,2
1814,青椒土豆丝,2
1814,水煮鱼,2
1815,辣子鸡,1
1815,京酱肉丝,4
1815,木耳炒肉,2
1815,酸辣土豆丝,5
1815,回锅肉,1
1815,蚝油生菜,5
1815,香菇青菜,3
1815,水煮鱼,4
1815,宫保鸡丁,5
1815,西红柿鸡蛋汤,5
1815,干煸豆角,1
1815,烧茄子,1
1815,白切鸡,1
1815,葱爆羊肉,4
1815,干锅菜花,1
1815,酸菜鱼,3
1815,韭菜炒鸡蛋,4
1815,青椒土豆丝,3
1815,红烧排骨,4
1815,手撕包菜,4
1815,冬瓜排骨汤,3
1815,麻婆豆腐,5
1815,土豆烧牛肉,3
1815,紫菜蛋花汤,4
1815,鱼香肉丝,3
1815,红烧肉,4
1815,番茄炒蛋,5
1815,蒜蓉西兰花,1
1816,青椒土豆丝,2
1816,蚝油生菜,2
1816,酸辣土豆丝,3
1816,紫菜蛋花汤,2
1816,京酱肉丝,1
1816,烧茄子,3
1816,干锅菜花,5
1816,酸菜鱼,5
1816,手撕包菜,2
1816,红烧排骨,1
1816,回锅肉,4
1816,香菇青菜,1
1816,麻婆豆腐,1
1816,鱼香肉丝,1
1816,糖醋里脊,2
1816,地三鲜,4
1816,葱爆羊肉,4
1816,木耳炒肉,3
1816,白切鸡,3
1816,红烧肉,3
1816,冬瓜排骨汤,4
1816,干煸豆角,3
1816,番茄炒蛋,2
1816,宫保鸡丁,5
1816,辣子鸡,4
1816,蒜蓉西兰花,3
1816,韭菜炒鸡蛋,1
1816,西红柿鸡蛋汤,4
1816,土豆烧牛肉,2
1817,红烧肉,4
1817,酸菜鱼,2
1817,麻婆豆腐,2
1817,水煮鱼,1
1817,香菇青菜,5
1817,紫菜蛋花汤,1
1817,烧茄子,3
1817,糖醋里脊,5
1817,宫保鸡丁,1
1817,韭菜炒鸡蛋,5
1817,地三鲜,5
1817,蒜蓉西兰花,4
1817,番茄炒蛋,1
1817,冬瓜排骨汤,1
1817,蚝油生菜,2
1817,京酱肉丝,3
1817,红烧排骨,5
1818,辣子鸡,3
1819,西红柿鸡蛋汤,4
1819,青椒土豆丝,2
1819,宫保鸡丁,3
1819,京酱肉丝,2
1819,酸菜鱼,1
1819,干煸豆角,3
1819,干锅菜花,2
1819,香菇青菜,4
1819,红烧肉,4
1819,麻婆豆腐,2
1819,水煮鱼,4
1819,手撕包菜,1
1819,酸辣土豆丝,1
1819,白切鸡,1
1819,木耳炒肉,4
1819,回锅肉,1
1819,冬瓜排骨汤,4
1819,鱼香肉丝,5
1819,辣子鸡,4
1819,土豆烧牛肉,5
1819,葱爆羊肉,4
1819,紫菜蛋花汤,3
1819,糖醋里脊,4
1820,木耳炒肉,5
1820,辣子鸡,5
1820,水煮鱼,4
1820,西红柿鸡蛋汤,4
1820,香菇青菜,2
1820,青椒土豆丝,5
1820,地三鲜,3
1820,白切鸡,1
1820,紫菜蛋花汤,4
1820,葱爆羊肉,4
1820,土豆烧牛肉,1
1820,红烧排骨,2
1820,酸菜鱼,2
1820,糖醋里脊,2
1820,干锅菜花,4
1820,红烧肉,1
1820,麻婆豆腐,1
1820,番茄炒蛋,3
1820,烧茄子,1
1820,京酱肉丝,5
1820,手撕包菜,3
1820,干煸豆角,1
1820,蒜蓉西兰花,4
1820,蚝油生菜,1
1821,烧茄子,1
1821,手撕包菜,3
1821,水煮鱼,4
1821,白切鸡,4
1821,木耳炒肉,2
1821,京酱肉丝,3
1821,酸辣土豆丝,5
1821,干煸豆角,4
1821,紫菜蛋花汤,1
1821,青椒土豆丝,1
1821,红烧肉,3
1821,韭菜炒鸡蛋,5
1822,地三鲜,1
1822,干煸豆角,2
1822,西红柿鸡蛋汤,1
1822,烧茄子,5
1822,青椒土豆丝,5
1822,蚝油生菜,1
1822,蒜蓉西兰花,3
1822,辣子鸡,1
1822,麻婆豆腐,5
1822,京酱肉丝,2
1822,红烧肉,3
1822,红烧排骨,2
1822,鱼香肉丝,3
1822,葱爆羊肉,5
1822,番茄炒蛋,2
1822,回锅肉,4
1822,紫菜蛋花汤,2
1822,木耳炒肉,3
1822,干锅菜花,4
1822,宫保鸡丁,5
1822,香菇青菜,1
1822,糖醋里脊,5
1822,酸辣土豆丝,4
1823,白切鸡,5
1823,烧茄子,4
1823,手撕包菜,3
1823,青椒土豆丝,2
1823,辣子鸡,1
1823,香菇青菜,5
1823,红烧肉,4
1823,蚝油生菜,3
1823,回锅肉,4
1823,水煮鱼,3
1823,葱爆羊肉,2
1823,干锅菜花,5
1823,京酱肉丝,2
1823,酸辣土豆丝,2
1823,西红柿鸡蛋汤,4
1824,青椒土豆丝,3
1824,酸辣土豆丝,3
1824,辣子鸡,5
1824,蒜蓉西兰花,2
1824,香菇青菜,4
1824,鱼香肉丝,2
1824,白切鸡,4
1824,烧茄子,4
1824,番茄炒蛋,2
1824,红烧排骨,2
1824,酸菜鱼,1
1824,水煮鱼,2
1824,葱爆羊肉,3
1824,干煸豆角,5
1824,宫保鸡丁,1
1824,回锅肉,2
1824,红烧肉,5
1825,京酱肉丝,2
1825,紫菜蛋花汤,3
1825,青椒土豆丝,4
1825,回锅肉,5
1825,鱼香肉丝,4
1825,木耳炒肉,5
1825,水煮鱼,3
1825,白切鸡,1
1825,干锅菜花,4
1825,手撕包菜,5
1825,烧茄子,2
1825,干煸豆角,1
1825,葱爆羊肉,4
1825,酸菜鱼,3
1825,番茄炒蛋,1
1826,水煮鱼,1
1826,青椒土豆丝,3
1826,地三鲜,4
1826,韭菜炒鸡蛋,3
1826,干煸豆角,3
1826,红烧肉,5
1826,烧茄子,1
1826,土豆烧牛肉,4
1826,辣子鸡,4
1826,酸菜鱼,4
1826,回锅肉,3
1826,干锅菜花,5
1826,鱼香肉丝,4
1826,酸辣土豆丝,5
1826,木耳炒肉,3
1827,青椒土豆丝,2
1827,土豆烧牛肉,4
1827,干煸豆角,4
1827,水煮鱼,1
1828,土豆烧牛肉,5
1828,手撕包菜,5
1828,青椒土豆丝,1
1828,糖醋里脊,4
1828,地三鲜,1
1828,白切鸡,2
1828,辣子鸡,3
1828,紫菜蛋花汤,2
1828,番茄炒蛋,3
1828,烧茄子,1
1828,红烧肉,4
1828,回锅肉,4
1828,蚝油生菜,3
1828,西红柿鸡蛋汤,3
1828,酸辣土豆丝,4
1828,葱爆羊肉,1
1829,回锅肉,1
1829,水煮鱼,2
1829,西红柿鸡蛋汤,4
1829,烧茄子,4
1829,手撕包菜,1
1829,红烧排骨,2
1829,木耳炒肉,4
1829,冬瓜排骨汤,4
1829,宫保鸡丁,1
1829,酸辣土豆丝,3
1829,韭菜炒鸡蛋,4
1829,辣子鸡,5
1829,干锅菜花,3
1829,青椒土豆丝,2
1829,麻婆豆腐,5
1829,酸菜鱼,1
1829,香菇青菜,5
1829,蚝油生菜,1
1829,紫菜蛋花汤,4
1829,土豆烧牛肉,3
1829,白切鸡,3
1829,番茄炒蛋,4
1829,红烧肉,5
1829,葱爆羊肉,3
1829,蒜蓉西兰花,1
1829,鱼香肉丝,5
1830,干煸豆角,2
1831,蚝油生菜,5
1832,酸辣土豆丝,4
1832,番茄炒蛋,3
1832,西红柿鸡蛋汤,3
1832,红烧排骨,2
1832,烧茄子,4
1832,宫保鸡丁,3
1832,京酱肉丝,5
1832,回锅肉,4
1832,水煮鱼,2
1832,白切鸡,5
1832,蚝油生菜,1
1832,紫菜蛋花汤,2
1832,酸菜鱼,2
1832,辣子鸡,5
1832,手撕包菜,4
1832,麻婆豆腐,3
1832,地三鲜,4
1832,蒜蓉西兰花,2
1832,干煸豆角,4
1832,青椒土豆丝,1
1833,土豆烧牛肉,1
1834,红烧排骨,1
1834,土豆烧牛肉,3
1834,鱼香肉丝,2
1834,干煸豆角,4
1834,水煮鱼,5
1834,蒜蓉西兰花,2
1834,西红柿鸡蛋汤,5
1834,手撕包菜,4
1834,冬瓜排骨汤,5
1834,木耳炒肉,4
1834,青椒土豆丝,2
1834,烧茄子,2
1835,紫菜蛋花汤,2
1835,手撕包菜,1
1836,麻婆豆腐,2
1836,宫保鸡丁,1
1836,冬瓜排骨汤,3
1836,土豆烧牛肉,3
1836,紫菜蛋花汤,1
1836,手撕包菜,3
1836,葱爆羊肉,1
1836,红烧排骨,5
1836,番茄炒蛋,5
1836,干煸豆角,1
1836,糖醋里脊,4
1836,韭菜炒鸡蛋,1
1836,干锅菜花,2
1836,京酱肉丝,4
1836,蒜蓉西兰花,2
1837,干煸豆角,5
1837,番茄炒蛋,5
1837,木耳炒肉,5
1837,冬瓜排骨汤,4
1837,韭菜炒鸡蛋,3
1837,白切鸡,5
1837,辣子鸡,3
1837,红烧肉,3
1837,紫菜蛋花汤,5
1837,土豆烧牛肉,1
1837,葱爆羊肉,1
1837,糖醋里脊,5
1837,酸菜鱼,2
1837,青椒土豆丝,2
1837,酸辣土豆丝,2
1837,香菇青菜,3
1837,麻婆豆腐,3
1837,地三鲜,5
1837,红烧排骨,5
1837,水煮鱼,3
1838,冬瓜排骨汤,3
1838,红烧肉,3
1838,蒜蓉西兰花,5
1838,烧茄子,4
1838,青椒土豆丝,3
1838,回锅肉,2
1838,京酱肉丝,1
1838,木耳炒肉,2
1838,糖醋里脊,5
1838,韭菜炒鸡蛋,4
1838,紫菜蛋花汤,1
1838,水煮鱼,3
1838,葱爆羊肉,5
1838,麻婆豆腐,5
1838,鱼香肉丝,1
1839,西红柿鸡蛋汤,1
1839,干煸豆角,1
1839,冬瓜排骨汤,5
1839,木耳炒肉,5
1839,白切鸡,1
1839,辣子鸡,4
1839,麻婆豆腐,2
1839,葱爆羊肉,5
1839,干锅菜花,3
1839,红烧排骨,3
1839,酸菜鱼,5
1839,番茄炒蛋,3
1839,宫保鸡丁,5
1839,烧茄子,4
1839,紫菜蛋花汤,3
1839,手撕包菜,5
1839,京酱肉丝,3
1839,回锅肉,1
1839,香菇青菜,1
1839,蚝油生菜,5
1839,土豆烧牛肉,2
1839,红烧肉,4
1839,蒜蓉西兰花,2
1839,糖醋里脊,5
1839,酸辣土豆丝,5
1839,韭菜炒鸡蛋,4
1840,酸辣土豆丝,4
1840,土豆烧牛肉,1
1840,木耳炒肉,1
1840,鱼香肉丝,5
1840,香菇青菜,4
1840,干煸豆角,3
1840,番茄炒蛋,2
1840,冬瓜排骨汤,3
1840,宫保鸡丁,4
1840,西红柿鸡蛋汤,3
1840,韭菜炒鸡蛋,2
1840,地三鲜,5
1841,酸菜鱼,3
1841,地三鲜,4
1841,木耳炒肉,5
1841,西红柿鸡蛋汤,1
1841,韭菜炒鸡蛋,5
1842,葱爆羊肉,5
1842,木耳炒肉,1
1842,白切鸡,2
1842,酸辣土豆丝,2
1842,鱼香肉丝,4
1842,蚝油生菜,2
1842,水煮鱼,3
1842,酸菜鱼,2
1842,烧茄子,3
1843,烧茄子,4
1843,干煸豆角,1
1843,辣子鸡,5
1843,蚝油生菜,3
1843,香菇青菜,4
1843,西红柿鸡蛋汤,4
1843,宫保鸡丁,2
1843,鱼香肉丝,3
1843,红烧肉,5
1843,地三鲜,4
1843,水煮鱼,4
1843,红烧排骨,3
1843,酸辣土豆丝,4
1843,京酱肉丝,4
1843,干锅菜花,2
1843,木耳炒肉,1
1843,麻婆豆腐,5
1843,手撕包菜,2
1843,紫菜蛋花汤,3
1843,蒜蓉西兰花,4
1844,干煸豆角,1
1844,土豆烧牛肉,1
1844,白切鸡,4
1844,鱼香肉丝,2
1844,水煮鱼,3
1845,干锅菜花,2
1845,辣子鸡,2
1845,烧茄子,4
1845,手撕包菜,5
1845,干煸豆角,2
1845,麻婆豆腐,5
1845,蒜蓉西兰花,4
1845,鱼香肉丝,4
1845,回锅肉,3
1845,红烧肉,4
1845,宫保鸡丁,3
1845,冬瓜排骨汤,3
1845,番茄炒蛋,3
1845,糖醋里脊,2
1845,韭菜炒鸡蛋,3
1845,土豆烧牛肉,5
1845,京酱肉丝,4
1845,西红柿鸡蛋汤,5
1845,青椒土豆丝,3
1845,紫菜蛋花汤,4
1845,地三鲜,5
1846,鱼香肉丝,5
1846,酸辣土豆丝,4
1846,葱爆羊肉,1
1846,手撕包菜,2
1846,京酱肉丝,1
1846,回锅肉,1
1846,蒜蓉西兰花,1
1846,香菇青菜,2
1846,西红柿鸡蛋汤,3
1846,番茄炒蛋,3
1846,蚝油生菜,3
1846,辣子鸡,4
1847,回锅肉,3
1847,酸菜鱼,1
1847,冬瓜排骨汤,3
1847,青椒土豆丝,4
1847,木耳炒肉,2
1847,辣子鸡,2
1847,干锅菜花,4
1847,白切鸡,1
1847,蒜蓉西兰花,4
1847,地三鲜,5
1847,红烧肉,3
1847,红烧排骨,1
1847,紫菜蛋花汤,1
1847,干煸豆角,5
1847,手撕包菜,1
1847,韭菜炒鸡蛋,5
1847,蚝油生菜,4
1847,鱼香肉丝,1
1847,酸辣土豆丝,2
1847,宫保鸡丁,5
1847,烧茄子,4
1848,冬瓜排骨汤,4
1848,地三鲜,4
1848,烧茄子,4
1848,白切鸡,3
1848,西红柿鸡蛋汤,2
1848,酸菜鱼,4
1848,红烧排骨,1
1848,回锅肉,3
1848,番茄炒蛋,5
1848,干煸豆角,5
1848,酸辣土豆丝,1
1848,蒜蓉西兰花,5
1848,水煮鱼,5
1848,糖醋里脊,3
1848,青椒土豆丝,5
1848,干锅菜花,2
1848,手撕包菜,4
1848,麻婆豆腐,1
1848,红烧肉,3
1848,宫保鸡丁,2
1848,辣子鸡,4
1848,香菇青菜,5
1848,韭菜炒鸡蛋,3
1848,紫菜蛋花汤,4
1848,鱼香肉丝,3
1848,木耳炒肉,5
1848,蚝油生菜,2
1848,土豆烧牛肉,3
1849,香菇青菜,5
1849,京酱肉丝,4
1849,韭菜炒鸡蛋,3
1849,蒜蓉西兰花,2
1849,土豆烧牛肉,1
1849,红烧排骨,4
1849,糖醋里脊,5
1849,冬瓜排骨汤,1
1849,木耳炒肉,1
1849,葱爆羊肉,3
1849,麻婆豆腐,2
1849,西红柿鸡蛋汤,1
1849,白切鸡,2
1849,干煸豆角,4
1849,紫菜蛋花汤,1
1849,手撕包菜,3
1849,青椒土豆丝,3
1849,酸辣土豆丝,4
1849,红烧肉,3
1849,番茄炒蛋,1
1849,回锅肉,2
1849,鱼香肉丝,5
1849,地三鲜,3
1849,宫保鸡丁,3
1849,辣子鸡,5
1850,土豆烧牛肉,5
1850,手撕包菜,1
1850,干锅菜花,2
1850,葱爆羊肉,1
1850,红烧排骨,4
1850,酸菜鱼,5
1850,地三鲜,2
1850,蚝油生菜,4
1850,水煮鱼,2
1850,烧茄子,1
1850,番茄炒蛋,5
1850,木耳炒肉,2
1851,红烧排骨,2
1851,辣子鸡,3
1851,水煮鱼,5
1851,番茄炒蛋,1
1851,酸辣土豆丝,2
1851,青椒土豆丝,3
1851,蚝油生菜,3
1851,回锅肉,3
1851,酸菜鱼,4
1851,紫菜蛋花汤,1
1851,木耳炒肉,1
1851,糖醋里脊,4
1852,蚝油生菜,3
1852,韭菜炒鸡蛋,1
1852,干锅菜花,3
1852,回锅肉,5
1852,手撕包菜,2
1852,糖醋里脊,5
1853,葱爆羊肉,4
1853,糖醋里脊,1
1853,红烧肉,2
1853,香菇青菜,4
1853,韭菜炒鸡蛋,2
1853,宫保鸡丁,2
1853,冬瓜排骨汤,3
1853,西红柿鸡蛋汤,4
1853,水煮鱼,3
1853,干锅菜花,1
1853,回锅肉,4
1853,手撕包菜,2
1853,酸辣土豆丝,5
1853,蒜蓉西兰花,5
1853,麻婆豆腐,4
1853,鱼香肉丝,1
1853,蚝油生菜,2
1853,烧茄子,3
1853,酸菜鱼,2
1853,青椒土豆丝,1
1853,紫菜蛋花汤,3
1853,干煸豆角,1
1853,土豆烧牛肉,3
1853,木耳炒肉,2
1853,红烧排骨,3
1853,番茄炒蛋,1
1853,辣子鸡,4
1854,烧茄子,5
1854,糖醋里脊,3
1854,干煸豆角,1
1854,京酱肉丝,3
1854,紫菜蛋花汤,3
1855,地三鲜,3
1855,番茄炒蛋,2
1855,京酱肉丝,1
1855,宫保鸡丁,4
1855,烧茄子,1
1855,手撕包菜,1
1855,红烧肉,2
1855,青椒土豆丝,5
1855,酸菜鱼,1
1855,辣子鸡,1
1855,香菇青菜,3
1855,酸辣土豆丝,3
1855,西红柿鸡蛋汤,5
1855,回锅肉,5
1855,木耳炒肉,2
1855,干锅菜花,4
1855,土豆烧牛肉,3
1855,紫菜蛋花汤,2
1856,回锅肉,4
1856,宫保鸡丁,5
1856,蒜蓉西兰花,2
1856,香菇青菜,2
1856,西红柿鸡蛋汤,3
1856,手撕包菜,3
1856,地三鲜,3
1857,青椒土豆丝,3
1857,蒜蓉西兰花,5
1857,地三鲜,4
1857,红烧排骨,5
1857,土豆烧牛肉,5
1857,麻婆豆腐,1
1857,西红柿鸡蛋汤,1
1857,红烧肉,3
1857,蚝油生菜,3
1857,回锅肉,4
1857,糖醋里脊,2
1857,木耳炒肉,2
1857,干锅菜花,5
1858,干锅菜花,5
1859,红烧肉,3
1859,京酱肉丝,5
1859,烧茄子,5
1859,西红柿鸡蛋汤,5
1859,鱼香肉丝,1
1859,红烧排骨,4
1859,干煸豆角,3
1859,辣子鸡,5
1859,蚝油生菜,4
1859,韭菜炒鸡蛋,5
1859,回锅肉,4
1859,干锅菜花,2
1859,地三鲜,2
1859,酸辣土豆丝,2
1859,水煮鱼,2
1859,青椒土豆丝,3
1859,木耳炒肉,2
1859,番茄炒蛋,1
1859,蒜蓉西兰花,3
1859,葱爆羊肉,2
1859,糖醋里脊,1
1859,冬瓜排骨汤,1
1859,酸菜鱼,4
1859,白切鸡,2
1860,麻婆豆腐,2
1860,红烧排骨,2
1860,水煮鱼,2
1860,宫保鸡丁,5
1860,葱爆羊肉,4
1860,西红柿鸡蛋汤,1
1860,香菇青菜,3
1860,冬瓜排骨汤,1
1860,青椒土豆丝,2
1860,京酱肉丝,3
1860,干煸豆角,3
1860,酸菜鱼,3
1860,紫菜蛋花汤,2
1860,土豆烧牛肉,2
1860,辣子鸡,3
1860,地三鲜,5
1860,蒜蓉西兰花,2
1860,鱼香肉丝,2
1860,蚝油生菜,3
1860,回锅肉,2
1860,糖醋里脊,1
1860,木耳炒肉,2
1860,干锅菜花,2
1861,红烧肉,2
1861,手撕包菜,3
1861,韭菜炒鸡蛋,2
1861,宫保鸡丁,2
1861,鱼香肉丝,5
1861,蚝油生菜,3
1861,水煮鱼,4
1861,糖醋里脊,1
1861,紫菜蛋花汤,4
1861,干锅菜花,4
1861,蒜蓉西兰花,2
1861,番茄炒蛋,5
1861,土豆烧牛肉,3
1861,红烧排骨,5
1861,回锅肉,3
1861,酸菜鱼,4
1861,酸辣土豆丝,4
1861,白切鸡,4
1861,西红柿鸡蛋汤,3
1861,烧茄子,1
1861,辣子鸡,5
1861,青椒土豆丝,5
1861,木耳炒肉,4
1862,红烧排骨,2
1862,地三鲜,4
1862,糖醋里脊,1
1862,京酱肉丝,2
1862,麻婆豆腐,4
1862,回锅肉,2
1862,鱼香肉丝,1
1862,土豆烧牛肉,3
1862,冬瓜排骨汤,4
1862,酸辣土豆丝,4
1862,干锅菜花,2
1862,宫保鸡丁,4
1862,紫菜蛋花汤,1
1862,木耳炒肉,4
1862,青椒土豆丝,2
1863,番茄炒蛋,3
1863,红烧排骨,2
1863,红烧肉,5
1863,辣子鸡,2
1863,酸菜鱼,1
1863,白切鸡,3
1863,干煸豆角,4
1863,土豆烧牛肉,2
1863,西红柿鸡蛋汤,5
1863,香菇青菜,2
1863,干锅菜花,2
1863,手撕包菜,2
1863,糖醋里脊,2
1863,紫菜蛋花汤,5
1864,青椒土豆丝,3
1864,糖醋里脊,2
1864,蒜蓉西兰花,2
1864,酸辣土豆丝,5
1864,蚝油生菜,2
1864,麻婆豆腐,3
1864,西红柿鸡蛋汤,3
1864,冬瓜排骨汤,4
1864,酸菜鱼,4
1864,番茄炒蛋,1
1864,烧茄子,5
1864,木耳炒肉,5
1864,干煸豆角,2
1864,鱼香肉丝,5
1864,京酱肉丝,2
1864,手撕包菜,3
1864,紫菜蛋花汤,1
1864,土豆烧牛肉,3
1864,韭菜炒鸡蛋,4
1864,辣子鸡,2
1864,红烧肉,5
1864,地三鲜,2
1864,宫保鸡丁,2
1864,干锅菜花,4
1864,红烧排骨,3
1864,回锅肉,1
1864,葱爆羊肉,3
1864,水煮鱼,2
1865,酸菜鱼,2
1865,土豆烧牛肉,3
1865,木耳炒肉,4
1865,蚝油生菜,2
1865,酸辣土豆丝,2
1865,青椒土豆丝,2
1865,糖醋里脊,2
1865,韭菜炒鸡蛋,1
1865,蒜蓉西兰花,1
1865,干锅菜花,4
1865,干煸豆角,1
1865,红烧排骨,5
1865,地三鲜,4
1865,麻婆豆腐,1
1865,鱼香肉丝,5
1865,番茄炒蛋,4
1865,水煮鱼,5
1865,京酱肉丝,3
1865,香菇青菜,5
1865,辣子鸡,3
1865,红烧肉,4
1865,烧茄子,4
1865,手撕包菜,3
1865,白切鸡,4
1865,紫菜蛋花汤,3
1865,冬瓜排骨汤,2
1865,西红柿鸡蛋汤,5
1865,回锅肉,1
1866,土豆烧牛肉,4
1866,青椒土豆丝,5
1866,酸辣土豆丝,2
1866,地三鲜,2
1866,烧茄子,4
1866,京酱肉丝,1
1866,木耳炒肉,2
1866,宫保鸡丁,3
1866,紫菜蛋花汤,2
1867,干煸豆角,4
1867,地三鲜,4
1867,蚝油生菜,5
1867,冬瓜排骨汤,1
1867,烧茄子,5
1867,紫菜蛋花汤,3
1867,韭菜炒鸡蛋,1
1867,回锅肉,3
1867,木耳炒肉,5
1867,水煮鱼,4
1867,手撕包菜,3
1867,宫保鸡丁,4
1867,西红柿鸡蛋汤,1
1867,土豆烧牛肉,2
1867,葱爆羊肉,2
1867,麻婆豆腐,4
1867,酸菜鱼,3
1867,红烧肉,2
1867,红烧排骨,3
1867,干锅菜花,3
1867,糖醋里脊,2
1867,辣子鸡,2
1868,葱爆羊肉,3
1869,冬瓜排骨汤,2
1869,酸辣土豆丝,3
1869,西红柿鸡蛋汤,1
1869,青椒土豆丝,2
1869,红烧肉,4
1869,葱爆羊肉,1
1869,烧茄子,3
1869,麻婆豆腐,2
1869,辣子鸡,3
1870,蚝油生菜,4
1870,水煮鱼,5
1870,宫保鸡丁,2
1870,白切鸡,1
1870,麻婆豆腐,5
1870,酸菜鱼,3
1870,干煸豆角,2
1871,麻婆豆腐,5
1871,酸辣土豆丝,4
1871,番茄炒蛋,2
1871,冬瓜排骨汤,1
1871,地三鲜,4
1871,木耳炒肉,1
1871,西红柿鸡蛋汤,4
1871,京酱肉丝,5
1871,回锅肉,1
1871,红烧排骨,1
1871,干锅菜花,1
1871,辣子鸡,1
1871,白切鸡,1
1871,土豆烧牛肉,2
1871,宫保鸡丁,3
1871,糖醋里脊,3
1871,青椒土豆丝,5
1871,酸菜鱼,1
1871,韭菜炒鸡蛋,3
1871,蚝油生菜,4
1871,蒜蓉西兰花,5
1871,红烧肉,3
1871,干煸豆角,2
1871,香菇青菜,1
1872,酸辣土豆丝,5
1872,蒜蓉西兰花,1
1872,香菇青菜,1
1872,辣子鸡,3
1873,红烧排骨,2
1873,麻婆豆腐,2
1873,木耳炒肉,1
1873,宫保鸡丁,3
1873,干煸豆角,5
1873,手撕包菜,2
1873,酸辣土豆丝,1
1873,冬瓜排骨汤,3
1873,干锅菜花,5
1874,糖醋里脊,1
1874,鱼香肉丝,2
1874,韭菜炒鸡蛋,1
1874,葱爆羊肉,3
1874,辣子鸡,5
1874,宫保鸡丁,5
1874,回锅肉,4
1874,麻婆豆腐,5
1874,红烧肉,3
1874,冬瓜排骨汤,1
1874,手撕包菜,4
1874,干锅菜花,4
1874,白切鸡,1
1874,酸辣土豆丝,4
1874,紫菜蛋花汤,4
1874,土豆烧牛肉,3
1874,西红柿鸡蛋汤,1
1874,京酱肉丝,3
1874,番茄炒蛋,1
1874,地三鲜,3
1875,青椒土豆丝,2
1875,地三鲜,5
1875,麻婆豆腐,4
1875,酸菜鱼,1
1875,京酱肉丝,1
1875,鱼香肉丝,3
1875,红烧排骨,1
1875,西红柿鸡蛋汤,1
1875,水煮鱼,1
1875,回锅肉,4
1875,红烧肉,2
1875,干锅菜花,4
1875,香菇青菜,1
1875,宫保鸡丁,3
1875,白切鸡,2
1875,蒜蓉西兰花,3
1875,番茄炒蛋,5
1876,回锅肉,3
1876,水煮鱼,1
1876,宫保鸡丁,3
1876,京酱肉丝,4
1876,西红柿鸡蛋汤,2
1876,烧茄子,3
1876,葱爆羊肉,3
1877,水煮鱼,1
1877,冬瓜排骨汤,2
1877,韭菜炒鸡蛋,2
1877,宫保鸡丁,1
1877,香菇青菜,4
1877,糖醋里脊,2
1877,蚝油生菜,3
1878,宫保鸡丁,1
1878,土豆烧牛肉,5
1878,烧茄子,5
1878,辣子鸡,5
1878,酸菜鱼,2
1878,酸辣土豆丝,1
1878,手撕包菜,5
1878,番茄炒蛋,1
1878,木耳炒肉,3
1878,鱼香肉丝,1
1878,西红柿鸡蛋汤,1
1878,蒜蓉西兰花,5
1878,葱爆羊肉,5
1878,紫菜蛋花汤,5
1878,白切鸡,1
1878,蚝油生菜,2
1878,干煸豆角,5
1878,麻婆豆腐,4
1878,韭菜炒鸡蛋,1
1878,水煮鱼,5
1878,干锅菜花,2
1878,糖醋里脊,2
1878,冬瓜排骨汤,5
1878,青椒土豆丝,5
1879,冬瓜排骨汤,3
1879,西红柿鸡蛋汤,1
1879,辣子鸡,2
1879,酸辣土豆丝,4
1879,麻婆豆腐,4
1879,酸菜鱼,3
1879,韭菜炒鸡蛋,2
1879,红烧排骨,4
1879,回锅肉,2
1879,白切鸡,5
1879,红烧肉,4
1879,地三鲜,5
1879,干煸豆角,4
1879,糖醋里脊,4
1879,紫菜蛋花汤,3
1880,麻婆豆腐,4
1880,西红柿鸡蛋汤,4
1880,紫菜蛋花汤,5
1880,宫保鸡丁,5
1880,酸菜鱼,2
1880,冬瓜排骨汤,4
1880,番茄炒蛋,4
1880,红烧排骨,4
1880,烧茄子,5
1880,红烧肉,1
1880,干锅菜花,1
1880,干煸豆角,4
1880,回锅肉,1
1880,糖醋里脊,5
1880,鱼香肉丝,2
1880,地三鲜,3
1880,蒜蓉西兰花,1
1880,青椒土豆丝,5
1881,蚝油生菜,1
1881,青椒土豆丝,4
1881,烧茄子,2
1881,地三鲜,1
1881,麻婆豆腐,1
1881,韭菜炒鸡蛋,4
1881,手撕包菜,2
1881,西红柿鸡蛋汤,5
1881,糖醋里脊,3
1881,水煮鱼,1
1881,木耳炒肉,2
1881,干锅菜花,4
1881,番茄炒蛋,4
1881,宫保鸡丁,1
1881,土豆烧牛肉,5
1881,酸菜鱼,4
1881,冬瓜排骨汤,5
1881,京酱肉丝,4
1881,干煸豆角,1
1881,白切鸡,1
1882,鱼香肉丝,4
1882,土豆烧牛肉,4
1882,回锅肉,1
1882,紫菜蛋花汤,3
1882,干煸豆角,3
1882,青椒土豆丝,1
1882,白切鸡,5
1882,木耳炒肉,1
1882,红烧排骨,1
1882,番茄炒蛋,3
1882,香菇青菜,1
1882,京酱肉丝,5
1882,酸辣土豆丝,1
1882,糖醋里脊,5
1882,葱爆羊肉,2
1882,韭菜炒鸡蛋,1
1882,蚝油生菜,4
1882,冬瓜排骨汤,5
1882,蒜蓉西兰花,2
1882,水煮鱼,3
1882,酸菜鱼,1
1882,辣子鸡,5
1882,烧茄子,5
1882,干锅菜花,1
1882,西红柿鸡蛋汤,3
1882,手撕包菜,3
1882,红烧肉,4
1882,麻婆豆腐,3
1883,蚝油生菜,4
1883,麻婆豆腐,1
1883,红烧排骨,4
1883,冬瓜排骨汤,1
1883,酸辣土豆丝,3
1883,辣子鸡,1
1883,西红柿鸡蛋汤,2
1883,红烧肉,5
1883,回锅肉,5
1883,糖醋里脊,5
1884,干锅菜花,1
1884,京酱肉丝,5
1885,手撕包菜,3
1885,烧茄子,5
1885,蒜蓉西兰花,5
1885,水煮鱼,2
1886,香菇青菜,4
1886,蒜蓉西兰花,4
1886,回锅肉,4
1886,白切鸡,3
1886,鱼香肉丝,3
1886,青椒土豆丝,1
1886,红烧肉,1
1886,麻婆豆腐,3
1886,干锅菜花,2
1886,干煸豆角,4
1886,冬瓜排骨汤,3
1886,红烧排骨,2
1886,韭菜炒鸡蛋,1
1886,水煮鱼,3
1887,干锅菜花,3
1887,地三鲜,2
1887,烧茄子,3
1887,干煸豆角,1
1887,红烧肉,3
1887,番茄炒蛋,2
1887,白切鸡,3
1887,酸菜鱼,4
1887,宫保鸡丁,3
1887,土豆烧牛肉,2
1887,青椒土豆丝,5
1887,冬瓜排骨汤,2
1887,京酱肉丝,4
1887,木耳炒肉,1
1887,糖醋里脊,5
1887,辣子鸡,1
1887,鱼香肉丝,2
1887,水煮鱼,1
1887,香菇青菜,4
1887,酸辣土豆丝,5
1887,蚝油生菜,1
1887,回锅肉,1
1887,西红柿鸡蛋汤,2
1887,红烧排骨,4
1887,麻婆豆腐,5
1887,韭菜炒鸡蛋,1
1887,紫菜蛋花汤,1
1888,鱼香肉丝,1
1888,青椒土豆丝,5
1888,烧茄子,2
1888,红烧肉,2
1889,紫菜蛋花汤,1
1889,水煮鱼,5
1889,木耳炒肉,4
1889,手撕包菜,3
1889,京酱肉丝,4
1889,鱼香肉丝,5
1889,白切鸡,5
1889,干煸豆角,3
1889,酸辣土豆丝,1
1890,京酱肉丝,1
1890,紫菜蛋花汤,1
1890,麻婆豆腐,3
1890,红烧排骨,3
1890,鱼香肉丝,1
1890,香菇青菜,2
1890,西红柿鸡蛋汤,4
1890,回锅肉,1
1890,辣子鸡,2
1890,韭菜炒鸡蛋,5
1890,白切鸡,3
1890,宫保鸡丁,4
1890,烧茄子,3
1890,青椒土豆丝,3
1890,干煸豆角,5
1890,地三鲜,2
1890,酸菜鱼,1
1890,干锅菜花,5
1890,糖醋里脊,5
1890,木耳炒肉,3
1890,酸辣土豆丝,4
1890,冬瓜排骨汤,5
1890,土豆烧牛肉,5
1890,番茄炒蛋,4
1890,葱爆羊肉,3
1890,水煮鱼,5
1890,红烧肉,5
1890,蚝油生菜,2
1890,手撕包菜,2
1891,红烧排骨,2
1891,干锅菜花,4
1891,回锅肉,2
1891,地三鲜,4
1891,糖醋里脊,1
1891,白切鸡,5
1891,麻婆豆腐,1
1891,土豆烧牛肉,5
1891,宫保鸡丁,3
1891,番茄炒蛋,4
1891,青椒土豆丝,3
1891,韭菜炒鸡蛋,2
1891,辣子鸡,4
1891,西红柿鸡蛋汤,5
1891,葱爆羊肉,3
1891,干煸豆角,4
1891,京酱肉丝,4
1891,酸菜鱼,2
1891,红烧肉,1
1891,木耳炒肉,5
1891,香菇青菜,2
1891,水煮鱼,3
1892,韭菜炒鸡蛋,5
1892,红烧排骨,2
1892,鱼香肉丝,4
1892,冬瓜排骨汤,5
1892,番茄炒蛋,3
1892,辣子鸡,2
1893,糖醋里脊,3
1893,辣子鸡,4
1893,京酱肉丝,3
1893,酸辣土豆丝,5
1893,干煸豆角,2
1893,麻婆豆腐,5
1893,酸菜鱼,2
1893,手撕包菜,5
1893,番茄炒蛋,3
1893,水煮鱼,3
1893,葱爆羊肉,1
1893,香菇青菜,3
1893,冬瓜排骨汤,3
1893,鱼香肉丝,3
1893,白切鸡,1
1893,蒜蓉西兰花,2
1893,宫保鸡丁,5
1893,干锅菜花,5
1893,紫菜蛋花汤,4
1893,地三鲜,2
1893,蚝油生菜,5
1893,回锅肉,2
1893,青椒土豆丝,3
1893,红烧肉,4
1893,西红柿鸡蛋汤,4
1893,红烧排骨,5
1893,韭菜炒鸡蛋,1
1893,土豆烧牛肉,5
1894,回锅肉,4
1894,辣子鸡,1
1894,白切鸡,2
1894,蒜蓉西兰花,5
1895,京酱肉丝,5
1895,蚝油生菜,4
1895,酸菜鱼,1
1895,青椒土豆丝,1
1895,番茄炒蛋,3
1895,干煸豆角,1
1895,土豆烧牛肉,5
1895,韭菜炒鸡蛋,2
1895,木耳炒肉,2
1895,麻婆豆腐,3
1895,地三鲜,3
1895,糖醋里脊,1
1895,鱼香肉丝,2
1895,香菇青菜,5
1895,酸辣土豆丝,5
1895,手撕包菜,2
1895,辣子鸡,5
1895,紫菜蛋花汤,3
1895,宫保鸡丁,3
1895,葱爆羊肉,3
1895,蒜蓉西兰花,1
1895,红烧肉,5
1895,干锅菜花,2
1896,手撕包菜,4
1896,香菇青菜,3
1896,土豆烧牛肉,2
1896,蒜蓉西兰花,3
1896,水煮鱼,1
1896,辣子鸡,4
1896,烧茄子,3
1897,蒜蓉西兰花,1
1897,冬瓜排骨汤,1
1897,红烧肉,4
1897,宫保鸡丁,5
1897,糖醋里脊,4
1897,白切鸡,4
1897,地三鲜,4
1897,干煸豆角,3
1898,鱼香肉丝,1
1898,宫保鸡丁,2
1898,手撕包菜,4
1898,酸菜鱼,4
1898,糖醋里脊,2
1898,酸辣土豆丝,2
1898,木耳炒肉,4
1898,香菇青菜,1
1898,烧茄子,3
1898,干煸豆角,2
1898,京酱肉丝,3
1899,回锅肉,2
1899,麻婆豆腐,3
1899,地三鲜,2
1899,手撕包菜,4
1899,西红柿鸡蛋汤,3
1899,葱爆羊肉,5
1899,酸辣土豆丝,3
1899,青椒土豆丝,1
1899,红烧肉,4
1899,白切鸡,5
1899,酸菜鱼,2
1899,木耳炒肉,4
1899,红烧排骨,3
1899,蚝油生菜,4
1899,紫菜蛋花汤,4
1899,香菇青菜,2
1900,手撕包菜,1
1900,京酱肉丝,3
1901,紫菜蛋花汤,4
1901,京酱肉丝,4
1901,鱼香肉丝,3
1901,麻婆豆腐,3
1901,香菇青菜,1
1901,干煸豆角,2
1901,回锅肉,2
1901,木耳炒肉,3
1901,白切鸡,4
1901,西红柿鸡蛋汤,1
1901,辣子鸡,3
1901,冬瓜排骨汤,3
1901,宫保鸡丁,1
1901,土豆烧牛肉,2
1901,红烧肉,4
1901,番茄炒蛋,3
1901,糖醋里脊,1
1901,酸菜鱼,2
1901,酸辣土豆丝,5
1901,水煮鱼,2
1901,干锅菜花,4
1901,葱爆羊肉,3
1901,韭菜炒鸡蛋,4
1901,烧茄子,3
1901,蚝油生菜,2
1901,蒜蓉西兰花,5
1901,地三鲜,2
1901,手撕包菜,4
1902,地三鲜,4
1902,京酱肉丝,3
1902,番茄炒蛋,5
1902,干锅菜花,3
1902,紫菜蛋花汤,3
1902,手撕包菜,2
1902,回锅肉,4
1902,酸菜鱼,3
1902,干煸豆角,2
1902,酸辣土豆丝,2
1902,鱼香肉丝,1
1902,青椒土豆丝,5
1902,辣子鸡,3
1902,蒜蓉西兰花,4
1902,红烧排骨,1
1902,土豆烧牛肉,3
1903,西红柿鸡蛋汤,5
1903,回锅肉,1
1903,香菇青菜,1
1903,京酱肉丝,5
1903,地三鲜,4
1903,蒜蓉西兰花,4
1903,韭菜炒鸡蛋,5
1903,酸辣土豆丝,2
1903,糖醋里脊,4
1904,回锅肉,2
1904,冬瓜排骨汤,5
1905,酸菜鱼,4
1905,西红柿鸡蛋汤,2
1905,酸辣土豆丝,5
1905,红烧肉,3
1905,蒜蓉西兰花,3
1905,干锅菜花,3
1905,麻婆豆腐,2
1905,地三鲜,3
1905,蚝油生菜,1
1905,青椒土豆丝,2
1905,回锅肉,5
1905,白切鸡,3
1905,烧茄子,5
1905,鱼香肉丝,1
1905,木耳炒肉,3
1905,葱爆羊肉,4
1905,辣子鸡,5
1905,手撕包菜,5
1906,韭菜炒鸡蛋,3
1906,酸辣土豆丝,2
1906,烧茄子,4
1906,白切鸡,2
1906,紫菜蛋花汤,3
1906,土豆烧牛肉,4
1906,冬瓜排骨汤,4
1906,木耳炒肉,1
1906,宫保鸡丁,1
1906,手撕包菜,3
1906,干锅菜花,4
1906,京酱肉丝,5
1906,糖醋里脊,4
1907,香菇青菜,4
1907,蚝油生菜,2
1907,土豆烧牛肉,1
1907,麻婆豆腐,4
1907,酸菜鱼,2
1907,葱爆羊肉,4
1907,水煮鱼,4
1908,麻婆豆腐,4
1908,青椒土豆丝,2
1908,酸辣土豆丝,1
1908,蒜蓉西兰花,5
1908,冬瓜排骨汤,2
1908,香菇青菜,2
1908,糖醋里脊,3
1908,紫菜蛋花汤,4
1908,辣子鸡,5
1908,鱼香肉丝,2
1908,蚝油生菜,2
1908,韭菜炒鸡蛋,3
1908,水煮鱼,4
1908,京酱肉丝,4
1908,葱爆羊肉,5
1908,白切鸡,4
1908,手撕包菜,4
1908,木耳炒肉,1
1908,地三鲜,4
1908,宫保鸡丁,1
1908,干锅菜花,4
1908,红烧排骨,4
1908,红烧肉,1
1908,番茄炒蛋,3
1908,干煸豆角,5
1908,土豆烧牛肉,5
1908,西红柿鸡蛋汤,3
1908,酸菜鱼,4
1909,红烧肉,2
1909,酸菜鱼,3
1909,干锅菜花,3
1909,土豆烧牛肉,3
1909,地三鲜,2
1909,韭菜炒鸡蛋,3
1909,番茄炒蛋,4
1909,糖醋里脊,1
1909,西红柿鸡蛋汤,1
1909,紫菜蛋花汤,3
1909,白切鸡,3
1909,蒜蓉西兰花,5
1909,宫保鸡丁,2
1909,鱼香肉丝,2
1909,手撕包菜,1
1909,烧茄子,5
1909,京酱肉丝,1
1909,木耳炒肉,5
1909,水煮鱼,3
1909,青椒土豆丝,1
1910,麻婆豆腐,4
1910,蚝油生菜,3
1910,白切鸡,3
1910,鱼香肉丝,2
1910,干锅菜花,5
1910,木耳炒肉,2
1910,葱爆羊肉,2
1910,西红柿鸡蛋汤,4
1910,香菇青菜,3
1910,烧茄子,2
1910,酸辣土豆丝,3
1910,糖醋里脊,3
1910,水煮鱼,1
1910,红烧排骨,2
1910,土豆烧牛肉,3
1911,青椒土豆丝,1
1911,韭菜炒鸡蛋,1
1911,酸辣土豆丝,2
1911,冬瓜排骨汤,3
1911,木耳炒肉,3
1911,番茄炒蛋,4
1911,蚝油生菜,4
1911,麻婆豆腐,3
1912,冬瓜排骨汤,2
1912,白切鸡,2
1912,麻婆豆腐,1
1912,辣子鸡,1
1912,红烧排骨,3
1912,蚝油生菜,2
1912,干煸豆角,3
1912,西红柿鸡蛋汤,3
1912,地三鲜,3
1912,手撕包菜,4
1912,干锅菜花,2
1912,香菇青菜,4
1912,宫保鸡丁,4
1912,青椒土豆丝,5
1912,水煮鱼,5
1912,酸辣土豆丝,5
1912,京酱肉丝,2
1912,蒜蓉西兰花,4
1912,鱼香肉丝,5
1912,番茄炒蛋,4
1912,糖醋里脊,2
1912,回锅肉,4
1912,紫菜蛋花汤,3
1912,葱爆羊肉,3
1912,红烧肉,3
1913,红烧排骨,3
1913,蒜蓉西兰花,4
1913,水煮鱼,3
1913,鱼香肉丝,2
1913,干煸豆角,3
1913,京酱肉丝,1
1913,糖醋里脊,4
1913,红烧肉,5
1913,葱爆羊肉,4
1913,干锅菜花,5
1913,酸辣土豆丝,2
1913,紫菜蛋花汤,1
1913,韭菜炒鸡蛋,5
1913,木耳炒肉,5
1913,手撕包菜,2
1913,蚝油生菜,5
1913,地三鲜,4
1913,香菇青菜,2
1913,西红柿鸡蛋汤,1
1913,土豆烧牛肉,1
1913,麻婆豆腐,2
1913,酸菜鱼,1
1913,辣子鸡,2
1913,回锅肉,5
1913,白切鸡,2
1913,宫保鸡丁,5
1913,烧茄子,5
1913,冬瓜排骨汤,5
1913,青椒土豆丝,2
1914,手撕包菜,4
1914,木耳炒肉,5
1914,白切鸡,1
1914,西红柿鸡蛋汤,2
1914,宫保鸡丁,1
1914,水煮鱼,3
1914,地三鲜,1
1914,鱼香肉丝,1
1914,干煸豆角,3
1914,酸辣土豆丝,3
1914,冬瓜排骨汤,4
1914,烧茄子,5
1914,辣子鸡,1
1914,香菇青菜,1
1914,葱爆羊肉,2
1914,蚝油生菜,1
1914,糖醋里脊,3
1914,回锅肉,2
1914,韭菜炒鸡蛋,2
1915,鱼香肉丝,5
1915,地三鲜,1
1915,香菇青菜,4
1915,回锅肉,5
1915,糖醋里脊,1
1915,番茄炒蛋,5
1915,水煮鱼,4
1915,酸辣土豆丝,5
1915,韭菜炒鸡蛋,1
1915,西红柿鸡蛋汤,5
1915,木耳炒肉,1
1915,红烧排骨,2
1915,酸菜鱼,4
1915,红烧肉,3
1916,香菇青菜,3
1916,烧茄子,5
1916,葱爆羊肉,2
1917,紫菜蛋花汤,3
1918,辣子鸡,4
1918,土豆烧牛肉,1
1918,烧茄子,5
1918,糖醋里脊,4
1918,蚝油生菜,3
1918,京酱肉丝,2
1918,鱼香肉丝,5
1918,红烧排骨,3
1918,酸辣土豆丝,3
1918,麻婆豆腐,2
1918,葱爆羊肉,3
1918,蒜蓉西兰花,5
1918,干煸豆角,4
1918,水煮鱼,2
1918,冬瓜排骨汤,2
1918,番茄炒蛋,1
1918,白切鸡,1
1918,酸菜鱼,5
1918,韭菜炒鸡蛋,4
1919,水煮鱼,2
1919,地三鲜,3
1920,蚝油生菜,3
1920,烧茄子,4
1920,紫菜蛋花汤,2
1920,鱼香肉丝,3
1920,地三鲜,5
1920,青椒土豆丝,5
1920,番茄炒蛋,5
1921,韭菜炒鸡蛋,2
1921,木耳炒肉,3
1921,土豆烧牛肉,1
1921,鱼香肉丝,3
1921,蚝油生菜,4
1921,辣子鸡,3
1921,白切鸡,1
1921,香菇青菜,1
1921,宫保鸡丁,5
1921,回锅肉,2
1921,葱爆羊肉,3
1921,烧茄子,2
1921,冬瓜排骨汤,5
1921,酸菜鱼,1
1921,蒜蓉西兰花,1
1921,番茄炒蛋,2
1921,干煸豆角,5
1921,紫菜蛋花汤,5
1921,糖醋里脊,1
1921,手撕包菜,4
1921,水煮鱼,4
1922,干锅菜花,2
1922,干煸豆角,5
1922,鱼香肉丝,3
1922,白切鸡,2
1922,西红柿鸡蛋汤,5
1922,地三鲜,1
1922,红烧肉,1
1922,麻婆豆腐,5
1922,蒜蓉西兰花,5
1922,酸菜鱼,5
1922,蚝油生菜,2
1922,京酱肉丝,3
1922,木耳炒肉,5
1922,宫保鸡丁,3
1922,回锅肉,4
1922,手撕包菜,5
1923,糖醋里脊,4
1923,白切鸡,3
1923,韭菜炒鸡蛋,5
1923,木耳炒肉,4
1923,土豆烧牛肉,5
1923,宫保鸡丁,1
1923,紫菜蛋花汤,2
1923,香菇青菜,3
1923,鱼香肉丝,1
1923,酸辣土豆丝,5
1923,干锅菜花,3
1923,冬瓜排骨汤,1
1923,烧茄子,3
1923,麻婆豆腐,1
1923,红烧肉,3
1923,干煸豆角,1
1923,番茄炒蛋,1
1923,回锅肉,5
1923,京酱肉丝,1
1923,蚝油生菜,2
1923,辣子鸡,4
1923,红烧排骨,1
1923,葱爆羊肉,4
1923,手撕包菜,1
1923,青椒土豆丝,1
1923,西红柿鸡蛋汤,1
1924,蒜蓉西兰花,2
1924,木耳炒肉,3
1924,地三鲜,5
1924,辣子鸡,1
1924,酸辣土豆丝,1
1924,干煸豆角,5
1924,水煮鱼,3
1924,红烧肉,3
1924,手撕包菜,2
1925,酸菜鱼,3
1925,西红柿鸡蛋汤,3
1925,青椒土豆丝,1
1925,韭菜炒鸡蛋,2
1925,红烧排骨,5
1925,京酱肉丝,5
1925,红烧肉,4
1925,紫菜蛋花汤,1
1925,地三鲜,1
1925,葱爆羊肉,1
1925,麻婆豆腐,5
1926,干煸豆角,1
1926,红烧肉,4
1926,水煮鱼,4
1926,酸菜鱼,1
1926,西红柿鸡蛋汤,1
1926,红烧排骨,1
1926,回锅肉,3
1927,青椒土豆丝,4
1927,番茄炒蛋,5
1927,回锅肉,3
1927,手撕包菜,5
1927,韭菜炒鸡蛋,1
1927,宫保鸡丁,1
1927,白切鸡,1
1927,京酱肉丝,1
1927,酸菜鱼,1
1927,红烧肉,2
1927,葱爆羊肉,2
1927,麻婆豆腐,2
1927,烧茄子,1
1927,水煮鱼,1
1927,蚝油生菜,4
1927,酸辣土豆丝,4
1927,香菇青菜,5
1928,京酱肉丝,3
1928,酸菜鱼,5
1928,地三鲜,1
1928,烧茄子,3
1928,紫菜蛋花汤,2
1928,木耳炒肉,5
1928,干锅菜花,5
1928,青椒土豆丝,1
1928,番茄炒蛋,3
1928,韭菜炒鸡蛋,5
1928,土豆烧牛肉,3
1928,糖醋里脊,1
1928,蚝油生菜,5
1928,蒜蓉西兰花,3
1928,辣子鸡,2
1928,宫保鸡丁,5
1928,红烧肉,1
1928,水煮鱼,4
1928,葱爆羊肉,5
1928,冬瓜排骨汤,2
1928,红烧排骨,4
1928,麻婆豆腐,2
1928,回锅肉,3
1928,香菇青菜,4
1928,西红柿鸡蛋汤,4
1928,鱼香肉丝,2
1928,白切鸡,1
1929,韭菜炒鸡蛋,5
1930,番茄炒蛋,1
1930,干锅菜花,5
1930,辣子鸡,3
1930,水煮鱼,5
1930,宫保鸡丁,3
1930,地三鲜,3
1930,红烧排骨,2
1930,麻婆豆腐,5
1930,手撕包菜,4
1930,西红柿鸡蛋汤,3
1930,酸辣土豆丝,2
1930,蒜蓉西兰花,3
1930,韭菜炒鸡蛋,2
1930,干煸豆角,2
1930,酸菜鱼,1
1930,紫菜蛋花汤,4
1931,红烧肉,4
1931,土豆烧牛肉,2
1931,辣子鸡,5
1931,紫菜蛋花汤,5
1931,回锅肉,1
1931,手撕包菜,2
1931,蒜蓉西兰花,1
1932,红烧肉,2
1932,白切鸡,1
1932,麻婆豆腐,2
1932,烧茄子,3
1932,干锅菜花,1
1932,番茄炒蛋,2
1932,京酱肉丝,1
1932,酸菜鱼,1
1932,水煮鱼,1
1932,木耳炒肉,1
1932,青椒土豆丝,2
1932,回锅肉,1
1932,紫菜蛋花汤,3
1932,宫保鸡丁,4
1932,辣子鸡,3
1932,韭菜炒鸡蛋,3
1932,手撕包菜,2
1932,西红柿鸡蛋汤,1
1932,红烧排骨,3
1932,蒜蓉西兰花,2
1932,干煸豆角,4
1932,蚝油生菜,4
1932,土豆烧牛肉,5
1932,冬瓜排骨汤,1
1932,香菇青菜,3
1932,地三鲜,3
1932,糖醋里脊,5
1932,鱼香肉丝,2
1932,葱爆羊肉,2
1933,香菇青菜,3
1933,紫菜蛋花汤,5
1933,鱼香肉丝,5
1933,干煸豆角,4
1933,红烧肉,4
1933,葱爆羊肉,2
1933,宫保鸡丁,4
1933,辣子鸡,4
1933,红烧排骨,2
1933,干锅菜花,2
1933,京酱肉丝,5
1933,西红柿鸡蛋汤,4
1933,蒜蓉西兰花,5
1933,烧茄子,1
1933,番茄炒蛋,1
1933,木耳炒肉,4
1933,糖醋里脊,1
1933,酸菜鱼,1
1933,韭菜炒鸡蛋,5
1933,手撕包菜,3
1933,蚝油生菜,4
1933,酸辣土豆丝,3
1933,回锅肉,1
1933,青椒土豆丝,3
1933,麻婆豆腐,2
1933,冬瓜排骨汤,2
1933,水煮鱼,1
1933,土豆烧牛肉,1
1933,白切鸡,1
1934,西红柿鸡蛋汤,3
1934,木耳炒肉,2
1934,蚝油生菜,2
1934,香菇青菜,3
1934,鱼香肉丝,5
1935,青椒土豆丝,4
1935,紫菜蛋花汤,1
1935,烧茄子,4
1935,韭菜炒鸡蛋,1
1935,红烧肉,1
1935,糖醋里脊,5
1935,土豆烧牛肉,5
1935,麻婆豆腐,5
1935,辣子鸡,3
1935,西红柿鸡蛋汤,1
1935,手撕包菜,1
1935,水煮鱼,1
1935,葱爆羊肉,3
1935,木耳炒肉,4
1935,酸辣土豆丝,5
1935,白切鸡,4
1935,地三鲜,2
1935,干煸豆角,2
1935,酸菜鱼,5
1935,冬瓜排骨汤,1
1935,蚝油生菜,2
1935,京酱肉丝,4
1935,干锅菜花,1
1935,回锅肉,3
1936,地三鲜,1
1936,蒜蓉西兰花,3
1936,京酱肉丝,4
1936,鱼香肉丝,5
1936,番茄炒蛋,4
1936,冬瓜排骨汤,3
1936,辣子鸡,1
1936,红烧肉,5
1936,糖醋里脊,1
1936,手撕包菜,3
1936,蚝油生菜,4
1936,酸辣土豆丝,1
1936,酸菜鱼,1
1936,西红柿鸡蛋汤,4
1936,红烧排骨,5
1936,紫菜蛋花汤,3
1936,干煸豆角,3
1936,干锅菜花,3
1936,香菇青菜,1
1936,水煮鱼,1
1936,青椒土豆丝,2
1937,香菇青菜,5
1937,木耳炒肉,5
1937,回锅肉,1
1937,手撕包菜,4
1937,蒜蓉西兰花,1
1937,白切鸡,5
1937,冬瓜排骨汤,2
1937,番茄炒蛋,4
1937,酸辣土豆丝,4
1937,辣子鸡,2
1937,青椒土豆丝,3
1937,干锅菜花,4
1937,糖醋里脊,4
1937,京酱肉丝,3
1937,蚝油生菜,5
1937,土豆烧牛肉,4
1937,鱼香肉丝,4
1937,红烧肉,5
1937,紫菜蛋花汤,3
1937,干煸豆角,3
1937,红烧排骨,2
1937,西红柿鸡蛋汤,4
1937,宫保鸡丁,2
1937,葱爆羊肉,2
1938,烧茄子,4
1938,紫菜蛋花汤,5
1938,水煮鱼,4
1938,西红柿鸡蛋汤,1
1938,蒜蓉西兰花,4
1938,蚝油生菜,5
1938,冬瓜排骨汤,1
1938,酸菜鱼,4
1938,葱爆羊肉,4
1938,香菇青菜,1
1938,韭菜炒鸡蛋,3
1938,辣子鸡,3
1938,酸辣土豆丝,3
1938,糖醋里脊,2
1938,白切鸡,1
1938,红烧肉,1
1938,木耳炒肉,1
1938,京酱肉丝,4
1938,干煸豆角,2
1938,番茄炒蛋,1
1938,地三鲜,3
1939,红烧肉,5
1939,香菇青菜,2
1939,番茄炒蛋,1
1939,地三鲜,2
1940,烧茄子,5
1940,土豆烧牛肉,3
1940,地三鲜,4
1940,京酱肉丝,3
1940,干锅菜花,2
1940,韭菜炒鸡蛋,4
1940,红烧肉,3
1940,回锅肉,2
1940,宫保鸡丁,3
1940,冬瓜排骨汤,2
1940,紫菜蛋花汤,4
1940,酸菜鱼,3
1940,番茄炒蛋,2
1940,红烧排骨,5
1940,水煮鱼,2
1940,青椒土豆丝,2
1940,蚝油生菜,1
1940,酸辣土豆丝,2
1940,蒜蓉西兰花,2
1941,回锅肉,1
1941,麻婆豆腐,4
1942,西红柿鸡蛋汤,1
1942,红烧排骨,3
1942,京酱肉丝,5
1942,宫保鸡丁,4
1942,干锅菜花,4
1942,番茄炒蛋,1
1942,冬瓜排骨汤,5
1942,酸菜鱼,4
1942,手撕包菜,4
1942,木耳炒肉,2
1943,番茄炒蛋,1
1943,地三鲜,4
1943,宫保鸡丁,3
1943,冬瓜排骨汤,1
1943,红烧排骨,4
1943,青椒土豆丝,5
1943,紫菜蛋花汤,4
1943,水煮鱼,1
1943,蚝油生菜,3
1943,酸菜鱼,5
1943,京酱肉丝,5
1943,糖醋里脊,3
1943,酸辣土豆丝,3
1943,木耳炒肉,3
1943,西红柿鸡蛋汤,2
1944,京酱肉丝,1
1944,回锅肉,1
1944,红烧排骨,2
1944,西红柿鸡蛋汤,1
1944,麻婆豆腐,5
1944,水煮鱼,5
1944,酸辣土豆丝,4
1945,京酱肉丝,4
1945,酸辣土豆丝,4
1945,宫保鸡丁,5
1945,辣子鸡,2
1945,冬瓜排骨汤,5
1945,葱爆羊肉,4
1945,红烧肉,1
1945,青椒土豆丝,3
1945,番茄炒蛋,5
1945,水煮鱼,4
1945,地三鲜,3
1945,烧茄子,2
1945,干锅菜花,1
1945,酸菜鱼,3
1945,红烧排骨,2
1945,木耳炒肉,3
1946,番茄炒蛋,1
1946,紫菜蛋花汤,1
1946,宫保鸡丁,4
1946,香菇青菜,4
1946,冬瓜排骨汤,4
1946,辣子鸡,5
1946,糖醋里脊,4
1946,麻婆豆腐,2
1946,干煸豆角,5
1946,蚝油生菜,5
1946,干锅菜花,1
1946,白切鸡,1
1946,西红柿鸡蛋汤,1
1946,土豆烧牛肉,1
1946,红烧肉,2
1946,回锅肉,1
1946,青椒土豆丝,3
1946,木耳炒肉,2
1946,手撕包菜,5
1946,地三鲜,2
1946,蒜蓉西兰花,2
1946,红烧排骨,5
1946,水煮鱼,2
1946,酸菜鱼,3
1946,葱爆羊肉,2
1946,酸辣土豆丝,2
1946,韭菜炒鸡蛋,2
1946,鱼香肉丝,4
1946,烧茄子,4
1947,宫保鸡丁,3
1947,回锅肉,3
1947,辣子鸡,5
1947,蚝油生菜,5
1947,蒜蓉西兰花,4
1947,鱼香肉丝,5
1947,京酱肉丝,3
1947,烧茄子,4
1947,青椒土豆丝,1
1947,韭菜炒鸡蛋,3
1947,番茄炒蛋,1
1948,番茄炒蛋,5
1948,葱爆羊肉,1
1948,水煮鱼,3
1948,京酱肉丝,4
1948,酸辣土豆丝,4
1948,蚝油生菜,1
1948,地三鲜,1
1948,酸菜鱼,2
1948,烧茄子,5
1948,辣子鸡,4
1948,红烧肉,3
1948,干锅菜花,3
1948,青椒土豆丝,3
1948,糖醋里脊,1
1948,香菇青菜,5
1948,鱼香肉丝,1
1948,麻婆豆腐,3
1948,宫保鸡丁,2
1948,白切鸡,4
1948,韭菜炒鸡蛋,4
1948,蒜蓉西兰花,1
1948,木耳炒肉,2
1948,干煸豆角,5
1949,葱爆羊肉,3
1949,干锅菜花,1
1949,宫保鸡丁,1
1949,酸菜鱼,5
1949,鱼香肉丝,5
1949,糖醋里脊,1
1949,木耳炒肉,4
1949,紫菜蛋花汤,3
1949,番茄炒蛋,4
1949,青椒土豆丝,2
1949,西红柿鸡蛋汤,2
1949,干煸豆角,2
1949,回锅肉,4
1949,京酱肉丝,4
1949,土豆烧牛肉,5
1949,蒜蓉西兰花,1
1949,红烧排骨,1
1949,白切鸡,1
1949,手撕包菜,4
1949,蚝油生菜,5
1949,红烧肉,3
1949,香菇青菜,1
1950,地三鲜,2
1950,白切鸡,5
1950,韭菜炒鸡蛋,1
1950,番茄炒蛋,4
1950,干煸豆角,5
1950,干锅菜花,3
1951,手撕包菜,2
1951,红烧肉,3
1951,西红柿鸡蛋汤,2
1951,冬瓜排骨汤,5
1951,白切鸡,3
1952,土豆烧牛肉,4
1952,干锅菜花,4
1952,酸菜鱼,1
1953,京酱肉丝,5
1953,地三鲜,5
1953,干煸豆角,2
1953,香菇青菜,2
1953,番茄炒蛋,3
1953,蚝油生菜,1
1953,冬瓜排骨汤,5
1953,回锅肉,2
1953,西红柿鸡蛋汤,2
1953,蒜蓉西兰花,4
1953,烧茄子,5
1953,青椒土豆丝,2
1953,葱爆羊肉,4
1953,土豆烧牛肉,1
1953,鱼香肉丝,3
1953,红烧排骨,5
1954,冬瓜排骨汤,5
1954,京酱肉丝,1
1954,葱爆羊肉,5
1954,蒜蓉西兰花,1
1954,西红柿鸡蛋汤,4
1954,蚝油生菜,5
1955,葱爆羊肉,4
1955,酸菜鱼,1
1955,青椒土豆丝,3
1955,宫保鸡丁,4
1955,鱼香肉丝,1
1955,木耳炒肉,5
1955,番茄炒蛋,2
1955,红烧肉,5
1955,香菇青菜,1
1955,地三鲜,2
1955,蚝油生菜,2
1955,糖醋里脊,4
1956,麻婆豆腐,4
1956,回锅肉,2
1956,红烧肉,5
1956,干煸豆角,2
1956,水煮鱼,2
1956,糖醋里脊,4
1956,香菇青菜,5
1956,辣子鸡,5
1956,干锅菜花,2
1956,番茄炒蛋,2
1956,酸辣土豆丝,3
1956,红烧排骨,1
1956,青椒土豆丝,4
1956,烧茄子,2
1956,冬瓜排骨汤,5
1956,酸菜鱼,1
1956,手撕包菜,5
1956,地三鲜,3
1956,京酱肉丝,5
1956,西红柿鸡蛋汤,5
1956,韭菜炒鸡蛋,1
1956,白切鸡,4
1956,蒜蓉西兰花,1
1956,紫菜蛋花汤,5
1956,宫保鸡丁,1
1956,蚝油生菜,5
1957,蒜蓉西兰花,2
1957,木耳炒肉,4
1957,手撕包菜,4
1957,鱼香肉丝,2
1957,白切鸡,2
1957,土豆烧牛肉,4
1957,冬瓜排骨汤,2
1957,宫保鸡丁,2
1957,回锅肉,2
1957,西红柿鸡蛋汤,1
1957,蚝油生菜,3
1957,糖醋里脊,3
1957,青椒土豆丝,2
1957,京酱肉丝,2
1957,番茄炒蛋,3
1957,酸辣土豆丝,1
1957,麻婆豆腐,1
1957,红烧肉,4
1957,紫菜蛋花汤,5
1957,香菇青菜,5
1957,葱爆羊肉,2
1957,辣子鸡,2
1957,干锅菜花,5
1957,干煸豆角,4
1957,地三鲜,3
1957,红烧排骨,3
1958,麻婆豆腐,3
1958,韭菜炒鸡蛋,1
1958,干煸豆角,4
1958,京酱肉丝,1
1959,京酱肉丝,5
1959,番茄炒蛋,4
1959,手撕包菜,4
1959,辣子鸡,3
1959,红烧排骨,4
1959,酸菜鱼,1
1959,水煮鱼,1
1959,青椒土豆丝,5
1959,糖醋里脊,1
1959,蚝油生菜,2
1959,葱爆羊肉,2
1959,白切鸡,1
1959,鱼香肉丝,4
1959,冬瓜排骨汤,2
1959,干锅菜花,2
1959,西红柿鸡蛋汤,5
1959,烧茄子,1
1959,麻婆豆腐,5
1960,麻婆豆腐,4
1960,土豆烧牛肉,5
1960,回锅肉,4
1960,京酱肉丝,4
1960,酸菜鱼,1
1960,地三鲜,2
1960,宫保鸡丁,2
1960,葱爆羊肉,2
1960,糖醋里脊,4
1960,韭菜炒鸡蛋,3
1960,红烧排骨,3
1960,蒜蓉西兰花,5
1960,蚝油生菜,5
1960,紫菜蛋花汤,3
1960,木耳炒肉,1
1960,青椒土豆丝,3
1960,手撕包菜,2
1960,干煸豆角,4
1960,西红柿鸡蛋汤,1
1960,番茄炒蛋,3
1960,烧茄子,2
1960,酸辣土豆丝,3
1960,香菇青菜,2
1961,白切鸡,4
1961,水煮鱼,3
1961,冬瓜排骨汤,3
1961,葱爆羊肉,2
1961,红烧肉,2
1961,木耳炒肉,2
1961,糖醋里脊,1
1961,西红柿鸡蛋汤,2
1961,香菇青菜,3
1961,干锅菜花,2
1962,水煮鱼,5
1962,蚝油生菜,3
1962,韭菜炒鸡蛋,5
1962,西红柿鸡蛋汤,2
1962,红烧排骨,5
1962,香菇青菜,3
1962,糖醋里脊,1
1962,蒜蓉西兰花,5
1962,麻婆豆腐,2
1962,木耳炒肉,2
1962,鱼香肉丝,2
1962,青椒土豆丝,4
1962,回锅肉,1
1962,干锅菜花,1
1962,酸辣土豆丝,3
1962,宫保鸡丁,3
1962,烧茄子,2
1962,番茄炒蛋,3
1962,冬瓜排骨汤,1
1962,白切鸡,2
1962,干煸豆角,3
1963,葱爆羊肉,3
1963,酸辣土豆丝,3
1963,糖醋里脊,2
1963,干煸豆角,2
1963,韭菜炒鸡蛋,5
1963,辣子鸡,2
1963,青椒土豆丝,3
1963,麻婆豆腐,3
1963,干锅菜花,1
1963,蚝油生菜,4
1963,白切鸡,4
1963,烧茄子,5
1963,京酱肉丝,5
1963,西红柿鸡蛋汤,2
1963,冬瓜排骨汤,2
1963,土豆烧牛肉,1
1963,番茄炒蛋,4
1963,红烧肉,5
1963,蒜蓉西兰花,2
1963,酸菜鱼,5
1963,宫保鸡丁,5
1964,酸辣土豆丝,3
1964,回锅肉,2
1964,酸菜鱼,4
1964,手撕包菜,3
1964,土豆烧牛肉,1
1964,韭菜炒鸡蛋,2
1964,宫保鸡丁,2
1964,番茄炒蛋,5
1964,蒜蓉西兰花,4
1964,辣子鸡,1
1964,地三鲜,2
1964,干锅菜花,4
1964,水煮鱼,4
1964,葱爆羊肉,3
1964,蚝油生菜,4
1964,京酱肉丝,1
1964,烧茄子,4
1964,冬瓜排骨汤,1
1964,红烧排骨,4
1964,西红柿鸡蛋汤,1
1964,紫菜蛋花汤,3
1964,糖醋里脊,3
1964,麻婆豆腐,2
1964,青椒土豆丝,2
1964,白切鸡,4
1964,红烧肉,1
1964,干煸豆角,4
1964,鱼香肉丝,2
1964,香菇青菜,4
1965,麻婆豆腐,5
1965,红烧肉,5
1965,香菇青菜,3
1965,韭菜炒鸡蛋,1
1965,回锅肉,4
1965,冬瓜排骨汤,5
1965,鱼香肉丝,4
1965,葱爆羊肉,2
1965,白切鸡,5
1965,地三鲜,4
1965,青椒土豆丝,4
1965,紫菜蛋花汤,2
1965,番茄炒蛋,1
1965,水煮鱼,3
1965,干锅菜花,1
1965,京酱肉丝,5
1966,番茄炒蛋,3
1966,白切鸡,4
1966,糖醋里脊,3
1966,麻婆豆腐,1
1966,西红柿鸡蛋汤,1
1966,手撕包菜,5
1966,水煮鱼,2
1966,烧茄子,3
1966,京酱肉丝,3
1966,干锅菜花,2
1966,土豆烧牛肉,1
1966,韭菜炒鸡蛋,4
1966,酸菜鱼,3
1966,干煸豆角,3
1967,鱼香肉丝,5
1967,回锅肉,3
1967,京酱肉丝,1
1967,木耳炒肉,3
1967,水煮鱼,2
1967,葱爆羊肉,3
1967,蚝油生菜,1
1967,辣子鸡,5
1967,青椒土豆丝,3
1967,土豆烧牛肉,4
1967,西红柿鸡蛋汤,2
1967,宫保鸡丁,4
1967,干煸豆角,1
1967,干锅菜花,2
1967,红烧肉,5
1967,手撕包菜,3
1967,糖醋里脊,3
1967,烧茄子,2
1967,番茄炒蛋,5
1967,香菇青菜,5
1967,地三鲜,2
1967,冬瓜排骨汤,2
1967,蒜蓉西兰花,1
1967,白切鸡,2
1967,酸菜鱼,2
1967,紫菜蛋花汤,5
1968,葱爆羊肉,4
1968,香菇青菜,5
1968,蒜蓉西兰花,2
1968,糖醋里脊,2
1968,辣子鸡,3
1968,木耳炒肉,3
1968,地三鲜,2
1968,土豆烧牛肉,4
1968,干煸豆角,4
1968,酸辣土豆丝,2
1968,白切鸡,4
1968,红烧排骨,4
1968,水煮鱼,2
1968,干锅菜花,5
1968,冬瓜排骨汤,4
1968,手撕包菜,1
1968,韭菜炒鸡蛋,1
1968,回锅肉,4
1968,番茄炒蛋,1
1968,京酱肉丝,4
1969,冬瓜排骨汤,1
1969,糖醋里脊,4
1969,烧茄子,5
1969,酸菜鱼,5
1969,白切鸡,5
1969,手撕包菜,3
1969,木耳炒肉,5
1969,地三鲜,2
1969,西红柿鸡蛋汤,5
1969,蚝油生菜,3
1969,回锅肉,5
1969,韭菜炒鸡蛋,4
1970,蚝油生菜,2
1970,紫菜蛋花汤,5
1970,宫保鸡丁,3
1970,白切鸡,3
1970,红烧排骨,3
1970,酸辣土豆丝,1
1970,干锅菜花,4
1970,韭菜炒鸡蛋,5
1971,韭菜炒鸡蛋,3
1971,木耳炒肉,5
1971,手撕包菜,1
1971,白切鸡,3
1971,辣子鸡,2
1971,青椒土豆丝,1
1971,麻婆豆腐,3
1972,辣子鸡,3
1972,酸辣土豆丝,2
1972,冬瓜排骨汤,5
1972,宫保鸡丁,3
1972,红烧排骨,4
1972,京酱肉丝,3
1972,干锅菜花,1
1972,手撕包菜,3
1972,红烧肉,1
1973,地三鲜,1
1973,番茄炒蛋,5
1973,酸辣土豆丝,1
1973,干煸豆角,4
1973,韭菜炒鸡蛋,3
1973,香菇青菜,1
1973,烧茄子,5
1973,蚝油生菜,3
1973,干锅菜花,1
1973,鱼香肉丝,4
1973,糖醋里脊,2
1973,紫菜蛋花汤,2
1973,回锅肉,3
1973,木耳炒肉,4
1973,葱爆羊肉,1
1973,白切鸡,3
1973,手撕包菜,1
1973,京酱肉丝,3
1973,水煮鱼,1
1973,冬瓜排骨汤,1
1973,青椒土豆丝,4
1973,辣子鸡,1
1973,土豆烧牛肉,5
1973,麻婆豆腐,2
1973,酸菜鱼,5
1974,红烧肉,1
1974,宫保鸡丁,2
1974,红烧排骨,5
1974,木耳炒肉,1
1974,酸菜鱼,1
1975,红烧排骨,1
1975,韭菜炒鸡蛋,3
1975,地三鲜,4
1975,宫保鸡丁,3
1975,麻婆豆腐,4
1975,酸辣土豆丝,2
1976,红烧排骨,4
1976,宫保鸡丁,5
1976,韭菜炒鸡蛋,3
1976,地三鲜,3
1976,木耳炒肉,2
1976,酸菜鱼,4
1976,红烧肉,2
1976,青椒土豆丝,2
1976,香菇青菜,2
1976,蒜蓉西兰花,2
1976,糖醋里脊,5
1976,鱼香肉丝,5
1976,回锅肉,3
1976,干煸豆角,4
1976,蚝油生菜,3
1976,冬瓜排骨汤,1
1976,烧茄子,5
1976,京酱肉丝,1
1976,酸辣土豆丝,2
1976,番茄炒蛋,3
1977,糖醋里脊,2
1977,蚝油生菜,3
1977,宫保鸡丁,5
1977,土豆烧牛肉,2
1977,红烧肉,3
1977,辣子鸡,1
1977,麻婆豆腐,4
1977,紫菜蛋花汤,4
1977,冬瓜排骨汤,2
1977,水煮鱼,2
1977,葱爆羊肉,3
1977,干煸豆角,2
1977,京酱肉丝,1
1977,回锅肉,4
1977,蒜蓉西兰花,1
1977,木耳炒肉,5
1977,手撕包菜,2
1977,鱼香肉丝,1
1978,冬瓜排骨汤,1
1978,土豆烧牛肉,5
1978,番茄炒蛋,1
1978,麻婆豆腐,2
1978,蚝油生菜,2
1978,京酱肉丝,5
1978,干煸豆角,5
1978,鱼香肉丝,2
1978,葱爆羊肉,4
1978,糖醋里脊,5
1978,红烧排骨,4
1978,紫菜蛋花汤,1
1978,青椒土豆丝,2
1978,木耳炒肉,3
1978,手撕包菜,4
1978,西红柿鸡蛋汤,5
1978,酸菜鱼,3
1978,酸辣土豆丝,2
1978,回锅肉,3
1978,宫保鸡丁,4
1978,香菇青菜,3
1979,干煸豆角,4
1979,麻婆豆腐,2
1979,西红柿鸡蛋汤,5
1979,白切鸡,4
1979,烧茄子,2
1979,紫菜蛋花汤,5
1979,糖醋里脊,5
1979,地三鲜,4
1979,辣子鸡,2
1980,蚝油生菜,1
1980,鱼香肉丝,2
1980,干煸豆角,1
1980,番茄炒蛋,4
1980,青椒土豆丝,3
1980,蒜蓉西兰花,5
1980,韭菜炒鸡蛋,1
1980,回锅肉,3
1980,白切鸡,3
1980,红烧肉,1
1981,宫保鸡丁,4
1981,白切鸡,4
1981,烧茄子,2
1981,鱼香肉丝,2
1981,冬瓜排骨汤,2
1981,糖醋里脊,5
1981,西红柿鸡蛋汤,2
1981,干煸豆角,4
1981,地三鲜,4
1981,香菇青菜,3
1981,红烧肉,2
1981,蒜蓉西兰花,3
1981,京酱肉丝,5
1981,青椒土豆丝,1
1981,酸菜鱼,2
1981,水煮鱼,3
1981,辣子鸡,5
1981,蚝油生菜,4
1981,紫菜蛋花汤,4
1981,木耳炒肉,5
1982,红烧排骨,3
1982,韭菜炒鸡蛋,4
1982,番茄炒蛋,5
1982,青椒土豆丝,2
1982,土豆烧牛肉,1
1982,地三鲜,4
1982,蚝油生菜,3
1982,手撕包菜,1
1982,酸菜鱼,3
1982,冬瓜排骨汤,1
1982,鱼香肉丝,5
1982,麻婆豆腐,4
1982,白切鸡,1
1982,水煮鱼,2
1982,西红柿鸡蛋汤,2
1982,干煸豆角,2
1982,红烧肉,1
1982,葱爆羊肉,4
1982,京酱肉丝,4
1982,回锅肉,3
1983,白切鸡,1
1983,宫保鸡丁,2
1983,红烧肉,4
1983,地三鲜,2
1983,手撕包菜,5
1983,回锅肉,1
1983,酸辣土豆丝,1
1983,烧茄子,2
1983,紫菜蛋花汤,5
1983,蒜蓉西兰花,4
1983,青椒土豆丝,2
1983,红烧排骨,5
1983,麻婆豆腐,3
1983,鱼香肉丝,4
1983,糖醋里脊,3
1983,土豆烧牛肉,3
1983,韭菜炒鸡蛋,1
1983,木耳炒肉,2
1983,冬瓜排骨汤,4
1983,西红柿鸡蛋汤,2
1984,宫保鸡丁,4
1984,烧茄子,4
1984,紫菜蛋花汤,4
1984,香菇青菜,4
1984,手撕包菜,5
1984,白切鸡,5
1984,葱爆羊肉,5
1984,西红柿鸡蛋汤,2
1984,糖醋里脊,1
1984,干煸豆角,2
1984,鱼香肉丝,4
1984,番茄炒蛋,3
1984,红烧排骨,4
1984,地三鲜,2
1984,水煮鱼,1
1985,糖醋里脊,3
1985,紫菜蛋花汤,2
1985,辣子鸡,4
1985,地三鲜,4
1985,红烧排骨,2
1985,韭菜炒鸡蛋,4
1985,木耳炒肉,5
1985,土豆烧牛肉,2
1985,番茄炒蛋,3
1985,烧茄子,4
1985,白切鸡,3
1985,酸辣土豆丝,5
1985,京酱肉丝,3
1985,蚝油生菜,5
1985,手撕包菜,4
1985,麻婆豆腐,3
1985,宫保鸡丁,4
1985,冬瓜排骨汤,4
1985,干锅菜花,4
1985,香菇青菜,5
1985,干煸豆角,3
1985,鱼香肉丝,3
1985,红烧肉,4
1985,西红柿鸡蛋汤,4
1985,蒜蓉西兰花,1
1985,回锅肉,3
1985,酸菜鱼,1
1985,葱爆羊肉,5
1986,冬瓜排骨汤,5
1986,地三鲜,1
1986,木耳炒肉,3
1986,宫保鸡丁,5
1986,京酱肉丝,2
1986,干锅菜花,3
1986,白切鸡,4
1986,红烧排骨,5
1986,葱爆羊肉,4
1986,回锅肉,1
1986,酸菜鱼,3
1986,麻婆豆腐,2
1986,水煮鱼,4
1986,西红柿鸡蛋汤,3
1987,白切鸡,2
1987,香菇青菜,5
1987,紫菜蛋花汤,2
1987,地三鲜,5
1987,宫保鸡丁,3
1987,酸辣土豆丝,1
1987,土豆烧牛肉,3
1987,蚝油生菜,1
1987,辣子鸡,4
1987,京酱肉丝,2
1987,葱爆羊肉,4
1987,鱼香肉丝,3
1987,烧茄子,1
1988,蚝油生菜,1
1988,烧茄子,3
1988,西红柿鸡蛋汤,5
1988,番茄炒蛋,4
1988,鱼香肉丝,3
1988,冬瓜排骨汤,5
1988,白切鸡,4
1988,木耳炒肉,1
1988,韭菜炒鸡蛋,3
1988,酸菜鱼,1
1988,干煸豆角,2
1988,水煮鱼,5
1988,酸辣土豆丝,3
1988,青椒土豆丝,3
1988,紫菜蛋花汤,3
1988,麻婆豆腐,5
1988,辣子鸡,5
1988,手撕包菜,2
1988,地三鲜,5
1988,红烧肉,3
1988,京酱肉丝,2
1988,糖醋里脊,2
1988,干锅菜花,3
1988,红烧排骨,5
1988,回锅肉,3
1988,宫保鸡丁,5
1988,蒜蓉西兰花,5
1988,土豆烧牛肉,5
1989,白切鸡,1
1989,木耳炒肉,5
1989,手撕包菜,1
1989,麻婆豆腐,4
1989,葱爆羊肉,3
1989,红烧排骨,5
1989,地三鲜,4
1989,青椒土豆丝,2
1989,酸辣土豆丝,1
1989,烧茄子,1
1989,紫菜蛋花汤,1
1989,酸菜鱼,3
1989,红烧肉,5
1989,土豆烧牛肉,4
1989,香菇青菜,2
1989,冬瓜排骨汤,2
1989,干锅菜花,4
1989,番茄炒蛋,1
1989,宫保鸡丁,5
1989,西红柿鸡蛋汤,5
1989,鱼香肉丝,5
1989,辣子鸡,1
1990,宫保鸡丁,3
1990,酸菜鱼,2
1990,干煸豆角,1
1990,鱼香肉丝,1
1990,辣子鸡,3
1990,冬瓜排骨汤,2
1990,西红柿鸡蛋汤,1
1990,白切鸡,5
1990,京酱肉丝,3
1990,烧茄子,1
1990,水煮鱼,5
1990,干锅菜花,2
1990,回锅肉,5
1990,紫菜蛋花汤,4
1990,木耳炒肉,3
1990,葱爆羊肉,3
1990,地三鲜,5
1990,番茄炒蛋,1
1990,蚝油生菜,4
1990,青椒土豆丝,5
1990,手撕包菜,4
1990,土豆烧牛肉,2
1990,韭菜炒鸡蛋,3
1990,麻婆豆腐,3
1990,红烧排骨,1
1990,糖醋里脊,3
1990,红烧肉,3
1990,酸辣土豆丝,1
1991,西红柿鸡蛋汤,4
1991,水煮鱼,5
1991,白切鸡,4
1991,宫保鸡丁,1
1991,红烧排骨,4
1991,糖醋里脊,1
1991,干锅菜花,4
1991,地三鲜,5
1991,酸辣土豆丝,3
1991,干煸豆角,1
1991,鱼香肉丝,2
1992,地三鲜,1
1992,木耳炒肉,3
1992,水煮鱼,4
1992,番茄炒蛋,5
1992,土豆烧牛肉,3
1992,回锅肉,5
1992,蚝油生菜,1
1992,糖醋里脊,4
1992,京酱肉丝,1
1992,白切鸡,5
1992,酸菜鱼,2
1992,紫菜蛋花汤,4
1992,红烧排骨,4
1992,西红柿鸡蛋汤,1
1992,香菇青菜,1
1992,青椒土豆丝,1
1992,酸辣土豆丝,2
1992,鱼香肉丝,2
1992,葱爆羊肉,3
1992,韭菜炒鸡蛋,1
1992,辣子鸡,2
1992,麻婆豆腐,1
1992,手撕包菜,5
1992,冬瓜排骨汤,3
1992,红烧肉,3
1993,韭菜炒鸡蛋,5
1993,手撕包菜,5
1993,京酱肉丝,3
1993,红烧排骨,5
1993,水煮鱼,1
1993,酸菜鱼,2
1993,香菇青菜,5
1993,糖醋里脊,4
1993,回锅肉,5
1993,白切鸡,4
1993,干煸豆角,1
1993,紫菜蛋花汤,1
1993,土豆烧牛肉,5
1993,地三鲜,5
1993,葱爆羊肉,1
1993,蚝油生菜,1
1993,干锅菜花,1
1993,青椒土豆丝,2
1993,番茄炒蛋,2
1994,香菇青菜,2
1994,白切鸡,2
1994,酸菜鱼,5
1994,干煸豆角,4
1994,番茄炒蛋,5
1994,糖醋里脊,1
1994,手撕包菜,5
1994,水煮鱼,1
1994,回锅肉,2
1994,青椒土豆丝,2
1994,蚝油生菜,2
1994,木耳炒肉,1
1994,麻婆豆腐,5
1994,干锅菜花,2
1994,鱼香肉丝,2
1994,冬瓜排骨汤,1
1994,烧茄子,3
1994,京酱肉丝,3
1994,宫保鸡丁,5
1994,土豆烧牛肉,3
1994,葱爆羊肉,2
1994,红烧排骨,3
1994,辣子鸡,1
1994,酸辣土豆丝,5
1994,红烧肉,4
1994,韭菜炒鸡蛋,5
1995,西红柿鸡蛋汤,1
1995,手撕包菜,4
1995,土豆烧牛肉,1
1995,水煮鱼,1
1995,葱爆羊肉,5
1995,回锅肉,2
1995,红烧排骨,1
1995,地三鲜,2
1995,香菇青菜,4
1995,木耳炒肉,4
1995,宫保鸡丁,3
1995,辣子鸡,2
1995,红烧肉,3
1995,酸菜鱼,1
1995,鱼香肉丝,2
1995,干煸豆角,1
1995,韭菜炒鸡蛋,3
1995,京酱肉丝,4
1995,蒜蓉西兰花,5
1995,麻婆豆腐,2
1995,紫菜蛋花汤,3
1995,冬瓜排骨汤,1
1995,蚝油生菜,4
1995,白切鸡,2
1995,青椒土豆丝,2
1996,紫菜蛋花汤,2
1996,地三鲜,1
1996,蒜蓉西兰花,1
1996,水煮鱼,3
1996,青椒土豆丝,2
1996,葱爆羊肉,5
1996,冬瓜排骨汤,4
1996,番茄炒蛋,5
1997,土豆烧牛肉,5
1997,地三鲜,2
1997,辣子鸡,1
1997,京酱肉丝,2
1997,番茄炒蛋,3
1997,麻婆豆腐,1
1997,手撕包菜,4
1997,木耳炒肉,4
1997,干锅菜花,4
1997,鱼香肉丝,3
1997,宫保鸡丁,3
1997,葱爆羊肉,2
1997,蚝油生菜,4
1997,白切鸡,2
1998,红烧排骨,5
1998,红烧肉,5
1998,水煮鱼,5
1998,手撕包菜,3
1998,韭菜炒鸡蛋,3
1998,青椒土豆丝,3
1998,酸辣土豆丝,5
1998,酸菜鱼,3
1998,宫保鸡丁,5
1998,烧茄子,4
1998,冬瓜排骨汤,2
1998,白切鸡,3
1998,木耳炒肉,3
1998,回锅肉,4
1998,蒜蓉西兰花,2
1998,干锅菜花,1
1998,辣子鸡,3
1998,糖醋里脊,4
1998,香菇青菜,3
1998,葱爆羊肉,3
1998,番茄炒蛋,2
1998,鱼香肉丝,1
1998,麻婆豆腐,4
1998,京酱肉丝,3
1998,西红柿鸡蛋汤,4
1998,地三鲜,2
1998,土豆烧牛肉,5
1999,红烧排骨,3
1999,鱼香肉丝,3
1999,回锅肉,4
1999,木耳炒肉,3
1999,京酱肉丝,4
1999,酸菜鱼,3
1999,水煮鱼,5
1999,辣子鸡,1
1999,韭菜炒鸡蛋,3
2000,酸菜鱼,1
2000,番茄炒蛋,2
2000,紫菜蛋花汤,5
2000,红烧肉,1
2000,韭菜炒鸡蛋,2
2000,蒜蓉西兰花,4
2000,手撕包菜,5
2000,土豆烧牛肉,5
2000,干煸豆角,4
2000,京酱肉丝,3
2000,辣子鸡,3
2000,烧茄子,5
2000,冬瓜排骨汤,2
2000,鱼香肉丝,5
2000,青椒土豆丝,2
2000,干锅菜花,4
2000,酸辣土豆丝,4
2000,木耳炒肉,4
2000,水煮鱼,2
2000,宫保鸡丁,4
2000,香菇青菜,1
2000,回锅肉,3
2000,红烧排骨,3
2000,蚝油生菜,2
